cookie_id,score
ck_315fb710a0e371e7,0.07262171521694846
ck_a76ee3b3e3e522fd,0.7650234263597474
ck_94c9a4d382689e82,0.6028722754125077
ck_8eaf9509ad9462a0,0.051334283968221636
ck_9a88a5a989cb5bc6,0.8882664493786923
ck_15239ef0689c1a35,0.8459971480953351
ck_8de69cd219d3b87f,0.9441841515583622
ck_f92cd37022b0ce21,0.6611326135669179
ck_1a3ff7620580a514,0.5509268690160929
ck_397c03aa33a57310,0.7994499898146262
ck_a7cf6c3b322f6b7a,0.059482583010796494
ck_c39a9e75760e3201,0.11509472397636994
ck_88ab6d245228c38e,0.11631696883275616
ck_17733f75ebdea93e,0.2717457730698717
ck_58eb871e8d7bed52,0.6302709309431657
ck_e55b7fa67db1ec27,0.11254838052556529
ck_62f5cfe22c952694,0.4491749847219393
ck_7fbb709a0fe95759,0.4147993481360766
ck_87abe9cd066a20fb,0.70177225504176
ck_d58e058b5c553dd5,0.46944387859034425
ck_d27b872648b71202,0.184762680790385
ck_4b4a3c5b95c55b43,0.05133428396822163
ck_66dd4f4b4127256d,0.10704827867182726
ck_93cc12703b500613,0.7831533917294765
ck_d28806a2179092eb,0.9871664290079446
ck_0595c2a0c7881e05,0.638724791199837
ck_50087d8666191144,0.9177021796699938
ck_b08b3f089138c901,0.5226624567121614
ck_fe3b67041dad2dd1,0.25249541658178853
ck_8449a28f7d475d93,0.8675901405581585
ck_8642e3b6d84f49d3,0.6627622733754329
ck_e49b5e4f2f2e79db,0.916683642289672
ck_437afe412ea4259c,0.5905479731106131
ck_569b83668d74042d,0.9447952739865553
ck_233a487d31c3e631,0.9871664290079446
ck_1fca72e03143a645,0.9687309024241189
ck_79205e31223df2ad,0.4705642697086983
ck_9625a64406ea16e3,0.11916887349765735
ck_079bd18dacb704a8,0.8308209411285394
ck_4db6d4fd2b49aa81,0.6723365247504584
ck_0dbefdac0a1868fb,0.33632104298227744
ck_24ff97ad90bdd69a,0.5656956610307599
ck_77f8c5042065d506,0.38561825218985535
ck_f11be8ce05382cec,0.27164391933183946
ck_c9d72140b0389216,0.5091668364228967
ck_69eda24e931fb36a,0.05500101853738032
ck_ed471e496916ee15,0.25106946424933796
ck_ff090498c4b17ac3,0.5539824811570585
ck_c3c19d6a0720915c,0.12915053982481156
ck_af02e1817cfa40b5,0.5912609492768385
ck_2df5a9fc87553eb1,0.4494805459360358
ck_4ac918e884cff336,0.6707068649419434
ck_ca149244b54ef3ad,0.0845386025667142
ck_6babe5b8674ff51f,0.763190059075168
ck_1573878386886290,0.44438785903442657
ck_3925f8565abb7fe4,0.24689346099001833
ck_c4de808ae69c771f,0.15176206966795683
ck_a777c813551281fe,0.5067223467101243
ck_df4424f6dd85080d,0.6242106335302506
ck_85e5494ec20383ae,0.5713994703605623
ck_f71a4094e889c3af,0.28335709920554086
ck_f2f3cf9cd23b2809,0.7597270319820737
ck_18e2076397bcc211,0.553778773680994
ck_c9f9fddef39bc664,0.7627826441230394
ck_7e826e233d6ea028,0.8995722143002649
ck_62fd7eb46bee9210,0.4448971277245875
ck_206f8e3cd72768f3,0.6289468323487473
ck_aa295a11b0a6ab36,0.1646974943980444
ck_9a56739d81f84a53,0.020676308820533715
ck_aa075c418ed9fe5a,0.3806274190262783
ck_62b9fb3db284941b,0.2742921165206763
ck_f4f83b1403ebea46,0.6028722754125075
ck_16b66bd803288bc3,0.9542676716235485
ck_c4ca1434f3778f1d,0.9948054593603586
ck_1b823610371a29c0,0.37013648400896315
ck_c2bd5a722aa637d9,0.28437563658586273
ck_7890208951df34f0,0.45019352210226116
ck_020eb0e454524ecd,0.17172540232226524
ck_3b66196ccf436c35,0.44408229782033
ck_109fc467ec0a4af5,0.8395803625993075
ck_f3dcd818db92de7b,0.5117131798737014
ck_31e7742f160980ef,0.7162354858423303
ck_77fce5f86f00b8f4,0.9048686086779385
ck_46bc797b4d07d607,0.26257893664697496
ck_37899b1b571b1c6b,0.5664086371969852
ck_ef8a6af43fedd464,0.247810144632308
ck_bcc8519fe8521038,0.8423304135261764
ck_90696b7182dd9129,0.21888368303116726
ck_4a24ad61d017e1ba,0.8510898349969445
ck_0acc3d8c67218b9d,0.1919942961906702
ck_05c97fc9de11aba6,0.9226930128335711
ck_f8ac3a0500c0ec62,0.4104705642697087
ck_617b65141f546a1c,0.1274190262782644
ck_9d00823bf60388d7,0.5947239763699328
ck_123c15d93f1840f2,0.8572010592788755
ck_573feefba6bf78bb,0.7526991240578529
ck_b25657bd16739036,0.3668771643919332
ck_bd26d2bef14a8597,0.7413933591362803
ck_a553418f2fba1440,0.6473823589325728
ck_89f3e380b0686963,0.1646974943980444
ck_b359192aa659bdce,0.8544510083520065
ck_02241f3dc301bebf,0.2551436137706254
ck_5ccc1a1c78cb33ee,0.6096964758606641
ck_349cc5edda1b8853,0.6350580566306783
ck_e9f228845bf6e28b,0.7545324913424323
ck_0a45d033d4e280ea,0.6309839071093909
ck_7e63168dda612235,0.6155021389284987
ck_676fa5f6aae5475b,0.24679160725198612
ck_74b502b20690ccfe,0.528519046649012
ck_073509af21dd7f5f,0.946832348747199
ck_498a0acd450944d8,0.10083520065186391
ck_7f15b50b29dead01,0.5015278060704828
ck_8089fe7403c5f537,0.17452638011815036
ck_05b2b04e11d9ae9c,0.3959054797311061
ck_31e70f2f04b48b88,0.05988999796292524
ck_994316fa5a02b319,0.23120798533306172
ck_b76510998b9a2260,0.2903850071297617
ck_4db95c310e105d30,0.10541861886331229
ck_6f730b77dc6cdb84,0.37655326950499085
ck_2493ee8e7b91d304,0.39885923813403956
ck_92d679d6ac7dcdcb,0.7164391933183948
ck_3a0e0200cbb185cb,0.45202688938684055
ck_0b2eeb4e00ff7955,0.5322876349562029
ck_9843d0e61c37ebe8,0.9925646771236505
ck_e61c8721e3ef1921,0.09849256467712365
ck_2e0eedaaf2980c2c,0.27958851089834996
ck_9036b2e5e9298a34,0.23344876756976982
ck_3265442528d51728,0.46312894683234873
ck_f2ddae2eb1cb29b4,0.27093094316561417
ck_6cfa71d27fc27f92,0.3072927276431045
ck_f3199fbe84a28b9a,0.1747810144632308
ck_b78d785ca3ef773a,0.14972499490731309
ck_374865697f1480eb,0.5080464453045427
ck_06d0e4a9189302a9,0.7098187003463027
ck_9c9884b9bcaa552e,0.8563862293746181
ck_fd4cf578e87703ff,0.5792422081890405
ck_1917ef3e6e345549,0.7811163169688328
ck_e70418b00cbbbac9,0.767569769810552
ck_a60388296a47062c,0.5402322265227134
ck_d598fe8d2c779ab9,0.3243023018944795
ck_646dc03de4c31803,0.9600733346913832
ck_e4fd8cbd842b6993,0.3259319617029945
ck_2225b555aa2a42ed,0.6169280912609493
ck_6be8ae9d78148882,0.2778569973518028
ck_4199342d3aca74e8,0.7516805866775311
ck_779581adb573261f,0.6026685679364432
ck_bb303568b6915205,0.8827663475249542
ck_17c4296276448afe,0.13373395803625993
ck_a60a61ac829252a0,0.1344469342024852
ck_6ea70950c1cae00b,0.9503972295783256
ck_1abb93f6924645e1,0.5578529232022815
ck_faab769cce19879a,0.4096557343654512
ck_d5b8e74e7ca6355a,0.640863719698513
ck_f11f7691af16ad07,0.14127113465064167
ck_188fdf2be7c92e9d,0.9933795070279079
ck_4a103f8254b366f7,0.40150743532287636
ck_bfa17a0b1760e616,0.14188225707883478
ck_a4d7f6a5869d440a,0.9550825015278062
ck_58e20f5a3e7f11b8,0.9159706661234468
ck_4becdd3d2696c7ba,0.18089223874516194
ck_dad5cf32ab9f243f,0.4472397636993278
ck_7d9f73dc7c4f90c3,0.7898757384396007
ck_c19371047a2d011d,0.11947443471175392
ck_247589ff532f7aa8,0.41821144836015484
ck_7a9f241d5f082567,0.4291097983295987
ck_0a2b7078736b4dda,0.35414544713790996
ck_687b412e2aac7eb6,0.515889183133021
ck_fce0b6855886a0b8,0.4257486249745366
ck_e291cc60920456d0,0.777958851089835
ck_04219a7ea798db51,0.8369321654104706
ck_286bfd719836e9f3,0.7810144632308005
ck_55efc92394fee232,0.5605011203911183
ck_e36c8da1bd359960,0.7786718272560602
ck_34b0988a97d96902,0.6155021389284987
ck_e0fb11fc9dcb34e6,0.23181910776125483
ck_bcc9cbc9ed8b7c31,0.39896109187207174
ck_3df8da6f60a89a5b,0.6501324098594419
ck_b1495ee5c59a6b28,0.4744347117539214
ck_58f4c3ac61fda129,0.6596048074964351
ck_735f244b99e3aa8d,0.21521694846200856
ck_6b93bd8abf87b1d6,0.9581381136687717
ck_12107dacc6d05bd1,0.12803014870645754
ck_f96db2a1f3448d1f,0.6673456915868812
ck_8fd91a3c99e19097,0.9302301894479528
ck_910205d25388a0ae,0.3150336117335506
ck_d229dfa0e4442628,0.03890812792829497
ck_7cdec61e1c488798,0.9320635567325322
ck_f66f06e24ff32671,0.36076594011000207
ck_350bf14e90b503f5,0.4998981462619678
ck_61fff5fdaadd394b,0.4234059889997963
ck_e934f984bad2ff91,0.9784070075371767
ck_ff6a6d3547dd2d37,0.43664697494398047
ck_65ad9b15979e3247,0.6520676308820534
ck_bbe1a2ea5a403ad8,0.9478508861275209
ck_6f3a28eecd2c4031,0.7550417600325932
ck_a89b66665714058f,0.4970462415970666
ck_918c92182b6817cd,0.44530454267671626
ck_64f5eb4be9e7b8fa,0.9037482175595845
ck_d021fd497ea35fb2,0.297718476268079
ck_004de16f7d8a42ae,0.37492360969647587
ck_a33d2325f86ab12d,0.20798533306172334
ck_89790ff26c844bc6,0.8203300061112242
ck_e6e7257377c37b28,0.7542269301283357
ck_a2cc3910a641a808,0.8950906498268487
ck_646e270e0195bf05,0.3986555306579751
ck_baba5d66def0d770,0.8645345284171929
ck_67cdcdda3033842d,0.33265430841311877
ck_b5c3075c811a2216,0.5338154410266857
ck_515379973a8044b8,0.1325117131798737
ck_c0ce85fb4109567d,0.7799959258504787
ck_fef850553862aaca,0.41861886331228354
ck_55d7217b0aff9fa2,0.16449378692198005
ck_8e139f8925ef7968,0.3361173355062131
ck_9e35b908fca1e4d7,0.10470564269708699
ck_59735f4ab2ad3da5,0.44031370951313914
ck_dc569c1167ccec0d,0.9367488286820126
ck_1dade5592f90a15c,0.5533713587288653
ck_793048d11fb8b328,0.8831737624770829
ck_545b71eb4fa594b5,0.32725606029741294
ck_bd30853e9a57b544,0.5096761051130576
ck_59f46321ecf6d306,0.5440008148299043
ck_260cfe9141d249f1,0.8938684049704624
ck_3365a0ad1a8aa83c,0.22876349562028928
ck_b0ef193195a2138b,0.21786514565084536
ck_0f909705e2e60f2f,0.06498268486453453
ck_5a540b75c866166a,0.4986759014055816
ck_87c26b2f41025109,0.9838052556528825
ck_27acc9f320cda104,0.9006926054186188
ck_a27bc31eecd9cb9a,0.6221226319005908
ck_115d86fabde77b65,0.0902424118965166
ck_eeca179341d56f8a,0.9502953758402933
ck_8e5999c436cf037e,0.0060093705438989614
ck_510e7c5df1f95d90,0.9849256467712365
ck_f1acf73363925958,0.5204726013444694
ck_3c177f5970b68bd3,0.2206661234467305
ck_9cdfaa1c30cc9d32,0.05408433489509065
ck_c8efa1538b37c359,0.34823793033204314
ck_a8a2e296f9804bd7,0.7805051945406396
ck_91a0ca45f429568d,0.7378284783051539
ck_5fdf8a0bdbd3ed62,0.37543287838663675
ck_0f4e2ec66d50da5f,0.508759421470768
ck_28c53b214b2ee882,0.8807292727643105
ck_003148504557f720,0.5259727031982073
ck_01d840cffb870615,0.7951721328172744
ck_555848d51f4b5f35,0.38500712976166224
ck_df20cc23b8fb8e22,0.5823996740680384
ck_f9604adde929beff,0.2258097372173559
ck_d66952b03591bdec,0.26930128335709924
ck_ddcac1ab765ff61a,0.3188022000407415
ck_347386629d96c664,0.5281116316968832
ck_ab01db9117acfe3d,0.5712976166225301
ck_58e5359efc52e0ad,0.3697290690568344
ck_1a524b5cc8da71b3,0.43247097168466087
ck_e9287b6d909d731f,0.23528213485434915
ck_bb41a66e3d90263b,0.7891627622733755
ck_e95c8cc1864bd584,0.17635974740272967
ck_7a3f2961e9a8b6dc,0.604196374006926
ck_378a9df82b1e0bee,0.8997759217763293
ck_42633573639a3f02,0.9842126706050112
ck_2a5a4c18c2c7274b,0.6912813200244449
ck_77549c1a41f837c3,0.46659197392544305
ck_a26704b5b26258b7,0.6582807089020166
ck_9874ad160efddf50,0.7865145650845387
ck_9111e3a04b14dfba,0.7991444286005296
ck_651e076ee43aea85,0.26105113057649215
ck_391639c0f13932f3,0.059584436748828684
ck_02dbabda93c8c13d,0.5447137909961295
ck_0adcb1fffcb0a34b,0.7566714198411082
ck_7a43ef9c7b1c67b5,0.21521694846200856
ck_4b9dd69946438d0b,0.601955591770218
ck_90bf017cdd37b66e,0.8040334080260745
ck_61c74163eb36556e,0.42411896516602154
ck_13376c59b5bd6943,0.07705235282134854
ck_62337eccb1672737,0.39091464656752906
ck_16077934338472bf,0.11927072723568954
ck_0d4dfd93086e7330,0.25117131798737014
ck_3865b7525b910893,0.32053371358728866
ck_7e2ae8b69ebd5675,0.4366469749439804
ck_b4384b6c11766ce7,0.19596659197392546
ck_3d7fa32dfb9fc692,0.714300264819719
ck_f4a6a7cadd6e0603,0.6399470360562233
ck_212525e2828a6c45,0.6028722754125077
ck_33ad8d53394ba77a,0.9497861071501323
ck_a5051eafe8b51224,0.23385618252189855
ck_f65e5ff7da565f91,0.09879812589122021
ck_5c37f7563fa7591d,0.6218170706864942
ck_f1e0a006068aff29,0.3815441026685679
ck_c646cdead6fb79d0,0.5500101853738032
ck_f8b3cdffef535330,0.84762680790385
ck_e5cdbe3aa12c97f6,0.5495009166836423
ck_986e4e61440506d0,0.9344061927072723
ck_6da9c5912e15d9a8,0.29405174169892034
ck_51d842e6dae74c71,0.2729680179262579
ck_5fc65c24e0736d5d,0.9787125687512732
ck_babb95a76c69509d,0.5819922591159095
ck_86a2d852a9715432,0.8302098187003463
ck_db4083a0d043def8,0.8916276227337543
ck_96953b8945b7d403,0.6488083112650234
ck_7831ca5c31fb3859,0.8192096149928703
ck_60ac5e5f375daa38,0.19790181299653697
ck_05d44eb1f5f085ce,0.4672030963536362
ck_432cc19c7eeaa46e,0.3988592381340395
ck_7fc513033af061af,0.7563658586270117
ck_ada6ede84c111719,0.24658789977592177
ck_6343e0d3b1c2962b,0.6380118150336118
ck_010264ae04f2e902,0.6151965777144022
ck_e9dcf535f8c289eb,0.7393562843756366
ck_37143d9cc296e6fa,0.8645345284171929
ck_61fa051192f3e810,0.6340395192503565
ck_f9f93d1d41be1468,0.9575269912405786
ck_c4f4f28457be8a74,0.03697290690568344
ck_323a71f9452d21cb,0.9517213281727439
ck_170f4688e0acd875,0.8325524546750865
ck_869b1878d09d230d,0.8737013648400895
ck_2f6b33bf46976229,0.33774699531472807
ck_b11e22e75d9b99de,0.1353636178447749
ck_123d75ffb75b606d,0.3315339172947647
ck_94295287a04c85d2,0.9548787940517417
ck_1b0434f096795328,0.10236300672234672
ck_0a4e191cd0a57ce1,0.20930943165614177
ck_d2fbd0df99634676,0.764819718883683
ck_d51df5e9fbbbcc94,0.45986962721531877
ck_2d3d7d64a6f443f8,0.6434100631493176
ck_731943c682c9394e,0.24271745773069872
ck_5ccc0c94e5e1f849,0.309737217355877
ck_c3476080516db25d,0.6047056426970869
ck_5010ffb1c94187b5,0.11733550621307802
ck_7ef666d67bc70223,0.7083927480138521
ck_c1b493527224a27a,0.06488083112650235
ck_5d1e25d7acc5af9a,0.6047056426970869
ck_ec30b61cbf517db8,0.16591973925443065
ck_79323eb5d2e5efae,0.3849052760236301
ck_4085cd3bf2661518,0.530148706457527
ck_2ca91214c357c072,0.8113668771643919
ck_7f3132d6be389657,0.7770421674475454
ck_e7a6b925c8f39a85,0.6127520880016297
ck_c886adec7bac250a,0.7994499898146262
ck_c3f360c2d0ea0a37,0.47097168466082706
ck_a7acd5b015823793,0.46486046037889595
ck_9d64187c0800f84e,0.7907924220818904
ck_5d4ed73b9efd7d11,0.4253412100224078
ck_874eca6776b34dec,0.19454063964147483
ck_96a9221a87be93c3,0.5209818700346303
ck_68dd79a51eabf5e6,0.6294561010389081
ck_8311cb6755b2016c,0.22906905683438583
ck_16fc77b2bcf5ec03,0.9748421267060501
ck_ad9e2088a33c8c72,0.05846404563047464
ck_7176bbc97b1e42a1,0.08219596659197392
ck_80dfa54b30f65fff,0.959971480953351
ck_31c54d540b128843,0.25249541658178853
ck_43ea894480567274,0.4586473823589326
ck_9c9e8a38bd5a6c88,0.638724791199837
ck_1c2dcae19539e148,0.5244448971277246
ck_b0fa8b84e94d8ae0,0.46954573232837643
ck_4ceb43ccd0a81c2f,0.3316357710327969
ck_ba845332b730b596,0.1489101650030556
ck_73d3e8c6077f61e6,0.8600529639437767
ck_b5d0d223ef56473f,0.6016500305561214
ck_949f08f8e80e93ea,0.08464045630474638
ck_73de0b49709e5f8c,0.151863923405989
ck_b5935e9722a39819,0.7124668975351396
ck_96247fee0eb44420,0.23029130169077205
ck_a6def1e4b2d57e0d,0.6837441434100632
ck_aecdc5a96321a2d8,0.6625585658993685
ck_bc61c59970f8de49,0.6259930739458138
ck_c43b4175fc9ac5bd,0.9477490323894887
ck_8ff7a9b23a55fd62,0.6535954369525362
ck_20c99b645f462449,0.17437359951110207
ck_a5ce2ae36fb410d9,0.09757588103483397
ck_96fb9bf556842bbc,0.3764514157669586
ck_b5e4c6dbbed1b773,0.30423711550213894
ck_2085433978e72ea9,0.7243837848849053
ck_2c6b174b063ec637,0.43359136280301486
ck_b20b81b88dabe28d,0.29659808514972497
ck_243c18dbf150831c,0.41821144836015484
ck_2bb6a17e8eee35cc,0.7482175595844367
ck_66147fb994495396,0.8044408229782033
ck_73f124f075ede0fc,0.32328376451415763
ck_2e315f1b1e533dab,0.12497453656549196
ck_16c7bf94ed3e7a6f,0.03238948869423508
ck_4a0eae220a762ac5,0.7983295986962722
ck_dc16f939c2f44ad8,0.8171725402322265
ck_817926b449754917,0.5970666123446731
ck_0c0dde42ab64ef87,0.3806274190262783
ck_cb3a40594da6a2ee,0.6755958443674883
ck_d0dc156441fcfdcb,0.3933591362803015
ck_66f0945add423e9e,0.3511916887349766
ck_a74f6a3030f5d495,0.46180484823793033
ck_1ae460f331e49ae2,0.5399266653086168
ck_2d177b2f4f0b40c9,0.9052760236300672
ck_92e474e4368c4791,0.42452638011815036
ck_3dee83fa2d109484,0.3769606844571196
ck_80e5ea27848069fe,0.27836626604196374
ck_ed0c4a83701ca230,0.3498675901405581
ck_0b8b7c5c581fd161,0.10908535343247097
ck_60bf8a2870956fb1,0.6568547565695662
ck_73a54b56a2bf35fe,0.9498879608881646
ck_2296d7a563424883,0.6078631085760847
ck_bc19c383560c7477,0.4662864127113465
ck_861d8e3d88f1079e,0.6572621715216949
ck_3f090fc96c24eb28,0.027500509268690163
ck_9a6a1f8102febfca,0.5234263597474027
ck_541b6ad5d2fa5a39,0.4349154613974333
ck_a760d38d1bc4de97,0.28855163984518234
ck_7dca4d7ee10b4eeb,0.1325117131798737
ck_15220e78d1545e40,0.30423711550213894
ck_ca24bb0de508efb0,0.3402933387655327
ck_56b389627d8f02c5,0.9224893053575066
ck_48a6754977a44db0,0.29944998981462617
ck_333a43ec339a04cb,0.8096353636178448
ck_f22aacaf86a65d7e,0.8086168262375228
ck_04bd8a1ffaf3ffd8,0.08372377266245672
ck_2737a72de6b700f3,0.7513750254634345
ck_c35e03b0dd0c3454,0.19525361580770015
ck_e0571312f395cd94,0.23192096149928704
ck_09fab6b9825001b2,0.12140965573436545
ck_18c3a095606209e8,0.5635567325320839
ck_2a97db9377d01e36,0.5634548787940518
ck_f29dbbfdd2786bd1,0.6511509472397636
ck_35d6c510ad29362e,0.9657771440211855
ck_5468fa99c945d785,0.5621307801996334
ck_6f8102f62c876cc9,0.7184762680790385
ck_91955aab3424ad16,0.2069667956814015
ck_9a43c0c73a39d759,0.44387859034426563
ck_60b023af6d1e30bf,0.9571195762884498
ck_9704c5cf8659cedc,0.4916479934813608
ck_7e5f02b51b9f78bf,0.6794662864127113
ck_7d3a88d1aa649708,0.9321654104705643
ck_8250eddc1ecb07a0,0.37563658586270116
ck_d979ef95ee44023d,0.3602566714198411
ck_5e5461dac83531ac,0.6576695864738236
ck_d1bb8890081e0a31,0.8431452434304338
ck_32246c62640648d9,0.1103075982888572
ck_77a40c7d2f862a32,0.7548380525565288
ck_1c8b94efe9238f5b,0.1368914239152577
ck_eaf3b6d11bc3cb11,0.1882257078834793
ck_a4a7ef3ad799c380,0.48248115705846406
ck_d5bd8f68da073cd8,0.27103279690364634
ck_6e6258227fc8db7f,0.3280708902016704
ck_c35d444e05799db6,0.347015685475657
ck_74665e1209140ae8,0.6316968832756162
ck_353a272478f7e903,0.20635567325320842
ck_a2c9796ea229a4e2,0.23090242411896517
ck_e0171f91cb3411fe,0.23518028111631695
ck_703499f5410280f7,0.14188225707883478
ck_ae3a763997f8f385,0.7073742106335302
ck_f7ff94c3df5ac874,0.48024037482175597
ck_f3c16d8f747db046,0.6620492972092076
ck_7ef019ed77276496,0.27683845997148093
ck_d6a4faadab58a3de,0.22845793440619272
ck_ba7b78d31d74c794,0.6691790588714606
ck_36287d063350ce9d,0.10684457119576288
ck_5177fc7137ff26ce,0.11509472397636993
ck_dfd4e79aaa967b63,0.5240374821755958
ck_fb44d15fb93a7157,0.7411896516602159
ck_fca478361870a4ca,0.3957017722550417
ck_e57b94fe57341058,0.18669790181299653
ck_5448c946cc4758fe,0.6313913220615197
ck_c5ece5ffb8800ad4,0.5584640456304747
ck_11cb98211b2ed134,0.9569158688123853
ck_f655399ac75c4450,0.6894479527398656
ck_c817259019588d30,0.5251578732939499
ck_8740a14d8096c6e1,0.4353738032185781
ck_0c5ba86f4e05b38d,0.47616622530046854
ck_ccc917533d4b73d4,0.18435526583825626
ck_9eb80edfa43203de,0.2342635974740273
ck_d1a1cf4cf61d6801,0.4504990833163577
ck_b17c239f160e6017,0.5333061723365247
ck_410c3e13b48e0415,0.4318598492564677
ck_ab553954435e8854,0.9403137095131391
ck_bdbb4230c91e1604,0.4412303931554288
ck_8fd4937eadd64fb6,0.2762273375432878
ck_e0e90b196bef3c11,0.0458341821144836
ck_3dc4d464386f0eb2,0.745060093705439
ck_51bbbf8f8e8ad005,0.9926665308616827
ck_c05737ab74cf03c6,0.9444897127724587
ck_dceabbe04d99afc2,0.2706253819515176
ck_5b86fd14e85bc9c7,0.9498879608881645
ck_d4febf0083800424,0.6168262375229171
ck_77d9f86dcf251739,0.4664901201874109
ck_b4dcebc543deaafb,0.5412507639030353
ck_cb856e75c949b0cc,0.10969647586066408
ck_61b067de8ffc1ca1,0.6673456915868812
ck_c0e8560ccfd9dd9d,0.26252800977795887
ck_173e1198c341087b,0.40996129557954775
ck_b4d55bc809000276,0.32562640048889796
ck_839bf139296b5cea,0.934202485231208
ck_78cd402a2a4f2e35,0.11071501324098594
ck_c2925c50ebacbdba,0.24348136076594012
ck_5e3bc76eddbdb0a6,0.2506620492972092
ck_b7793edca26fc512,0.6849663882664494
ck_d79bdf04d6f31cd5,0.10338154410266857
ck_4b97d19ed946f503,0.7657364025259727
ck_37139b41c5370523,0.8099409248319414
ck_8c346eeefa9ce692,0.3145243430433897
ck_2ab7eddee2d8c49e,0.28254226930128334
ck_29da59ea3bffb9d8,0.7548380525565288
ck_c1d05ef0ec6e4be7,0.2607455693623956
ck_3882423b449f6291,0.9668975351395397
ck_5647030283171ed5,0.9493786921980036
ck_efbdcd9c181e72ca,0.18832756162151149
ck_192fdad892782daf,0.6870034630270931
ck_0bf2e13b9f2601ac,0.2327357914035445
ck_3d6046a533057795,0.1152984314524343
ck_279a1d3a3836e5cc,0.30902424118965166
ck_c375e929becde422,0.34212670605011203
ck_a59e90219939a1f0,0.2321246689753514
ck_4e9fba1ec54c3ff8,0.43073945813811365
ck_bcbd8588a13f5eef,0.2780607048278672
ck_5f9a7ff990341bdd,0.11112242819311469
ck_e0403d507519b7d2,0.6618455897331432
ck_c9490cb61aff5112,0.6526787533102465
ck_41dd44308e6a665a,0.8090242411896517
ck_76c23726cd7ca947,0.426563454878794
ck_9be551300209fa83,0.5643715624363415
ck_a98848eec6c9581e,0.760440008148299
ck_61176dafb33b2d8a,0.9467304950091668
ck_92de019e05971ce3,0.6006314931757996
ck_5d644224135d7c65,0.17366062334487675
ck_c767fc454fa215d0,0.14544713790996128
ck_5df85a8924e11f27,0.6629659808514973
ck_da2729307af06ed5,0.6232430230189447
ck_7c6b577174af7a78,0.5473619881849663
ck_893b8afbe11301e1,0.43562843756365854
ck_e06f6fed020ae014,0.37991444286005294
ck_386680372fb54857,0.3615807700142595
ck_7a7f3c4fe0c9d2ca,0.2830515379914443
ck_f908b527c4db422d,0.736300672234671
ck_ec2eee6a133e9a6f,0.7382358932572826
ck_d98934f9fe0b02b3,0.20513342839682217
ck_398a1ed77b0130e5,0.6100020370747606
ck_d960af7a55b892b1,0.5781218170706866
ck_4637e54a9f79e2e7,0.23599511102057447
ck_02b9f418524f6650,0.6369932776532898
ck_d4b23804cebb045d,0.280708902016704
ck_35b1939c48182a9a,0.5382970055001018
ck_2dcbb71e39d64305,0.6661234467304951
ck_47a884dec960ff2d,0.47983295986962726
ck_71fd8c346fde5cca,0.8024037482175596
ck_98e1992ac8e7d2de,0.5242411896516602
ck_ae7780327e210522,0.7266245671216134
ck_e6c584b4b1ad6d9d,0.23772662456712162
ck_344b2e326a6c3dcc,0.12650234263597473
ck_9aa899a5230b0963,0.5665104909350174
ck_e48d14d5b70ef5aa,0.5135465471582807
ck_59d380a0973b3951,0.4438785903442657
ck_11318f7c041a5ba9,0.3560806681605215
ck_7061786fe2f22f5a,0.3175799551843552
ck_e77529651c416cf7,0.4375636585862701
ck_7f79878197340435,0.3523120798533306
ck_b0a0fb0ee9ebf106,0.08718679975555103
ck_70c7679199776a90,0.6328172743939703
ck_b9facd2210daca5c,0.7526991240578529
ck_9949f53c155b8dde,0.777958851089835
ck_1c607e24f2c4397a,0.5003055612140965
ck_aefd1ce3ce093cbd,0.2106335302505602
ck_5a29b7018e43280c,0.06997351802811164
ck_69eb0b2ccfbe5f95,0.6391322061519658
ck_fe037765aa465c58,0.494499898146262
ck_5e512ef5362a3dd6,0.16510490935017316
ck_544a9e80b7fdc279,0.09553880627419027
ck_7825494e654d5695,0.5188429415359543
ck_f1f2c3c623553f0d,0.04023222652271338
ck_52730906e5b461eb,0.9247300875942147
ck_01e0689157fe9617,0.9161743735995111
ck_9da82e567074da9d,0.7901812996536972
ck_6a17384072f904c0,0.30601955591770214
ck_8d84d771a21942a7,0.21878182929313506
ck_39638880292782a7,0.7250967610511305
ck_7d51c86e0eec72ac,0.3664697494398044
ck_45f4c821c70d134f,0.9110816866979018
ck_0af3c13ba56ce57c,0.14004888979425545
ck_0789a05e061b2784,0.8858219596659197
ck_6ba091eb42ffa9fb,0.7488286820126299
ck_265accb3c5c32620,0.8373395803625994
ck_179039559ff7566c,0.5930943165614178
ck_17c0a6a92b5765cf,0.2126706050112039
ck_59371c9140239fd7,0.23803218578121818
ck_f9c4f8b4ce2691f0,0.3313302098187003
ck_a2637e4872cf4811,0.9126094927683845
ck_1de43fd6c6c22a5f,0.8469138317376248
ck_6e4f31bd108571f0,0.05438989610918721
ck_da06d97db0b18851,0.01731513546547158
ck_e0346d5081e640e8,0.7045223059686291
ck_c1c7d4e62c9fcded,0.6571603177836627
ck_2595669e421299f6,0.6359747402729681
ck_3b6057d51fd4c7d6,0.2596251782440415
ck_c5f8ab515840a0fe,0.6666327154206559
ck_435cb24538c6f77c,0.580057038093298
ck_d84b5403da4cea7b,0.39101650030556123
ck_c2b61a98d1c8f6dd,0.9548787940517417
ck_c9dcd92b2f836b61,0.6121409655734366
ck_9eb5b3f5f672c2b1,0.10445100835200652
ck_e4cf189a8d31649a,0.22041148910165004
ck_6b114f2a48152b96,0.3040334080260746
ck_3fb95862b70f505c,0.6085760847423101
ck_7f780f465c29398e,0.3867386433082094
ck_ee387f9da79e67ea,0.8149317579955184
ck_fa3b1e85d27af2ee,0.6450397229578325
ck_e739eaaa7a1822f2,0.8403951925035649
ck_dfa0ac11fcb1dabd,0.1339376655123243
ck_6e8751b571ea54d1,0.4891016500305561
ck_2d695f8358383092,0.7407822367080872
ck_e7dce27edb700f27,0.5730291301690772
ck_e322da8b213eab52,0.08464045630474638
ck_d0b32e039abb8200,0.3862293746180485
ck_b354003302b272ca,0.3266958647382359
ck_f7485cba392bc294,0.9328783866367896
ck_d6a290ff8362c7b9,0.7262171521694847
ck_c56a44fe315c0389,0.35282134854349156
ck_f77dfe6512eae322,0.3955999185170096
ck_35fe969c58b9e70b,0.46873090242411897
ck_4c518637db2322d5,0.932063556732532
ck_cb61902798ecc4fd,0.5996129557954777
ck_56e6cfa32156a916,0.25117131798737014
ck_343e6ed2b9d35c01,0.38643308209411287
ck_51440f64f7250ad7,0.8182929313505806
ck_295bca29c34cfe2e,0.782949684253412
ck_dd30558576b45e7b,0.7021796699938888
ck_3a30132a57181fe3,0.7493379507027909
ck_4a733aeb833406f4,0.14514157669586475
ck_1b0b7c3d35ab1259,0.6218170706864942
ck_962c3bbf27cd4b80,0.8370340191485028
ck_9528e1d6b1707870,0.38276634752495414
ck_b3263e7f31aab45f,0.510389081279283
ck_e69195a3c885053d,0.13841922998574047
ck_a907fa8795cd4baf,0.20492972092075779
ck_205c3405045bd835,0.4907313098390711
ck_e81fc223bed3c46a,0.5411489101650031
ck_363751deae40edfb,0.7744958239967407
ck_6176baea8cbebbb6,0.6010389081279283
ck_633e6579f5c74a5c,0.9737217355876961
ck_ddc11fc481eef58d,0.6476879201466694
ck_e975002c979e12c7,0.5945202688938684
ck_8e039b23acaaac00,0.6608270523528214
ck_1d6990d94a4d2ad6,0.42544306376044
ck_e7b583acaa3171a2,0.3572010592788756
ck_c0133f60d39b2fb5,0.25626400488897944
ck_7d6bff85e7a694bc,0.10765940110002037
ck_d305b4d82f63f647,0.17885516398451823
ck_22bd0fc71f95e048,0.623344876756977
ck_9a65fcfc7916f93f,0.05581584844163781
ck_d61c837b0106085a,0.8070890201670402
ck_be86a1db08dea456,0.7804033408026074
ck_90489c405e6886d8,0.18099409248319415
ck_0add2c321d579d75,0.7682827459767774
ck_482dea6eed92cbbc,0.2327357914035445
ck_c24b47184534cc2c,0.9910368710531676
ck_fa04ac31e596e7d6,0.3344876756976981
ck_084322dc5a3a86f0,0.40700753717661436
ck_ccb72a33cc1877b7,0.7014666938276635
ck_afaf374009d3b248,0.4462212263190059
ck_b53084ffede19a8e,0.10175188429415359
ck_4760216154c8cac2,0.9562028926461601
ck_37ad3a65db673e70,0.27103279690364634
ck_0c2932cc0d553694,0.4026278264412304
ck_86b853c52f20fef5,0.3341821144836015
ck_38703b7546d35a80,0.6550213892849868
ck_218b7e6e6dbd2da0,0.15848441637808108
ck_402db4184982fdf5,0.4772866164188226
ck_f917c82af80e4a79,0.8668771643919332
ck_3c6417a233c68c73,0.7078834793236912
ck_98068c397d70dd3a,0.5337135872886535
ck_b1cbd6679c0f8d95,0.3809329802403748
ck_9e962f9bb0e7bac2,0.6570584640456305
ck_b08247c3ad567d92,0.957221430026482
ck_3ef7a03ebb81cfe3,0.08688123854145448
ck_5d7ae0e3562e99bf,0.6162151150947239
ck_c91a628236baf91b,0.8801181503361173
ck_7f8e816ca51755e3,0.956712161336321
ck_5aadd286d188f5c3,0.5601955591770218
ck_a037aff5f8128c73,0.44978610715013245
ck_5df6529ce8290906,0.31269097575881033
ck_5f3609511443e5a8,0.30861682623752296
ck_a6f61864fac3c8fb,0.6310857608474232
ck_2733fc6ba23ae46e,0.6116316968832756
ck_22bfb9246646eb41,0.967101242615604
ck_bfc2a57d8fd1610c,0.9327765328987574
ck_49839e761d0e74e9,0.29130169077205137
ck_aa4ba931dd37481d,0.06926054186188632
ck_2f9fa0d61829f815,0.7975147687920147
ck_5b82c774df10d49b,0.025768995722143
ck_411219470d0a195c,0.5122224485638622
ck_d07485ba10514a2d,0.8874516194744347
ck_219bef979ee21bdf,0.1245671216133632
ck_eb1006e7285184a6,0.8189040537787737
ck_fd242b18575e3063,0.752189855367692
ck_95188150ff059c70,0.5894275819922592
ck_a9ca2f447b984a6a,0.5063149317579956
ck_2dd39723c4088b64,0.22794866571603178
ck_aa2b4c662ff213b6,0.6252800977795885
ck_1867b1199c864db5,0.8489509064982685
ck_850ec97a5a0dab9a,0.6011407618659605
ck_562320295fa35875,0.2768893868404971
ck_bab5759b07fe2bea,0.07893664697494397
ck_b9f1465d803e57b2,0.855265838256264
ck_8f21f2690c32c691,0.6756976981055205
ck_df87d6f61a63eb21,0.34711753921368915
ck_770475876d0e7e6a,0.27867182725606027
ck_b4c014d5c0cc9eb2,0.39183133020981875
ck_3add4d23124c9290,0.21755958443674883
ck_bce5b7fecfb6264d,0.7979221837441435
ck_604c17cb97dc89be,0.6809940924831941
ck_e52cbcd9aafd26b2,0.46750865756773274
ck_0ac9114076f5bf3d,0.5379914442860053
ck_dcc125b178b79566,0.14605826033815442
ck_4e333c09f0c37dee,0.48747199022204113
ck_ff7e31ff8ba731e5,0.4402118557751069
ck_8d0532d24f1070d1,0.18873497657364025
ck_3689fa41748a6f6b,0.7396618455897331
ck_7509eb97c1948b16,0.1735078427378285
ck_a9161cf1ca22a6bf,0.3729883886738643
ck_bed3e3db135b782e,0.771949480545936
ck_9040edd974ef8e3f,0.9412303931554289
ck_fac32d76ed40f683,0.5867793848034223
ck_3d7b1078e2d57c69,0.1210022407822367
ck_dae09c4e074af5dd,0.4942961906701976
ck_fd84507228467b40,0.4881849663882665
ck_e2a2ce9b8cf44c63,0.5683438582195967
ck_cbe716f351d660d4,0.5386534935832146
ck_cba4162ef29a6d27,0.3358117742921165
ck_4f1e962ff8a29732,0.06661234467304951
ck_39a81899dded61e4,0.44479527398655533
ck_25382331551d22a5,0.6823181910776126
ck_6d64e1c07b19856e,0.28050519454063966
ck_165a868bdef28ad3,0.6657160317783664
ck_88774ae52e30e877,0.8536361784477491
ck_fc7a9d0643570053,0.28569973518028113
ck_c2017120b3b88a46,0.13821552250967611
ck_d115ac6b9fd62a7e,0.3789977592177633
ck_439cf7d51ec7de0f,0.6568547565695662
ck_2468a7e9e68a0927,0.47677734772866165
ck_7c418947124dee8f,0.5144632308005703
ck_fb0cf32c4a56f740,0.8733958036259931
ck_694eb6c43193afd4,0.7927276431045018
ck_993beb188dd4abb6,0.47453656549195355
ck_77fa39d3b733c226,0.9419433693216541
ck_49969a9abc47cb69,0.5944184151558363
ck_d3f44bbe2f7e9b2d,0.8014870645752699
ck_fcf5b8216d0c18ef,0.6150947239763699
ck_daefe1e2d2bc362d,0.2321246689753514
ck_9c9287cb28950eb6,0.4806477897738847
ck_c1d1a625b885a975,0.7018741087797922
ck_71b37fe47490b4ba,0.2293746180484824
ck_5d16e257c0635f7e,0.9337950702790793
ck_15918075563eb074,0.05265838256264005
ck_9a15fdefc47e8d11,0.47463841922998573
ck_6f04d047d1dde75e,0.09268690160928905
ck_1af2c0b3b8d202c1,0.4681197799959259
ck_174be2231c5fd2b6,0.16143817478101447
ck_bb0713a2a1d65982,0.5248523120798533
ck_0daec63bd5b0729d,0.5183336728457935
ck_c0b5cc3e8ad2ff44,0.33245060093705436
ck_35bee1fc12664644,0.8352006518639234
ck_a1c7cf63467df4c2,0.3253208392748014
ck_ecb1e15f0b185ceb,0.8344876756976981
ck_f280d31f54a4710a,0.7539213689142392
ck_30f4b2ee8abe1342,0.6762069667956814
ck_66bed631354de5b7,0.1317987370136484
ck_c2d3ecd7278eba2c,0.10796496231411692
ck_e901dec0e09eccbb,0.33367284579344064
ck_5d038ecb3c8748a3,0.06477897738847016
ck_283c5bea94b21e80,0.0866775310653901
ck_7956c251b85f009e,0.956712161336321
ck_9f5f81d771146aa1,0.12650234263597473
ck_9323e6fc1e168eda,0.9844163780810755
ck_10495d3a635b8d69,0.4969443878590344
ck_1982d571cd36eb0c,0.4220309635363618
ck_4f5d7985bcc2eda4,0.2334487675697698
ck_7df526b2b4410bb4,0.3997759217763292
ck_dbb498b1a346a402,0.09370543898961092
ck_ef059997563e3330,0.6694846200855571
ck_02ec4e06709e6b82,0.3243023018944795
ck_9782c86ba6485f88,0.1397433285801589
ck_d69de468b44143ca,0.21317987370136485
ck_6430a8792f400e0a,0.196272153188022
ck_8285bd3c90af94f6,0.4110816866979018
ck_985c9ca112000e9a,0.5995111020574455
ck_e679fbf4f4f4aa07,0.25422693012833575
ck_016e8c8eaf9d511b,0.6836422896720309
ck_bc996c523944644b,0.7579955184355265
ck_5b8315726f6204e0,0.5091668364228967
ck_78181f8e998e442f,0.1949480545936036
ck_71c68dfd011dbbbe,0.9507027907924221
ck_db32c95ce2b6f502,0.9641474842126706
ck_755010362a9b1bc4,0.3825626400488898
ck_114141d85256c9ff,0.12039111835404359
ck_9d1a5cf5a3b87e48,0.6353636178447749
ck_ab640420858ab5c4,0.7539213689142392
ck_97a8dac48dd62488,0.9020167040130374
ck_879cc3166fe1bada,0.1604196374006926
ck_b0ed11080076e381,0.2064575269912406
ck_7334a9ec656263b2,0.38490527602363006
ck_6494f0ef13ce44d9,0.5265838256264005
ck_724e459b9ece38f4,0.8221633733958036
ck_7fd8b1470401695f,0.9197392544306375
ck_292f81186358b0fa,0.6505398248115706
ck_fa7de64d37287615,0.5651863923405989
ck_d00e09e66ed6458b,0.40945202688938687
ck_b8d210e741be186e,0.24791199837034017
ck_3db59982cbae4410,0.5455286209003871
ck_69887d0a9aaca6df,0.08688123854145448
ck_4feb21e2fb0b3977,0.36035852515787326
ck_08c6cc1e143475e3,0.11937258097372173
ck_fe6e168cdbb46b9a,0.8048482379303321
ck_07f1734be7fac56a,0.6342432267264209
ck_d66d59981307db93,0.5282134854349154
ck_f928dba0d587d7c1,0.11112242819311469
ck_786448fe3004cbd0,0.3918313302098187
ck_29ea329fa40ace62,0.6016500305561214
ck_7ea52b6f27edcb73,0.8550621307801997
ck_18bc51bbf3ef198e,0.6071501324098594
ck_44950df09ff14ded,0.11906701975962516
ck_c1466b52c0a10b93,0.6957628844978612
ck_6cdac067cc4db5c5,0.6028213485434916
ck_53f55c6e8cf2d432,0.0966591973925443
ck_95945f48453ca532,0.6391322061519658
ck_87cce4126e215153,0.3844978610715013
ck_1ecd5516c92caa4f,0.21297616622530047
ck_819b482bca14c068,0.9416378081075576
ck_a61a879dd46fc9f2,0.5535750662049297
ck_af70aa32c009c3c9,0.6861886331228355
ck_f4fe78e249092ab1,0.4136280301487064
ck_12c46bc52bf45b36,0.46221226319005904
ck_f05f5e4b40afa52f,0.7433285801588918
ck_0f8cb09d3f4fc980,0.7534121002240782
ck_80a64a7f0275a71d,0.744448971277246
ck_683af7b1540a0b22,0.6068445711957628
ck_51fe0b613c076cbe,0.3003666734569158
ck_da1a2450219dcf19,0.7778569973518028
ck_2a7eba01ceba6c2c,0.7937461804848238
ck_4e329e29dfa743ea,0.8730902424118965
ck_0274d881d6db82c8,0.18944795273986556
ck_0af5b7d128035b35,0.6542065593807294
ck_ae0a7be6b0a0ea68,0.5530657975147688
ck_de5bb7a4d091386d,0.7806070482786718
ck_2bb7c17168a9d17d,0.46781421878182927
ck_0ffdff7b2f5fdfe4,0.6460582603381544
ck_718a8390b3d42d7d,0.7323283764514157
ck_7c4f12d70f184533,0.18954980647789774
ck_d3e2c26b8adff099,0.21165206763088207
ck_ac9d3d9754104cf0,0.06824200448156448
ck_3b1766a1d51f8f0e,0.9451008352006518
ck_a9bf75bea912027b,0.4136280301487064
ck_687eab3ffe1f8cfa,0.6211550213892849
ck_25dd0b02af5b2f37,0.8102464860460379
ck_1747fcc466f0ae38,0.07720513342839683
ck_f6e9d14dfb6f3c28,0.7759217763291912
ck_c6a7bbd0adc4d5f3,0.7702179669993889
ck_46656a23f4456d22,0.9672030963536362
ck_7519260415c2998e,0.40802607455693624
ck_754f30ea19df857c,0.6484008963128947
ck_ba88a244d5f7380f,0.3225707883479324
ck_f268416945316815,0.526889386840497
ck_21860dd2159dff28,0.034324709716846605
ck_7a86ef4e2beaec38,0.07852923202281524
ck_0414507baeea936a,0.6109187207170503
ck_60796eb60fc3043e,0.26400488897942553
ck_1e0841ed17fe0562,0.336626604196374
ck_0d641d32658d6e0f,0.06824200448156448
ck_b36086ae6d87eec1,0.4124057852923202
ck_962e65ab33b5c311,0.9779995925850479
ck_b046a42684468e63,0.33907109390914647
ck_ab3426435b0017d6,0.3336728457934406
ck_fcfe06e44d09a344,0.5808718679975555
ck_0f6d916c92189516,0.5882053371358729
ck_d4c8f0d957c3965d,0.7250967610511305
ck_2ca83dbd728af019,0.20223059686290487
ck_2857a4ce9f72fbfa,0.2547871256875127
ck_a60e6edc48e3d0ac,0.8934609900183337
ck_0cbd3b27063d4415,0.6264004888979425
ck_612089ec90c37219,0.49276838459971484
ck_ec4e597f17f473c6,0.35292320228152374
ck_1c93cc58f314bf71,0.548787940517417
ck_2b359a979520276e,0.27480138521083725
ck_1496568ddc3b2d56,0.9027296801792626
ck_41d91dc9f5063566,0.7186799755551029
ck_4c5ff58afe3d7a67,0.16673456915868812
ck_81709736281fa3eb,0.09217763291912814
ck_d89abbab3d4957aa,0.3438582195966592
ck_52453401f88935da,0.4547769403137095
ck_a477654d34783e06,0.24689346099001833
ck_72dd0dbdf808cb00,0.3804237115502139
ck_c183dff3781746cb,0.7108372377266245
ck_c8b7f241810b45e5,0.004787125687512731
ck_f88028c3f306bc70,0.672642085964555
ck_91d48d69e4f5d9c2,0.3815441026685679
ck_b74b9ba6d7c9aab7,0.8265430841311876
ck_03e904682dc73bba,0.39672030963536364
ck_fc6fed6ea96a004a,0.4787125687512732
ck_51efdd240e34c642,0.5874923609696476
ck_e78ab4ff52b5fd2d,0.5541861886331229
ck_4af7b97c24d89a45,0.5522509676105113
ck_295c0072eca7f7a2,0.41403544510083523
ck_8abd1a50a9227463,0.8686086779384803
ck_ecaa6f13304e3dc5,0.11010389081279283
ck_de436e7b319be1fa,0.9879812589122021
ck_c802cf8f61466027,0.09207577918109594
ck_3d83e0a3c1cfbf8b,0.6285394173966184
ck_28d2003c2d16e4b6,0.2161336321042982
ck_8ddaf745bbb9cd62,0.179262578936647
ck_493b6256091014cd,0.9330820941128539
ck_a2245822cfea997d,0.1038908127928295
ck_f7305b3c64cf8a03,0.8683031167243838
ck_9937dad93a0ed3c1,0.21307801996333264
ck_d654449f9231ad76,0.14228967203096354
ck_850e2b59bc535490,0.3000611122428193
ck_e55e5bdfc0242aef,0.909553880627419
ck_d35c51e981b98c5c,0.5828070890201671
ck_27cdf9c5e6f0915b,0.2959869627215319
ck_d328db1e1052d820,0.7157262171521694
ck_0ea30eff5f361cba,0.2936443267467916
ck_9994323f97109f4b,0.9969443878590344
ck_09054e97bdf9624e,0.08087186799755551
ck_723b4afc388113c8,0.17131798737013648
ck_588f6e6a6a6d93e8,0.5191485027500509
ck_e1d563fab4d6116a,0.3389692401711143
ck_53aca610e20598bc,0.47810144632308005
ck_c8131ddc7ed33448,0.20309635363617845
ck_899f88464305824a,0.7093094316561418
ck_1c17c65804f8889e,0.1674475453249134
ck_45a16ce12893cf9b,0.7368099409248319
ck_f9d481aa4f9b2808,0.9129150539824812
ck_1d5d74169cf892ef,0.5521491138724791
ck_aba32acb61c1aaca,0.5446119372580974
ck_ec4dd3675a8d28cc,0.3544510083520065
ck_5dcd443fe0bbdeac,0.408433489509065
ck_3a47e3f54475e854,0.16306783458952945
ck_a9aa5c344c315532,0.6368914239152577
ck_9652283c9f61fcec,0.11214096557343656
ck_752dd3d2487f78ea,0.6040945202688939
ck_a821980ac4db9943,0.8909146465675291
ck_93e0d6befb67f7a1,0.7493379507027909
ck_e7a3881c3e36bd51,0.9482583010796497
ck_12631b78f8a03df2,0.0895294357302913
ck_57b8226610b48854,0.3767569769810552
ck_352657008983fd4b,0.5289264616011408
ck_0841a5c24fd3dd28,0.694642493379507
ck_db9b9d5d30f74070,0.5691586881238542
ck_a9dded7f6294e44f,0.8276634752495416
ck_91a16336ce3217dc,0.6705031574658791
ck_371bd9388b287677,0.1432063556732532
ck_f285e5e1912a7c62,0.11692809126094927
ck_368b65fca69fc415,0.826746791607252
ck_d27a73596b6500c2,0.5697698105520472
ck_2d963f9b2c4d11e1,0.6295579547769403
ck_7c500e219af39486,0.13363210429822775
ck_7d025dea5951cba7,0.17080871867997555
ck_32f632706608859e,0.3936646974943981
ck_53816231f3ffb48d,0.3261356691790589
ck_9dbe184e81c1ca8d,0.6382155225096762
ck_d74123617f22a21e,0.4562028926461601
ck_275386782b1606f8,0.3145243430433897
ck_0b0e79d33e50cba5,0.3095335098798126
ck_ba93cb604f792915,0.84762680790385
ck_a86cd653472eccbc,0.40446119372580974
ck_87771861e0447210,0.7776532898757385
ck_212380e0371d8a6d,0.8256264004888979
ck_ef0d702d7b0ed745,0.128844978610715
ck_2b8f33e22f939372,0.953962110409452
ck_480347ad92037105,0.16642900794459156
ck_20124c3a16c53ce4,0.7327357914035445
ck_c9e1e3229baae708,0.46129557954776945
ck_b1befe967f7a5ebf,0.5398248115705846
ck_4672167d7c989bbf,0.519148502750051
ck_f0c44ee5e3a42e3d,0.29883886738643306
ck_c416357d20238a4e,0.2005500101853738
ck_d0f470f8078c91df,0.18751273171725402
ck_3a70b4ee59084715,0.23324506009370544
ck_179ed66cdfc1ce27,0.33178855163984516
ck_387e5a7f163c7837,0.6985129354247301
ck_08fb463e69f647c8,0.9743328580158892
ck_732f725747393ec8,0.4204522305968629
ck_7cc5e0fa3ca5a713,0.3323487471990222
ck_ad4a4daa826ac68b,0.919942961906702
ck_472e0be7a3b533bb,0.7322265227133835
ck_7190177963eafdd9,0.3316357710327969
ck_647ac26c5900f082,0.46598085149725
ck_272ae2179bbd8e58,0.46211040945202686
ck_09b0d8af304646bd,0.12578936646974945
ck_ca0cc8ea9f344408,0.4178040334080261
ck_332ad134fb909869,0.5347321246689754
ck_fca2798914627dc8,0.8293949887960888
ck_4450b55f462ae134,0.362395599918517
ck_d67d9dfb60b286b9,0.23894886942350785
ck_a9d2bb4f2bde7052,0.25534732124668974
ck_929bcae878a3ecb3,0.968730902424119
ck_59a9e000fa275e1f,0.4445915665104909
ck_57f17254e2688637,0.5279079242208189
ck_0508908697f60ce3,0.8147280505194541
ck_946afc2943298d26,0.3989610918720717
ck_7176d12b18f2cc0e,0.3908127928294968
ck_5c47b49c26cce286,0.4458138113668772
ck_b6a2bdb2d335e1d0,0.9905276023630067
ck_1d58f6caaa4d012c,0.5489916479934813
ck_71c917295020ccc7,0.16683642289672032
ck_bc89644ae3688995,0.3058667753106539
ck_e7c212f16d6df272,0.32633937665512325
ck_c6d2e11a368184e6,0.26349562028926465
ck_eed7f1f7548df15b,0.1453452841719291
ck_75b69034000ca7bb,0.8200244448971277
ck_38da3bf629458682,0.14025259727031983
ck_90114c891239d821,0.1240069260541862
ck_8ee08f6777cc155b,0.30260745569362396
ck_bd86132499defcd0,0.36341413729883887
ck_b95fbf2b5640aa82,0.5766958647382359
ck_c530235393360e3b,0.6423915257689957
ck_be52a7ec43241ba4,0.8375432878386637
ck_d96eb3cc55f2772f,0.45314728050519454
ck_dd34f0a844fb115d,0.8970258708494602
ck_17cc7b411f448e66,0.8350987981258913
ck_856ea65fa27d06dd,0.35699735180281117
ck_056d5f0301c30902,0.7042167447545324
ck_e662b14b2bab23a2,0.6289468323487473
ck_209f574c8d92274e,0.282338561825219
ck_62720b81617896cc,0.46587899775921776
ck_041614694b77e599,0.4394988796088817
ck_461e3f7b97db8d16,0.7194948054593604
ck_1b74b798eebeabdc,0.7040130372784681
ck_0ed2739384f1d644,0.4526380118150336
ck_5a4d19f1b83feeb8,0.10277042167447545
ck_463937167965a1f8,0.4740272968017926
ck_9d7151dbdf100e0e,0.5421674475453249
ck_20a7d1ce6cc27312,0.31386229374618047
ck_6031211ff118cf0f,0.060653900998166636
ck_a6fc92aa91e99b77,0.927072723568955
ck_0aaaa9d2f75a0518,0.224791199837034
ck_ec26e327cc1848b2,0.1440721124465268
ck_0e6bebf8ae9b9b03,0.31055204726013447
ck_e107537a4cb738f4,0.22738847015685476
ck_e8ea56e122a5a487,0.7041148910165003
ck_98149ed45d38c4d3,0.6817070686494194
ck_0e719b3a6906b8f1,0.031982073742106334
ck_0c6e7bd357e4a348,0.09788144224893053
ck_d3b2b250da61db19,0.9744347117539214
ck_8bb6b0a292754576,0.9060908535343247
ck_87d70f5fe48a6128,0.8006722346710125
ck_ea9edf9c107d429f,0.5571399470360562
ck_059806c52cebe4f1,0.8946832348747199
ck_a72d6df666e1c21c,0.3740069260541862
ck_1d2b80ab6c4944b9,0.48523120798533304
ck_60557f077abc42ca,0.7813200244448971
ck_e5f5cb7dd6ce4a37,0.6454471379099613
ck_4c4a939154446053,0.014208596455489917
ck_50ede3eb561a202c,0.5353432470971684
ck_6d03a542922b2ae8,0.6137706253819515
ck_d6fe761ed0db3270,0.4987777551436138
ck_7f0cd6ea3096f985,0.27031982073742106
ck_23edb6d938a3b87b,0.28610715013240984
ck_799aaf9f2b9ef621,0.5388062741902628
ck_f8f6a03613b6dda8,0.28478305153799144
ck_7cffb189f4f514ec,0.9902220411489102
ck_c081e1967dcd811f,0.8345895294357303
ck_583d6ca78c97d91e,0.9121002240782237
ck_9332bbc7125219a7,0.020727235689549806
ck_956b5af6d7d86c65,0.962212263190059
ck_2d634e3f24681c0f,0.6936239559991852
ck_7b35d218ed0c5a60,0.6808922387451619
ck_ca5b1057f8248f73,0.5270930943165615
ck_ec5ea81cf813597c,0.3352006518639234
ck_eaebaf4d28400fb8,0.610715013240986
ck_ae2ab6be219219aa,0.4942961906701976
ck_d99a8b4c820eb46b,0.511509472397637
ck_bcfb7ffb7cd428bd,0.12711346506416787
ck_3dd542c2d31be2c0,0.35638622937461806
ck_c7dd84401e29a7fc,0.04563047463841923
ck_c4bcc7cefd40f8e2,0.17804033408026074
ck_c251898b5d51e3b0,0.7393562843756366
ck_36d37be780c1291c,0.49225911590955385
ck_99b4f266b61ae7ee,0.5308616826237523
ck_c37f03995f0f0169,0.1726420859645549
ck_65a23ac8e44eb901,0.5381951517620697
ck_644b1c1149eea9e0,0.32613566917905884
ck_9cf44eb0237c2429,0.33774699531472807
ck_20541686a94fb71c,0.7244856386229375
ck_c18245be844680f3,0.36697901812996536
ck_56de216eda6b7fa6,0.05846404563047464
ck_406c4442dee45cd1,0.043389692401711144
ck_df1585c7d72a96e0,0.13984518231819107
ck_b8e8dba20676d87b,0.5124261560399266
ck_0ee6965e68efc177,0.7205133428396822
ck_c2a5c54ad8d0d297,0.38694235078427375
ck_bf6fb7e6470e95cb,0.20105927887553474
ck_27fa694569140345,0.18944795273986553
ck_e04166b0ce66393a,0.15593807292727643
ck_8742114f4f0cb22c,0.7969036463638215
ck_6eceeafd56b42576,0.6305764921572622
ck_34f9951b0eca1965,0.4372580973721735
ck_384ccecd342a24ad,0.10399266653086169
ck_49c98bebd1338879,0.14712772458749235
ck_6c26c12071c91ff6,0.11662253004685272
ck_01e5986ebb9a78f1,0.412813200244449
ck_121db7ba3be29ee8,0.5781218170706866
ck_039e6d5a330cea1a,0.8323487471990222
ck_ae8c9163cf957d7e,0.42849867590140556
ck_3f5e8f3f1df0c8c7,0.5511305764921572
ck_b1c51fdafcd80122,0.5438989610918721
ck_12e2b5ebfe8986b2,0.23395803625993072
ck_d55eb81a4d543c59,0.33143206355673255
ck_f85155ca5c312c7b,0.8844978610715013
ck_133d8a1ac7c0e301,0.9968425341210022
ck_04212a9bb9b28696,0.9913424322672642
ck_4cc11c7d3ca61f73,0.08056630678345894
ck_2df4854186ec515b,0.4455082501527806
ck_aa9b28e7fc43af79,0.9448971277245874
ck_47cad6c3def4c9e4,0.1611326135669179
ck_fbff7b5da8111567,0.6106131595029538
ck_bd25ea782e375b22,0.40425748624974533
ck_7989376f8cf64a9d,0.6125483805255654
ck_675c0ca1ebb1051c,0.12049297209207578
ck_1436f6e11d4008f9,0.31126502342635975
ck_812cb3a4482cc618,0.3350987981258912
ck_6e606f73a1094afd,0.9129150539824811
ck_1b708e2a4a0584dd,0.5830107964962314
ck_a60d6b324bae0330,0.5048889794255449
ck_706a4f673a9fda3b,0.9203503768588307
ck_a75ece9a9044eed0,0.25402322265227134
ck_9aa45c4e03c8c57a,0.6464656752902831
ck_9fe9bdce982b312c,0.7394581381136688
ck_c6fbdc5ba68a8466,0.6009370543898962
ck_ed0cc1b1c28f9511,0.6989203503768588
ck_a4e2607b4c8021e8,0.0222041148910165
ck_e02f93f51cc8caf3,0.23161540028519045
ck_7084ed3cf20781b7,0.7083927480138521
ck_cd4c63155570d6ea,0.21664290079445916
ck_d1b9e5d32d2d789f,0.1811977999592585
ck_68f56f6560a7a933,0.16062334487675697
ck_8bedacc6233c6269,0.5822978203300061
ck_ab7cb50407d6b13e,0.6898553676919943
ck_f17ed7e0fd687742,0.7166429007944591
ck_b0fe4b92fc70f72c,0.03045426767162355
ck_84d62b8196da2452,0.560908535343247
ck_9e298cae167f4693,0.3138113668771644
ck_405b20ef9ad0ba5f,0.8907109390914647
ck_813e02e1ababd177,0.5940110002037075
ck_f234ab47061ba7c0,0.11397433285801589
ck_22b587c18363899a,0.40191485027500506
ck_4e862c2f48c38aeb,0.2249949073130984
ck_b89cb90a420c9075,0.4027296801792626
ck_be2251640f27a3c9,0.6827256060297413
ck_46bec0bff167ed3f,0.6393359136280301
ck_c0032232c2868328,0.5866775310653901
ck_030cf09525dba4ba,0.3680994092483194
ck_6ecf56236789fc09,0.9892035037685883
ck_38d4ed52cbe6d123,0.5626400488897942
ck_2d923d957ffd4d53,0.5584640456304746
ck_3af1eb88728ed8c7,0.6669382766347525
ck_2f8120ca80a1592c,0.4198411081686698
ck_6cabb1a133f0b151,0.4653697290690568
ck_bb6cf7e7b707731d,0.9582399674068038
ck_c8307fecafa90140,0.4391933183947851
ck_75f968be67f46d24,0.48472193929517216
ck_df6fe4ec5a233213,0.41943369321654106
ck_b53e88c0e927d896,0.0781218170706865
ck_f0093064aa28f4d0,0.6728457934406192
ck_ec9976cabc63ff92,0.08504787125687513
ck_30dac0a58c5590cb,0.9011000203707475
ck_348a525791ae6475,0.7171521694846201
ck_b898d912d1181ef9,0.40853534324709717
ck_f5b1200dc6f95760,0.5615196577714402
ck_54978a073e7a0b1a,0.43104501935221023
ck_55933936536a4071,0.024852312079853334
ck_d6ba7ffd2ae08863,0.3963128946832349
ck_404e2217fd87fdd2,0.25208800162965983
ck_dfaafdaefa5716b6,0.6721328172743939
ck_556c62e92d4e7e5b,0.8281727439397026
ck_7ce44f4e06d58111,0.6982073742106335
ck_465cb8ce232c7670,0.23395803625993072
ck_237508ca4fb37268,0.6052149113872479
ck_ba4a6b9aa63964ef,0.6368914239152577
ck_4802a0a7a1882c88,0.9564066001222244
ck_9478dfe4114c30f6,0.2005500101853738
ck_5138f6c575dec64c,0.3392748013852108
ck_aebb42afe430e2e9,0.34396007333469136
ck_004efa95555437e9,0.3636178447749032
ck_11af112667c98394,0.8108576084742309
ck_44e9a18a8645c9d3,0.09502953758402934
ck_2605fd571219e28d,0.025259727031982072
ck_dfc933493561d84f,0.5393155428804237
ck_67674348e68d1f25,0.22163373395803626
ck_dd97429277a2fa00,0.5758810348339785
ck_d3eab7a06eb48348,0.7612548380525566
ck_0b9fcff9667ec05a,0.2163373395803626
ck_fc4bfd6e739bddea,0.10093705438989611
ck_43292f70a03ddf2b,0.7787736809940924
ck_5ff6108056a3fef5,0.32807089020167035
ck_767e0be086b5f601,0.5618252189855368
ck_b8465b1a5666155b,0.36412711346506416
ck_ab2e3fc56f5b3aae,0.8413118761458546
ck_1833c81d693c1e07,0.9566103075982888
ck_0308e0602b856445,0.2943573029130169
ck_ccbdfe744acff8bb,0.6642900794459157
ck_b294aa27a0b586d7,0.16001222244856386
ck_a3747201f377626d,0.9848237930332043
ck_edde1d7d1db24725,0.6014463230800571
ck_ae3b47d6e1063704,0.2877368099409248
ck_3aabf5e0f4defb41,0.789468323487472
ck_f034adb57391f3d7,0.7909961295579548
ck_533672fb40531607,0.8555713994703606
ck_2a244f1ae08ef83c,0.6917905887146059
ck_a35d81bcc54ece2f,0.85414544713791
ck_78a61215675b38f0,0.43073945813811365
ck_e013d88ea7939616,0.3728865349358321
ck_e5018f9418e0102e,0.7268282745976777
ck_d4e024fcda401a31,0.14605826033815442
ck_f736cffbdb82db34,0.031982073742106334
ck_1507f5aa50cdf3a0,0.2299857404766755
ck_18270fee7c8fcee8,0.2885516398451823
ck_95ffa1a805a1c9d1,0.1877164391933184
ck_11132d245b94d045,0.3549602770421674
ck_7b93a622e40d8b14,0.7233652475045834
ck_3854c08d17704347,0.8178855163984519
ck_7717fcb100dc4b5f,0.523630067223467
ck_ba54e0a1c328119b,0.9503972295783255
ck_a7afdac4ecbf2de4,0.9202485231207985
ck_ecfb771ed2352085,0.4740272968017926
ck_68be4fefc85a6b64,0.890303524139336
ck_dac7c50bd6d0148f,0.17508657567732736
ck_87cf36a03bd63c24,0.939193318394785
ck_8adb40b168b59d7c,0.5660012222448564
ck_8d2f62930777416b,0.7392544306376043
ck_9958b58da9e3c21c,0.7236708087186801
ck_9440335375701f44,0.7223467101242615
ck_e2f88e202b6f700a,0.6334283968221635
ck_4c7c50684827a2cf,0.3446730495009167
ck_8a6ea4a79b1c7a8e,0.2531065390099817
ck_186dbff4b24a3bbf,0.8720717050315747
ck_220fda3c11c59b6c,0.4898146261967814
ck_3acccc69f8b1fd14,0.7154206559380729
ck_9de191bf79afd676,0.5188429415359543
ck_6de6b1663f9457f4,0.1812996536972907
ck_062754f8b79b86e5,0.3498675901405581
ck_aa153a89a52f7eb5,0.6362803014870646
ck_34a6bd3be642f15c,0.5125280097779589
ck_9371c700d9830326,0.7588103483397841
ck_a99e0c258ad7576b,0.3976369932776533
ck_0a7ba51d626e932a,0.32990425748624974
ck_852c50bbba1ead13,0.7093094316561417
ck_43dc13b6b6d31297,0.8473212466897535
ck_7d81b59d615a6649,0.4514157669586474
ck_39a3f1da060e88bf,0.48920350376858834
ck_6fb2d142c09ed3ed,0.7432267264208596
ck_6e5752b87324b58c,0.7646160114076187
ck_9441d48a12e8a4bf,0.7863108576084743
ck_09e9c51eb538b255,0.1404563047463842
ck_8d0cd981ed3a183a,0.7797922183744144
ck_57c07c45269ca8c0,0.17997555510287228
ck_ccfc9ab888ba933d,0.19321654104705643
ck_9658a6ef471053f0,0.46272153188021997
ck_dac3852758f4ea89,0.1484008963128947
ck_b1ed2278f5f14d82,0.8054593603585252
ck_333544d173524f70,0.6669382766347525
ck_fd4582e3853ef23f,0.4837034019148503
ck_614d936cef98db04,0.3745161947443471
ck_6bc351a3d57aac54,0.22876349562028928
ck_af5842fa7202ff25,0.8376451415766959
ck_81307759252571be,0.19291097983295985
ck_b4d2f02d2cd45720,0.9406192707272357
ck_1bd753a4681946c8,0.9766754939906295
ck_46d8c029d46867b2,0.06050112039111835
ck_b7da6640fa2f49cf,0.9619067019759625
ck_9ea3d5a5a91fef9f,0.9101650030556121
ck_7b922518f667f76a,0.061927072723568954
ck_2a5b31594206eb30,0.908433489509065
ck_d9506476ad3f9e08,0.4609900183336728
ck_c8791f7ebd4d93c7,0.4707679771847627
ck_b5a3e20fd210017d,0.2762273375432878
ck_8e54386f4fe22cad,0.5154817681808923
ck_75296704f5806f56,0.8133020981870035
ck_0fbbc7a6af300368,0.10939091464656753
ck_d19bf4dc0627113d,0.1355673253208393
ck_7951bd4eb99a0175,0.06915868812385415
ck_059e4fac6b7f704e,0.7722550417600326
ck_2ce8931af02a2ce3,0.6362803014870646
ck_9e665618a4860306,0.07272356895498064
ck_6fce5a893613fd2c,0.19892035037685882
ck_9e3fbd04e3532f32,0.8647382358932574
ck_55f2ef0de3420e3e,0.45019352210226116
ck_8d87658a6f5d204c,0.9077205133428397
ck_6d6ac1f5dd882aa5,0.2929313505805663
ck_55d0c7012d7ef236,0.45406396414748423
ck_7738eb085e5753d6,0.6112242819311469
ck_0e6e05c3cc8c8242,0.32542269301283355
ck_8d27ff8383d48132,0.27133835811774293
ck_9afc3bb849f3a64d,0.43379507027907926
ck_27eb86a9898cdfe3,0.13434508046445304
ck_1d40e4fc541abe93,0.8914239152576899
ck_4fd9dc00e1913587,0.9908331635771033
ck_b26cdb2b7b165d2e,0.6842534121002242
ck_a79a27767a02e31f,0.6541047056426971
ck_f0c18cb9f951a71e,0.40517416989203503
ck_50460e0189de6274,0.9808514972499491
ck_5e5280539257c986,0.13164595640660012
ck_eeb854318b3a6f0a,0.4832959869627215
ck_943f66f28dd24750,0.013190059075168058
ck_984dd7452aee372d,0.6187614585455287
ck_ecaa6de0aca5e9a0,0.6235485842330414
ck_8f1cbc432e2774f8,0.6814015074353229
ck_d91d9f8445b9769a,0.9606844571195763
ck_73c18e03e3c7612e,0.07577918109594622
ck_aded05ada490da20,0.3690160928906091
ck_f744e208183971f8,0.8045426767162355
ck_02d4cef6358ad3b7,0.2900794459156651
ck_08ff5bd467226a5f,0.04858423304135262
ck_f824b326d5089885,0.8934609900183337
ck_3420f2fd520890f3,0.3365247504583418
ck_1838cf8d00f5b1e1,0.6088816459564066
ck_a85182ad90b6f1e1,0.10684457119576288
ck_fecb39c82c43e76d,0.3189040537787737
ck_162513e73782929f,0.7513750254634346
ck_2c27b77c59d8f23b,0.9112853941739663
ck_4221e07b17388fd3,0.8712568751273172
ck_adfb8472d5c3d669,0.7354858423304136
ck_0742fe64055d686f,0.114585455286209
ck_5060aefcc8b6f958,0.46974943980444084
ck_643f549b4ac78a26,0.9108779792218374
ck_dba767885bd6ad69,0.35781218170706863
ck_0dda35c0c64c7073,0.9879812589122021
ck_38ea56d43afa5660,0.3328580158891831
ck_d813e15ac91f487c,0.7791810959462213
ck_4c840e5585a7b167,0.8523120798533306
ck_cb8551453a7bb929,0.13149317579955183
ck_05a00b1dd5a03359,0.345946221226319
ck_837cc7fd48453a01,0.2694031370951314
ck_49dd816b31fba6b6,0.9034426563454878
ck_86a61d9a39768e87,0.7926257893664697
ck_cd0e76f0e7bb38cc,0.36718272560602977
ck_dbe58392635133ca,0.5388062741902628
ck_3caec7dd6f8d02c9,0.6475860664086373
ck_bfd9bfc5b6ab4a54,0.7903850071297617
ck_2103399bdb2898a6,0.5584640456304746
ck_329f7de7279e74c5,0.5199633326543084
ck_9bf0d28119fc42c8,0.5451212059482583
ck_f781539b1042dc83,0.088816459564066
ck_9986c7d781ac6b4e,0.42544306376044
ck_a627734880aca848,0.14106742717457732
ck_2106e509d77fdb4a,0.9441841515583622
ck_420d1a9c604293ce,0.2733754328783866
ck_fce0610c527e2b56,0.43705438989610923
ck_073da541ec3f9d3d,0.27317172540232226
ck_aa5f3ab48c17fed8,0.7049297209207578
ck_0fc1086e1c9e04b6,0.6183540435933998
ck_5c33bb46c1a5945b,0.7987370136484009
ck_500948a8d4bd8e13,0.751578732939499
ck_19becd44f2c3d2b5,0.4462212263190059
ck_7d0fe77dd5ddb656,0.7570788347932369
ck_f158d9e5f101bb35,0.6303727846811978
ck_cdd7c77823c2257f,0.8084131187614585
ck_6c7b41374f9b2e55,0.5831126502342636
ck_417090dbffb1a63c,0.7364025259727032
ck_dd0e17605f970319,0.3945813811366877
ck_3646515079e6be55,0.7713383581177429
ck_89c8b06aa8c84b2d,0.7793848034222856
ck_e4d6dedd97233c07,0.5662049297209208
ck_bc82fb1895fddde5,0.18583214503972295
ck_88a8b1d442ca3686,0.38225707883479326
ck_5791f8f76a629a4f,0.48411081686697904
ck_9cf5e88e97c8c7ea,0.5479731106131596
ck_58fd684aa5a6f289,0.20895294357302913
ck_9800c21dfbd8e811,0.30902424118965166
ck_8ae64df60ab6ccda,0.6536972906905684
ck_e535fb0f0c00418d,0.8357099205540843
ck_48011996d54855ac,0.9264616011407618
ck_ac79c72a8fe3fdef,0.7385414544713791
ck_b8cc2df5192bc49b,0.7120594825830109
ck_e96a5e1f08f8a867,0.2901812996536973
ck_84df6770549e43fa,0.1620492972092076
ck_e5f7b99ba6ec5767,0.6367895701772255
ck_8347455ab53ff620,0.42238745161947444
ck_a84f2cdf695a71d6,0.2553473212466898
ck_90456160115f9ef4,0.21796699938887756
ck_ebd178b3f3a9c50c,0.5840293338765532
ck_e1140be6157bacbe,0.09533509879812588
ck_744ffc11d32b96bc,0.30642697086983095
ck_e12a9f7d027e3387,0.5842330413526177
ck_cbe525da0b69f18a,0.6080668160521492
ck_aa59702537557ff1,0.5858627011611326
ck_0348cc6908f7f3af,0.08372377266245672
ck_120e995d50956bee,0.671623548584233
ck_9fcde1ff46cbbea5,0.07761254838052556
ck_54b0b070689c50d6,0.03157465878997759
ck_966a167758fddfd4,0.7731717254023223
ck_d5194f2e92fd6427,0.2866164188225708
ck_2ee84f3fa27f2cb8,0.17203096353636177
ck_57d0a7eb7eae2eaf,0.4571195762884498
ck_6a2c4edd82e10969,0.173253208392748
ck_96e4d38ef670eaff,0.5655938072927276
ck_52cc2fd5095b169d,0.6536972906905684
ck_4b088920f3a844c1,0.61509472397637
ck_8f3ccbd20d59f1f4,0.1368914239152577
ck_e5e5dc431bed6f9d,0.4341006314931758
ck_e8b5bfa6838e28d1,0.35434915461397437
ck_4bfeb78b47b7c6a1,0.790588714605826
ck_a705c61bd679496f,0.2794866571603178
ck_731869a0c39cb2fe,0.6609289060908535
ck_259eb102342057ea,0.1977999592585048
ck_47a6005fabc33551,0.1725402322265227
ck_682262b455a9edd4,0.013139132206151967
ck_e839d104854945f0,0.1983092279486657
ck_761989aa4c47d746,0.7458749236096964
ck_44211dc210139ed3,0.3704420452230597
ck_9915ceedf63a5289,0.5994092483194133
ck_da59ab47cb6284ad,0.100325931961703
ck_e5cdbfcca2456652,0.1296598085149725
ck_13f2560c6a1ec62f,0.36127520880016295
ck_a0543e9b3abe1001,0.8169688327561622
ck_11c7a58e09e6547b,0.8012833570992055
ck_69587a134d43a4ad,0.8465064167854961
ck_28dc0de0ae291f37,0.3080057038093298
ck_298922703c5bbe05,0.6546139743328581
ck_fa5ba9ed9ed6a343,0.39234059889997963
ck_c08e64d424e56c05,0.8773680994092483
ck_598e036a28262aeb,0.6072519861478917
ck_3f7c870510083a51,0.45447137909961294
ck_364f8203a3e98d36,0.9318598492564677
ck_7333cedb61506ead,0.36484008963128944
ck_1d96d7fd65f208b2,0.7979221837441435
ck_63133a79f23e2627,0.694031370951314
ck_901d820e0b72abae,0.16805866775310654
ck_5dd80b3c01457bd8,0.5162965980851497
ck_c0b8067c144ed6c1,0.7380321857812182
ck_cebb8aa8c8f62c60,0.30963536361784477
ck_79749eca42ff1f5f,0.6477897738847016
ck_2cc1d9b587f6da31,0.5495009166836423
ck_ccc7916b56d42195,0.25402322265227134
ck_e43e53cc7b8b8e41,0.23568954980647788
ck_4ab74a6e7450416c,0.22458749236096964
ck_6e44024e9de301c6,0.11519657771440212
ck_dd78cb6ae2866cc6,0.6614381747810145
ck_c363d3b050baf3b8,0.4833978407007537
ck_2d46291975f0dd08,0.0724180077408841
ck_76ebeb5aee42f041,0.5216948462008556
ck_8395f004cf4d4c08,0.6480953350987981
ck_de7259c3741db179,0.5336117335506213
ck_3938e92585df2b34,0.5937054389896109
ck_af69bfcf4f07d932,0.47616622530046854
ck_1723900ab9afe374,0.7871256875127317
ck_3d58628d1c853c8a,0.18934609900183336
ck_12a074db100481cf,0.5159910368710532
ck_8716cbf892c50e29,0.4476471786514565
ck_fbf7351958ad9615,0.27031982073742106
ck_a50370907e6b397c,0.5368710531676513
ck_937402a60df0821c,0.07842737828478305
ck_8ce9c5807acbef48,0.5719087390507231
ck_acf7d65eaaa4c31c,0.12334487675697697
ck_ec3eb6dd0967cac5,0.6746791607251986
ck_fc832b0c90c9bdb9,0.946221226319006
ck_8129e81cde280131,0.5680382970055
ck_52c0ef68aa2fb8cf,0.48991647993481363
ck_06f042e9b1b662fd,0.8668771643919332
ck_0bf35dcf7b38f650,0.21368914239152578
ck_615763afc2e17a7f,0.04420452230596863
ck_e72db9d4b2fc9997,0.9879812589122021
ck_13757bf0eeb353e2,0.3088205337135873
ck_abaf371ec8249c4a,0.7447545324913425
ck_9b7167da0920c37b,0.7699124057852924
ck_2e824b0b27494a17,0.6112242819311469
ck_9a0b605e9c3220c4,0.6313913220615197
ck_a5276af466b681de,0.13526176410674273
ck_9e0383e1fb6e214d,0.9023222652271339
ck_6a27c44b691dbfac,0.15563251171317988
ck_af39767cf583905b,0.3273579140354451
ck_243b1b9fdd3f9a74,0.43002648197188836
ck_c0422e638a9c6046,0.6974943980444083
ck_e0f3ea3373dfc4aa,0.5677327357914035
ck_d56ee1654378ffc7,0.3774190262782644
ck_20cd2f5666719baa,0.10969647586066408
ck_4dfa1c1e9b69fcc8,0.5182318191077613
ck_5d22e9ca1d15180b,0.9421470767977185
ck_f4a7ac178fd55f0e,0.24801385210837237
ck_fd5609bd23a1eaf8,0.47850886127520875
ck_49c3bf13dc9471ce,0.6522713383581178
ck_724085c3452d4693,0.7985333061723365
ck_e5d1462846154a75,0.26553269504990834
ck_c69ef0f3e7d6acf9,0.7826441230393155
ck_a2d0417791d4132d,0.4508046445304542
ck_00a07fc2a9183c3a,0.18099409248319415
ck_781b8288e54ba8f8,0.6916887349765737
ck_d74a62ab3804a81b,0.39763699327765334
ck_abcbde211b6267f8,0.8822570788347932
ck_16dbafc035574654,0.07771440211855775
ck_018f780215ecaf38,0.6055204726013445
ck_0b259620eac51618,0.15135465471582807
ck_4f875342394c110f,0.6453452841719292
ck_399e45e5fe9beaee,0.5316765125280098
ck_36224a2d394ebfe4,0.7497453656549196
ck_c189b551bd111332,0.13271542065593808
ck_125c5a720ecb177a,0.7451619474434712
ck_76d010aa02eb477a,0.13485434915461397
ck_1071d14c46c92379,0.9444897127724587
ck_61d244b2cde483af,0.5886127520880016
ck_2ff1860da2004c84,0.024343043389692398
ck_c5b583490198672d,0.34548787940517417
ck_1294f7af22fade11,0.7984314524343044
ck_e3a22799716df39d,0.1268079038500713
ck_c77e22834ef97005,0.9561010389081279
ck_73d3689728270a2b,0.11519657771440212
ck_295565fbf77ef885,0.13577103279690364
ck_80c0a7f54ff4895d,0.3556732532083927
ck_f1ef5cf7f10b16c8,0.5339172947647179
ck_a958b2461ffc21a2,0.8345895294357304
ck_0e7899a57cd617d6,0.0365654919535547
ck_9d4fed252718f58a,0.2909961295579548
ck_83c2c34add971d76,0.14931757995518435
ck_9ccc030ba2de9fb2,0.5764921572621715
ck_cd691e3466fb3742,0.35424730087594214
ck_49df70f908dfd069,0.8277653289875738
ck_362ce13eec1e33a0,0.11275208800162967
ck_2452a30397dfc54c,0.4146465675290283
ck_a443d49c2b4863b0,0.3328580158891832
ck_c8b2e2cb349dd0ff,0.3839885923813404
ck_354909fecf5da8cf,0.36657160317783666
ck_841f598bbd54c83f,0.5868812385414545
ck_cd6fbd4e8724f994,0.7295783255245467
ck_e0b3158111370118,0.5584640456304746
ck_4c2f2eb657c2c60e,0.25667141984110814
ck_ef346071f0b7654b,0.4703605622326339
ck_f3bc10e3decefce4,0.13903035241393358
ck_189b6fbe9b9192e7,0.45823996740680384
ck_5245cbc5ff4d4fa6,0.16174373599511102
ck_cb42e3be6fe87f60,0.23976369932776534
ck_966d4d713cbc7792,0.17936443267467916
ck_1c8c969667cbaab2,0.9607863108576085
ck_d35e3aa9ef5d405e,0.7057445508250153
ck_a1c39df50a5873b3,0.7948665716031779
ck_a152165caf295b51,0.531269097575881
ck_891eaedae139828e,0.24893053575066204
ck_1a46b56f4734d52e,0.15878997759217764
ck_5e36042cfad96c99,0.9260541861886331
ck_02a8582c2603e675,0.602566714198411
ck_6def9d0429e4ed4b,0.7594214707679772
ck_e137400825a1e3e6,0.193522102261153
ck_d91ab840848a54fc,0.10694642493379508
ck_becb6e1c608e0078,0.23691179466286413
ck_6fd8c86ac719d7eb,0.8090242411896517
ck_3ed4d13f12fd9d0e,0.5732328376451417
ck_007337aa99a4891e,0.08504787125687513
ck_60c3d8306527a08d,0.1289468323487472
ck_95458880a54df0b1,0.8671827256060298
ck_b48cd8593533fc1d,0.9568140150743533
ck_021c6a4a7e3f1f0e,0.4090446119372581
ck_764d40f865e710af,0.3554186188633123
ck_4b84357ae8ec7777,0.6375025463434508
ck_3397c7856b4669a5,0.212161336321043
ck_920bb003b42e6310,0.07669586473823589
ck_8f59f11b512d5b7c,0.6207985333061723
ck_a3acf4b986afa98b,0.9436748828682013
ck_e89d25ed7bdeeaea,0.21847626807903853
ck_70e6bca473bf6902,0.309227948665716
ck_186161ce152836f5,0.26135669179058874
ck_9191579254663f5d,0.580566306783459
ck_1e6628879e9d653c,0.29527398655530657
ck_b498fa91a0776ff6,0.9159706661234468
ck_cfc2384f22954830,0.8319413322468935
ck_17673a1c2867888a,0.15695661030759828
ck_523dce06515b072d,0.48512935424730086
ck_c20638a325ead2e4,0.44673049500916684
ck_d3877e1f907cc148,0.51863923405989
ck_e9a2495dea8675e2,0.6241597066612345
ck_7e561caa5fa1f3f1,0.39977592177632915
ck_455672e652fe1abc,0.9803422285597881
ck_7f8f864fcc90ca82,0.5214911387247911
ck_1ad36046aaeb816c,0.26583825626400487
ck_de056e37c82e8e00,0.5957425137502546
ck_7484c214c889fe7f,0.6059278875534733
ck_32430e678c4f9f53,0.07919128132002444
ck_6276ece8f80ea799,0.49093501731513545
ck_ae8e5dc4b725bc25,0.5719087390507231
ck_f01be92dc78a2dc7,0.7683845997148095
ck_233397a8bd40d38d,0.16148910165003055
ck_f8124911450fdf31,0.9598696272153189
ck_aa0a3179f1111674,0.3627011611326135
ck_2366b29ed9887a5e,0.22265227133835813
ck_1f22f04dfc08cf27,0.4075168058667753
ck_b62276c3426d680c,0.5499083316357711
ck_d099fca88691f66f,0.6901609289060908
ck_166bd1dcbaf4d6fa,0.06396414748421267
ck_7b1660e942436e12,0.6804848237930332
ck_4a9a791a1d409a3d,0.6223772662456712
ck_b003e5b54df65db4,0.6016500305561214
ck_64b4dcbf436f0b75,0.3760440008148299
ck_26e9a7bb2061a58e,0.9483601548176819
ck_08b77ad5f8f73007,0.3809329802403748
ck_366616a725afc6bd,0.629965369729069
ck_934fb5064b6eefe2,0.0716031778366266
ck_c6abd5d57b1009d2,0.2814218781829293
ck_edcfa9e1cf29d813,0.3745161947443471
ck_c30201ebd003fdc7,0.3622937461804848
ck_c54643d94d3ce355,0.7861071501324098
ck_02adda6e91e49650,0.3610715013240986
ck_5b73d7c5255e58a3,0.6817070686494194
ck_129ffae92dc01408,0.10755754736198819
ck_fa321945ebedb916,0.3167651252800978
ck_8da980cb2e1e2bfb,0.3997759217763292
ck_0576b00d728bdf19,0.42371155021389284
ck_c543d82e22b3c8a5,0.19718883683031166
ck_0027ba644f9ae2cd,0.8830719087390507
ck_8dbf61df902a6bbc,0.17681808922387454
ck_90eeca1cda79fd41,0.140354451008352
ck_86d7127391d4e01f,0.14157669586473826
ck_73762038c7ff2f6f,0.05276023630067224
ck_a1484e6215fac651,0.9564066001222244
ck_cb83b9f806e90dc6,0.6759014055815848
ck_8c6f059c95872126,0.12375229170910573
ck_3174419a81e7caf2,0.16052149113872477
ck_6a0f8f8fa4a3c2bc,0.6164188225707883
ck_b5777605668bfca1,0.09574251375025464
ck_27e4de495abb4d15,0.3101446323080057
ck_7f6fa79c7a107161,0.5165003055612141
ck_c36ed9f8e6792ea4,0.46750865756773274
ck_67a1aa88d2ea554a,0.5616215115094724
ck_09748dfe4df3d540,0.09625178244041557
ck_27fd85b1e38b675a,0.17427174577306986
ck_2369689bd795ee10,0.31920961499287026
ck_4eb1c12f7d092bac,0.07964962314116929
ck_01fbafc42c8e33f5,0.36219189244245265
ck_93c4e05699b3b7d0,0.4093501731513547
ck_afc484d1b6907983,0.25249541658178853
ck_1b2d9cae92a1aab1,0.7840700753717662
ck_73b729cb161487f2,0.2592177632919128
ck_fe3c1d0ac090d960,0.8144224893053575
ck_408efac1d3885ff8,0.6943369321654105
ck_ccb4dd9d0a48a76e,0.23100427785699734
ck_2987eab34ca7805d,0.6109187207170503
ck_1dbf1f15193197db,0.8741087797922183
ck_4ed711fe4053e74d,0.8440619270727237
ck_6c54adce174f45f4,0.04308413118761459
ck_a6c740041faf0bd5,0.2665003055612141
ck_b05c4d33c4f43639,0.6982073742106336
ck_032880f1114dd51c,0.7352821348543492
ck_22311b037456a76e,0.2992462823385618
ck_5866b413549765bf,0.2935424730087594
ck_0e808afe2570ecac,0.39356284375636585
ck_634276b05f4381f8,0.8738032185781218
ck_5d8773badd0d4740,0.598187003463027
ck_82b5b79ce3517102,0.9744347117539214
ck_b378b8d8100ee4b1,0.42941535954369525
ck_54e581f71be5430d,0.14045630474638418
ck_798ba4b8aa544fea,0.2227541250763903
ck_3fe86b6331ff95e3,0.6236504379710736
ck_81275d9d4c559e6f,0.41118354043593397
ck_99a4e5ef02d89493,0.5596862904868609
ck_54e2eb018d947790,0.3130983907109391
ck_966901ea9c77cc02,0.1467712365043797
ck_27d69ff4e0cb428c,0.866775310653901
ck_2cee2dd7bbfc09a0,0.9496842534121002
ck_4136b00924695ab4,0.06691790588714605
ck_59a164c40c03a45f,0.1798737013648401
ck_3e24b026bc66789b,0.04858423304135262
ck_8105bcf69a75ee47,0.90354451008352
ck_7a1782cefe26a456,0.7995518435526584
ck_970c7dc195161272,0.07903850071297618
ck_a48ec0c00ae20e82,0.774088409044612
ck_54b374ade34e1dc1,0.33917294764717865
ck_74e5dec189761d14,0.28569973518028113
ck_4717f24f2c6f40e1,0.7046241597066611
ck_fc8cd8a8209e802d,0.44489712772458745
ck_71db4131d7efe218,0.30016296598085146
ck_45424ea6f0bc4650,0.679262578936647
ck_3716c6181a5035bc,0.5836219189244245
ck_26de14b96bdad4f6,0.13118761458545528
ck_99c0a41ac9c73857,0.026380118150336116
ck_645f15bbbcff3b4f,0.9811570584640457
ck_b7e25ddd41514d4c,0.2889590547973111
ck_d5c14e877ca7b755,0.31931146873090244
ck_05ea4440dac6cfad,0.362395599918517
ck_c58bafff7b1955cc,0.6349562028926462
ck_f0cf85b67a9b840f,0.561417804033408
ck_ce1500a7f0d03fba,0.21165206763088207
ck_d4972a775aadbbc8,0.49500916683642293
ck_3eb6146c262e0fc3,0.23548584233041353
ck_afb23858a4ef42ed,0.9822774495823997
ck_2c1def5c91c52a5b,0.942452638011815
ck_72e550559487b919,0.4167345691586881
ck_0284dc2b4f856b3a,0.8595436952536157
ck_03be334935e999a2,0.1920961499287024
ck_e35a4b4a3cb4cedf,0.5058056630678346
ck_5abe57dfff4b735c,0.21470767977184763
ck_f5f87f772388efa0,0.7263190059075169
ck_5a22cb36d612236e,0.22448563862293747
ck_8ff1e6028e764472,0.9600733346913832
ck_2ab28149b0986642,0.9400081482990426
ck_c88fc1bac79fa6d3,0.8273579140354451
ck_5b137d74bba6b1b4,0.07689957221430027
ck_11f362dca2dfaf5a,0.6307801996333265
ck_7f960541e5174565,0.2545324913424323
ck_d5458ba39ae94498,0.496129557954777
ck_0a921a73a90c2e39,0.6746791607251985
ck_6ad56ef40086dbe4,0.24190262782644123
ck_b68199ecccf2350c,0.026736606233448767
ck_6dac66c8198c07d8,0.36860867793848034
ck_9b9ce7bebc235fe8,0.18954980647789774
ck_6b817117d87063a8,0.7451619474434712
ck_900d62b3184378c7,0.21216133632104298
ck_eafe9b89857149b5,0.35088612752088
ck_e74716a525ee5b24,0.22667549399062945
ck_4e9a6f06ab134102,0.33998777755143617
ck_b0d33b5a3716661d,0.7131798737013648
ck_8703543bf3134306,0.739559991851701
ck_923d6a0f83accef1,0.531778366266042
ck_52e37e2170532e2a,0.8417192910979834
ck_c1c5ea839c58958a,0.46302709309431656
ck_660f0006780e87e7,0.4909350173151355
ck_830b2c5d1818ac07,0.570177225504176
ck_b080ff636932d1f1,0.13740069260541862
ck_38730aace405f2ae,0.9934813607659401
ck_9790138467a06223,0.17895701772255043
ck_10de0b0d86b17839,0.348136076594011
ck_c3e37a4d3382c32e,0.20401303727846812
ck_dd8edfefa1eba531,0.03218578121817071
ck_8153cdadd300d234,0.05902424118965166
ck_74d0e7c2c6b63d36,0.9405174169892034
ck_c478aae3031bb328,0.29843145243430436
ck_cf301f2194975866,0.7141984110816867
ck_f4de03f44e3a5bd5,0.08677938480342229
ck_b06ce826e593b210,0.6484008963128947
ck_2fc70b6baf6a0e26,0.24607863108576083
ck_d208494cf5c90047,0.6667345691586881
ck_086d29ccae565e5d,0.2569769810552047
ck_d5ef6dc116dee408,0.2874821755958444
ck_fdf0c5b722d83464,0.44448971277245874
ck_de8494b13adeffb5,0.28916276227337545
ck_556786868599143b,0.4843145243430434
ck_4940e78cbdcfecf3,0.5987981258912202
ck_d32fbbfe32c00416,0.5799551843552658
ck_bc7710f7e9fae649,0.17854960277042167
ck_416f7ac57da081a3,0.5295375840293338
ck_6fb39b60c67d5475,0.1440211855775107
ck_e40a156511345d6a,0.088816459564066
ck_49ab879b5aa7fccd,0.8066816052149114
ck_bb643194d1cbc47c,0.9936850682420044
ck_b3ce8f1bcedfa043,0.5227133835811775
ck_558ebde8c29132a4,0.5857608474231004
ck_e6222925762273b8,0.8449786107150132
ck_bd80546b4807dd59,0.312487268282746
ck_bd21164bd2bbb635,0.5327969036463638
ck_ea835557d7043667,0.17101242615603993
ck_1411a80a157ff39c,0.2420044815644734
ck_ab973888c20c9120,0.7745976777347728
ck_95b48972061abe82,0.35149724994907316
ck_fc4a43f8876bf10f,0.9207577918109595
ck_f34fb7ccf82f41e5,0.3022000407414952
ck_5af9934a56801ac0,0.5970666123446731
ck_fc7445ec76389a58,0.9348136076594011
ck_1eeacc26f02fbba4,0.8014870645752699
ck_4f325dd15c9bd45c,0.5693623955999185
ck_5009a6c8bbaf15ba,0.5572418007740885
ck_0f3de7f074bb33af,0.23365247504583417
ck_2cbc2f93a32eede8,0.7349765736402526
ck_4bb90a61c21a303b,0.5905479731106131
ck_3ade9eac7d7b0dbf,0.7652271338358119
ck_4859a58629622915,0.5611122428193115
ck_5fed957287ebca03,0.32369117946628645
ck_ec01ae5351500355,0.1268079038500713
ck_703b41624ae6a5b6,0.3178855163984518
ck_97c38e7f61c27e47,0.4334895090649826
ck_db2c0908150cb2cc,0.700142595233245
ck_64ac5e6fed86ab60,0.9817681808922387
ck_da1c853b0a061e83,0.6820126298635161
ck_9a36916b60178ded,0.9574251375025464
ck_3715bfa7fed2c675,0.31258912202077815
ck_dd3feb77d7d4f6d3,0.4974536565491953
ck_982ebb24174a4ade,0.6116316968832756
ck_f6b7a10d47dd9a1f,0.2797922183744143
ck_1f56fe99f250cdf4,0.23589325728254226
ck_deb3ac0606d6f6db,0.5987981258912203
ck_e666629e5a41b39b,0.381034833978407
ck_756d2c13d02b3e09,0.2170503157465879
ck_7bc752ae7cf5d55f,0.1826237522917091
ck_fc0cc4b25e6a8194,0.31640863719698514
ck_9b2b0e286de78a1b,0.8079038500712976
ck_24b0803447211bf3,0.5906498268486453
ck_82eed68d05a42128,0.5709920554084335
ck_c8a03c516ed5b05c,0.7621715216948461
ck_e914974cee1bccb1,0.5137502546343451
ck_0c533ff2d0f9962a,0.8343858219596659
ck_c12805fa5d970a83,0.49470360562232635
ck_fc2cb29918631f10,0.7469953147280506
ck_c20e89afe575549b,0.22662456712161336
ck_e1ff9e31becc27ae,0.7731717254023223
ck_18116d0ac08f1996,0.9296190670197597
ck_885a83975cea5e64,0.5908535343247097
ck_a0c3059a959ba5d1,0.571806885312691
ck_75257ca7d7da2861,0.7827459767773477
ck_2210f7a0d13bdbef,0.6159095538806274
ck_9cbd9ecf8374f65f,0.19708698309227948
ck_18f67c00ba21fbde,0.38490527602363006
ck_2d28f14d3973d8fb,0.09248319413322469
ck_8b3401b44aaae728,0.1046037889590548
ck_9d8e9ef37797d3af,0.9117946628641271
ck_9f50920c894f64e1,0.22479119983703402
ck_4737e0d56c6fa0a1,0.6368914239152577
ck_52c311f29ca3aca9,0.08932572825422692
ck_6a4981bc721df37a,0.48451823181910775
ck_823539d936c55fc6,0.12212263190059075
ck_df5aedb4118020bf,0.9158688123854145
ck_a911a066ff0f7b56,0.71389284986759
ck_684609767df4a14b,0.691892442452638
ck_f2350bf355dc919e,0.42941535954369525
ck_8452b6cf97c65a5e,0.44622122631900596
ck_084cd84501012218,0.9071093909146466
ck_ace6b72e5bf3e93b,0.6609289060908535
ck_2afdd69094c955c5,0.7536158077001426
ck_fa7d5be26bf7b31c,0.8459971480953351
ck_4b041217690fca2f,0.7607455693623957
ck_9fb8e3d38cdf276d,0.955591770217967
ck_c1ee56d65a42f59f,0.5350376858830719
ck_fdeaa1cd085691f0,0.5830107964962314
ck_5de33a7a87e9aa62,0.7528009777958851
ck_7476e7fe1ff45545,0.6945406396414748
ck_b0a947b498e47018,0.24526380118150337
ck_e3894ed88a7977e4,0.2570788347932369
ck_c7e07ebfb0bc15f6,0.5118150336117335
ck_3a3daa8b376f2a18,0.11794662864127115
ck_87809324c2675b0a,0.561927072723569
ck_7eb4f33260f1dcd4,0.3764514157669586
ck_ab9f0e08af030060,0.8401914850275005
ck_5b8fc4a76f340797,0.19576288449786108
ck_0e7bf10ef49aa818,0.8314320635567325
ck_a44462a3853ac67e,0.9916479934813608
ck_2d14bcd2e0fc043d,0.17579955184355267
ck_df1f2dba802296be,0.9723976369932776
ck_466a7316eaf149b1,0.34294153595436955
ck_50df50af592b0c06,0.38134039519250357
ck_5f9e34c849704b95,0.1475860664086372
ck_7836bf6def26aa87,0.3319413322468935
ck_ba175b1bd8efaabf,0.28631085760847425
ck_1a0aac7f7b94b1be,0.8691179466286413
ck_6768c4b2aa8ce586,0.5868812385414545
ck_eefcf0ed15897898,0.5492972092075779
ck_7a6cb27e390b6ceb,0.38205337135872885
ck_5275be4e1577c1c7,0.15634548787940517
ck_6bc0e5b8c0b7d2bd,0.6044000814829904
ck_4874bdec79f9106c,0.614585455286209
ck_a678731156ad7bd2,0.9063964147484213
ck_db906debc36a5d1e,0.8165614178040335
ck_e87897767c612942,0.580057038093298
ck_45ed5ee496ef8a67,0.5157873293949888
ck_ae20e28f9854f3ee,0.8043389692401711
ck_9ee044b73943a90b,0.6578732939498879
ck_dab34cf6f0626c9b,0.43298024037482175
ck_64a02b7b96149810,0.24129150539824812
ck_c417d06f3e94685d,0.1676512528009778
ck_3e0149cdee4cb294,0.4410266856793644
ck_0e6046fc30f81705,0.41800774088409043
ck_c383aeabd53e9c89,0.8083112650234263
ck_2ef76f1f36e8b869,0.9149521287431248
ck_43948784650bb9ac,0.43746180484823793
ck_bdb966f43ac350ee,0.7744958239967408
ck_5bea0e0ee0b094cd,0.1282338561825219
ck_dff090f03ca5529e,0.08800162965980851
ck_a4691b57f837d88e,0.6011407618659605
ck_99ee90946395d74d,0.9826848645345284
ck_cc81dbc83a8879fd,0.41943369321654106
ck_f3dc0725621b3a35,0.06488083112650234
ck_1bb212d1288b9689,0.5825015278060705
ck_9e7278fc7679f002,0.8463027093094317
ck_3ded7a8720d7e311,0.3511916887349766
ck_798157bcdb9453e1,0.10664086371969853
ck_9fba80f56f357fe1,0.5783255245467509
ck_f1e1c8491f16f912,0.19260541861886332
ck_7b1319a5ca2f63c6,0.9853330617233652
ck_124432fd5c92af7e,0.9617029944998982
ck_148cb0c723284dc0,0.32725606029741294
ck_b56c62c950eda009,0.3210429822774496
ck_a0498755cd8d7188,0.047311061315950295
ck_5379452a9d74efae,0.08912202077816256
ck_6c2453229d608183,0.4606844571195763
ck_f9d8b4813a88c1e6,0.4554899164799348
ck_c2c7d1e45a521857,0.6608270523528214
ck_4364a83a11743888,0.23640252597270317
ck_2cdf5fd97ba75e06,0.9341006314931758
ck_71bc01291e0533a0,0.3841922998574048
ck_a725d7aed2a0bdc2,0.018741087797922183
ck_a9b0c4dbd7db6a91,0.7467916072519861
ck_a4258806a533efa9,0.5076390303524139
ck_905e460591d9a278,0.8613770625381951
ck_20de8abfd8960ee3,0.6812996536972907
ck_252b0a0f1119b220,0.07822367080871868
ck_95e4bef65c36af1a,0.022305968629048687
ck_5ab68b434ad53fea,0.2091057241800774
ck_13677a1957078827,0.08677938480342229
ck_d251e9fa09e542dd,0.9946017518842941
ck_700cb620f300dd47,0.39132206151965776
ck_39a68c55a1bd3ace,0.7782644123039315
ck_61a59a7944d6c53e,0.9680179262578936
ck_db6d1c6d31da967a,0.04410266856793644
ck_650020c500b1b50d,0.2711346506416785
ck_d812eb6930192793,0.03305153799144429
ck_92f6ebc11ebca89b,0.7215318802200041
ck_d87e26eb5bc84b01,0.10042778569973518
ck_66439e697695224c,0.05754736198818497
ck_f21efd504faa654c,0.3981462619678142
ck_15eed0f5652f0352,0.32420044815644733
ck_bcdbf57d98dc0d27,0.8268486453452841
ck_873ceb8004d3a9f7,0.7561621511509473
ck_70bef9ddd4bab005,0.7215318802200041
ck_7560f1891d66f294,0.05652882460786311
ck_f439f16f8693883f,0.3806274190262783
ck_14f9535e53f9c7a6,0.3818496638826645
ck_5984be472d2bc267,0.8998777755143614
ck_ed01be7504dc4187,0.74231004277857
ck_dc3d8b5c17b67ae9,0.3553676919942962
ck_9dc23031b6b494af,0.49674068038297003
ck_fbdac0221bc03f66,0.6715216948462008
ck_863708a99b92ef0d,0.4534528417192911
ck_22b52654776a1ea8,0.9471379099612955
ck_a0714f98001efa0c,0.6642900794459157
ck_9c56114f84e9a541,0.3614789162762273
ck_e155cf506b2fb699,0.2042167447545325
ck_65ed7e72f24731e7,0.4047667549399063
ck_822d6e8e43befc72,0.9472397636993277
ck_b1182471d9ac6b26,0.17936443267467916
ck_821446adc95e6da5,0.25687512731717255
ck_ff182f033134dbb8,0.5484823793033204
ck_9c5feef7647b0588,0.4640456304746384
ck_df935d8bdd44883e,0.22662456712161336
ck_01eb24c18ad11fca,0.7694031370951313
ck_00d6730134a1eb51,0.5238337746995314
ck_79ba8e85678d0224,0.3746180484823793
ck_97e3b04a1350f6e4,0.8051537991444286
ck_74e9747954a46eaa,0.1269097575881035
ck_397d5fcc9972f909,0.8375432878386637
ck_9ede89e8a43c3f53,0.8113668771643919
ck_303b33910d67f306,0.126655123243023
ck_3c17841636f6f7dc,0.4600733346913832
ck_78730527f8ba1438,0.83550621307802
ck_5ee32bc6bb5d1d4c,0.855265838256264
ck_a13fee8cd925d0dc,0.671623548584233
ck_6f847263379f2e43,0.5631493175799551
ck_9b9d9e579e7b55b2,0.7530046852719494
ck_87c1d0a79e79c84b,0.3732939498879609
ck_bfc453eabb472f91,0.14503972295783255
ck_978c21bb5fe3171e,0.8190059075168059
ck_dd882323474431d4,0.5817885516398452
ck_533c4f7400d5ab22,0.7425137502546344
ck_5f217bfe28954e75,0.9779995925850479
ck_ae96d35465b3b4bd,0.39784070075371764
ck_512ebe97c0af94dd,0.7547361988184966
ck_f558fe02bb0219b8,0.37533102464860457
ck_84092e23d5ef4d51,0.3806274190262783
ck_17d3022ca12eacd7,0.49674068038297003
ck_8a8f81bf3558fd9c,0.22540232226522716
ck_0ada6fed1864e7c4,0.5498064778977388
ck_21fe7bc59dcd78fb,0.3724791199837034
ck_e136e20c1c74fe38,0.41872071705031577
ck_e7a530e09d113dd7,0.8597474027296802
ck_7cb0c9ded4d63027,0.8324506009370544
ck_102db9615e722c9e,0.7820330006111225
ck_129e39ddfde92eeb,0.14799348136076595
ck_d730ff21bfd7769d,0.4257486249745366
ck_54459b45d2be8459,0.18369321654104706
ck_7f1c20319eb60aa6,0.9976573640252597
ck_939fede90473e412,0.18201262986351602
ck_e0f9506a6d5f4a1a,0.34925646771236507
ck_9a4967cdf49265cd,0.9039519250356488
ck_b9eaf03453ac7d5f,0.23772662456712162
ck_522477be6376b450,0.2579955184355266
ck_9b6282e3bad50710,0.8491546139743329
ck_a0e3a2facd508e49,0.8392748013852108
ck_97ffae702f7c3d08,0.04858423304135262
ck_344a95cb7115ec67,0.3252189855367692
ck_1f2760764afa45e8,0.13179873701364841
ck_720cd658d11ea428,0.7679771847626808
ck_04e32ee9834c088d,0.946221226319006
ck_2bb1389e5e72c8f4,0.7848849052760236
ck_961e7dbc217cfbbc,0.03014870645752699
ck_f3bce4eccfa6d6bb,0.16958647382358932
ck_e0ccfa0d689339be,0.3981462619678142
ck_98217aeafa0bfefd,0.6334283968221633
ck_a02aeec1914c158a,0.656752902831534
ck_20a17e8f206a14c8,0.35893257282542274
ck_114c32aad4b6183f,0.7212263190059075
ck_79f5198f0decef20,0.0960480749643512
ck_2209de229b4c71c5,0.7190873905072316
ck_6ee939b7f396975f,0.16311876145854554
ck_202f0c14b07ace01,0.5517926257893665
ck_fa24db9d416ab904,0.33784884905276025
ck_cf6aa24b92c4d33c,0.9339987777551436
ck_45f57fb8194cefc8,0.4106742717457731
ck_d5eb179dc45394c6,0.6191688734976573
ck_efb24be983342f75,0.3498675901405582
ck_245f5d62ead5ef28,0.4883886738643308
ck_15fe2a47fa7e92ea,0.10572418007740883
ck_b6527a85fd682554,0.5817885516398451
ck_11f9390a11ce9ff5,0.6445304542676716
ck_ffb4d892c5158201,0.3012833570992055
ck_d4c1da5a1427fd6a,0.8309227948665716
ck_2c041b1efb1c5063,0.6169280912609493
ck_ecc18f40b33be769,0.8151354654715828
ck_0525349f3945375b,0.7646160114076187
ck_0bfe62e0c7eab9c9,0.7344673049500916
ck_b7c37d410b1646c2,0.41922998574047665
ck_4b15b0746318cf42,0.8226726420859645
ck_e5ee006ecd8ff661,0.511509472397637
ck_ccc83cf66365357b,0.3499694438785903
ck_34a33ffe8339f66d,0.9510083520065187
ck_4e39e3b165edab58,0.8743124872682828
ck_1a71f8081ae00190,0.989610918720717
ck_ed8f1200fc049c40,0.9837034019148503
ck_8a5a57858e8c77f3,0.5010185373803219
ck_fff9fdc2adf5100b,0.955591770217967
ck_c76f1bf40f3b787b,0.04929720920757792
ck_1a6ddfeef82b1b1a,0.2615603992666531
ck_478d2667aa9896d9,0.13271542065593805
ck_641c8e7694b21f3b,0.3934609900183337
ck_293581d879f6663b,0.965471582807089
ck_1bfa8abdb22be8f0,0.31034833978407006
ck_05ab5b03d0bf9ce4,0.8952943573029131
ck_35694db37f0cde7a,0.14717865145650844
ck_fe33eb743d714c03,0.35333061723365244
ck_abd10fbcbaf2b038,0.35546954573232836
ck_46d51648c1bf80e5,0.7681808922387452
ck_5c8390017fabfaef,0.7314116928091261
ck_87d55ca333f22072,0.16154002851904664
ck_c39c6a1453e2b92c,0.08443674882868202
ck_69ff1b0aa143a168,0.11346506416785496
ck_e57c79eaab35ded7,0.1669382766347525
ck_463ae759e2b6ad1d,0.8945813811366877
ck_0dae4a7eb587f3ba,0.6055204726013445
ck_9b12fb56529ebc4e,0.10226115298431453
ck_1af547077ba2dd03,0.8759421470767976
ck_de13de941bebc7cf,0.04746384192299857
ck_83dde7da2bf647ac,0.2644123039315543
ck_c80a94d4660041fe,0.7892646160114076
ck_f39cfeb277ef6528,0.0738439600733347
ck_1cec1ed1512a2d3d,0.08341821144836015
ck_7955a359b6448799,0.017009574251375024
ck_8c0955dad13c3ca1,0.12701161132613567
ck_6d4cd2de601a2308,0.7271338358117743
ck_f4536ba8dd2d551d,0.5500101853738032
ck_b379c198d6db2d62,0.6767162354858423
ck_76ea90ebc74bcdc7,0.4406192707272357
ck_734f06bd4aa92781,0.6607251986147892
ck_677e1d0c14cbf569,0.1770217966999389
ck_259271c70f3fbcbe,0.535648808311265
ck_c0b744eb9e7d4eb7,0.259319617029945
ck_3d41faeb96802f68,0.19454063964147483
ck_8f604fa70fc3c8e3,0.4637400692605419
ck_0b3c3bea0e0ed339,0.45447137909961294
ck_be5df076b8a86409,0.12120594825830108
ck_6a475fe324d7d790,0.27093094316561417
ck_3ba3fa5387bacee8,0.035037685883071906
ck_324b9939d9c1c31e,0.16164188225707882
ck_a7fcf7b592f68ca1,0.8109594622122631
ck_5b2728f7cca414ae,0.20635567325320842
ck_5f4a25ffd0b85a47,0.5161947443471175
ck_63d4f5076fe4406e,0.5469545732328376
ck_af528d66c86f0cb8,0.9220818904053778
ck_ac7cdb9b8da7b5dd,0.7783662660419637
ck_3bece63711407e25,0.6629659808514973
ck_d4e0b2a12fcfc35e,0.19545732328376453
ck_ee3e7c9d3a9c74b4,0.7621715216948461
ck_50d7c4dab837bf66,0.5227133835811775
ck_ebcb93a2990fc914,0.5188429415359543
ck_2329cc9702cdf7a0,0.7690975758810348
ck_db1fa53d588bf99e,0.5672234671012426
ck_44e57a0bad5a0745,0.4625178244041556
ck_472c81a144f4631b,0.1195762884497861
ck_1658429acd5306ba,0.4690364636382155
ck_466103ec5bd9444b,0.224791199837034
ck_9757163e25262b74,0.8199225911590955
ck_34ed59bc2c9b0186,0.6367895701772255
ck_b7bd3a7f263f4f29,0.7267264208596456
ck_149662b09d632e41,0.6768180892238744
ck_a9ffd6b3957bd41e,0.28060704827867183
ck_ab80466ef615e85c,0.47412915053982485
ck_f2c824d3473db24c,0.47321246689753516
ck_a4a01fd45936b078,0.569667956814015
ck_8f6ce158c2902877,0.08932572825422694
ck_5189a302cfa7cefd,0.04532491342432267
ck_430a3d03be588201,0.24923609696475862
ck_b5f9dd00914b4db4,0.40211855775106947
ck_52dec82e9cf6135a,0.2242819311468731
ck_95e444a01e2ab4a5,0.37064575269912403
ck_e37cee7b123692af,0.67987370136484
ck_d68d42858a55adff,0.6234467304950092
ck_3abfc010091d679d,0.6588918313302099
ck_cee4e4e1b62bf82f,0.5953350987981259
ck_9ccb17c35e636c5e,0.070177225504176
ck_f72a5a3b0d6c1177,0.10012222448563862
ck_7508aa554fae6afb,0.459411285394174
ck_003aa842b7ca1d77,0.8819515176206967
ck_83b2b192f41ee2bc,0.8714605826033816
ck_64796b6b2c3c7f06,0.6961702994499899
ck_6438ae81d43cb196,0.30118150336117333
ck_2bd73d9098504760,0.7558565899368507
ck_aa8b9b36a099e4c8,0.7271338358117743
ck_e5ece47d0dd10526,0.43522102261152984
ck_16077ac345472e6a,0.4735180281116317
ck_a4d6e152b0076964,0.33907109390914647
ck_d90b1d03ae151f62,0.6724383784884905
ck_18b36d342b530af4,0.5662049297209207
ck_2a01e610348b84f8,0.581177429211652
ck_0a93ed76bf36c8b6,0.7426156039926666
ck_3d56b477fe2370b6,0.6324098594418415
ck_17ab3068fa303682,0.13821552250967611
ck_592a3520d841d11b,0.6785496027704216
ck_84d07028b5fca2f6,0.5321857812181707
ck_f4a2bb10afa85743,0.43674882868201265
ck_4fe4b072f03f2c1e,0.29333876553269506
ck_9ad08fcc183ea1e7,0.13577103279690364
ck_130d3848b9dcdb05,0.20299449989814627
ck_bb399ed6bf28c230,0.5760847423100428
ck_a31a64a39a2c4941,0.309227948665716
ck_c49f25dfb39909cf,0.19871664290079447
ck_55f50a9ae2db8ff7,0.21032796903646364
ck_09faa4e771cf876b,0.41169280912609496
ck_df520a7a6e405889,0.7766347524954166
ck_8c8c98cc694ac900,0.7286616418822571
ck_7f0c4f609673ef62,0.5378895905479731
ck_f51fe59cd445d2cb,0.1968832756162151
ck_b3fb83f0d772a831,0.6540028519046649
ck_d6e7e257751c299b,0.13903035241393358
ck_0d362ddb4a1cb6d4,0.3944795273986555
ck_a574a08edaf81781,0.5424730087594214
ck_a823f5bcb0e4b9df,0.20951313913220615
ck_f792586ad0381eac,0.5070279079242208
ck_54bfd70022c66983,0.34721939295172133
ck_fe0a9372c9372de9,0.2227541250763903
ck_5691cd6fdb6d8147,0.6382155225096762
ck_a95f212a02433d23,0.5157873293949888
ck_f5adad75e1c06731,0.7733754328783866
ck_e09c97520eb0533c,0.3066816052149114
ck_a1e13c0d58560340,0.13587288653493584
ck_cacc2ca410cbe80b,0.46730495009166834
ck_c0dde2a6ef1e08c5,0.17590140558158485
ck_a04403073c90ce38,0.06681605214911387
ck_03d3026107175dae,0.6207985333061723
ck_50176dae5b1b716d,0.39794255449174987
ck_6c084bfcb38e96c3,0.7336524750458342
ck_36d2be9012f7909e,0.7788755347321247
ck_958acf84c6137a22,0.4521287431248727
ck_114722e12db90a73,0.2963943776736606
ck_203c2a22c0c165ac,0.5414544713790996
ck_2c44ca550e5cfa82,0.3815441026685679
ck_df0a8f20ab8f14f4,0.7062538195151762
ck_826a27ff7555192e,0.6207985333061723
ck_09a988ebcf062297,0.8747199022204115
ck_5c82444b3b9160ae,0.595436952536158
ck_f6a4a7ed27fe76fc,0.665003055612141
ck_17de46314b5c6a92,0.5906498268486453
ck_335e63101b1e6c4c,0.8030148706457527
ck_c5eefc0697451de9,0.6425952332450602
ck_49a0efb5d4067b6f,0.7868201262986352
ck_c1f4509c8f5dac5c,0.10735383988592381
ck_57658eda1c59bc52,0.25086575677327355
ck_0d5c0736ec76385a,0.0723161540028519
ck_e0239e6ae30795a7,0.5899368506824201
ck_e4459115cd8e5e4f,0.3594418415155836
ck_bb4aec09d4968dda,0.805357506620493
ck_a1b4c96faed3e0db,0.31258912202077815
ck_8247b79ac67aae7d,0.3447749032389489
ck_fe2fc7d6e5d83f09,0.8913220615196578
ck_f6aea576cde8d592,0.11366877164391932
ck_b7e7f7d0cd886412,0.6367895701772255
ck_ca7b993e8286af7f,0.4014055815848442
ck_47de038381a9cd65,0.9080260745569362
ck_d38f941d09eec820,0.8403951925035649
ck_d9ba2a6c0d926b4d,0.21470767977184763
ck_cda72f597330d0f3,0.2804033408026074
ck_16d2d27fadeeacf7,0.5044815644734162
ck_be05447853d423a9,0.10918720717050316
ck_cd92852d7376a4a8,0.11692809126094927
ck_2faf7ecccc9fec58,0.1339376655123243
ck_db8733fd92f20cd7,0.40110002037074766
ck_a9989a3a94c26634,0.5845386025667142
ck_957fb25437c75e41,0.7321246689753514
ck_e6a6caf6e7de17c2,0.2753106539009982
ck_f7bc569b37e8bdda,0.4632308005703809
ck_703b375dd86a6124,0.46078631085760846
ck_d3cfb3603f2c6ca3,0.5885108983499694
ck_07cb2b6f2a4303e1,0.7377266245671216
ck_31631e2028d4f855,0.5593807292727643
ck_1631bab0ba1256db,0.6440211855775106
ck_5fdafeaec036f016,0.5966591973925444
ck_6eda4c36aecad602,0.2762273375432878
ck_bd1bf9e3e29de281,0.8427378284783051
ck_bf378ea558a4125f,0.9363414137298839
ck_7aa2deeda0e57412,0.9542676716235485
ck_d229cf7f5a3f38ca,0.46587899775921776
ck_9e109edd124492a5,0.3149317579955184
ck_779491819995625d,0.8841922998574048
ck_b89c6fa2ad0a12f5,0.49358321450397225
ck_1d01b4a609918c4e,0.9396007333469139
ck_714c5d7cb17bc9f2,0.2163373395803626
ck_269f1746f2609ed4,0.47677734772866165
ck_4be03a2aa62b93c7,0.14076186596048074
ck_cf920313f6dd28fa,0.166123446730495
ck_fb00aae4e17740c5,0.17661438174781013
ck_085d8c42739e2b10,0.9924628233856183
ck_c72a7d0d03cf3e17,0.8383581177429211
ck_8f6ca5d3b17eac6e,0.18313302098187004
ck_d9573100bbff4014,0.904563047463842
ck_79d6793d1d0cf43c,0.13852108372377264
ck_91fa5032f7aff0f1,0.7766347524954166
ck_87110d84872c0fed,0.4359339987777551
ck_8220da627e9992a5,0.1767162354858423
ck_2ae44938847f3852,0.5216948462008556
ck_b0f191e44f9b6f35,0.6241597066612344
ck_3049d744b527f4d0,0.42371155021389284
ck_47d3e8d1dd3fbcef,0.5644734161743736
ck_ddf787359d2b5deb,0.059584436748828684
ck_b27a9e39726b26d9,0.34691383173762474
ck_80c4e9274cf976b6,0.9882868201262986
ck_c6afa913168ce8fa,0.24882868201262986
ck_52427b3f8478db19,0.4548787940517417
ck_3b810f15ca0eaa55,0.26909757588103483
ck_0c9e420f97baaa06,0.96924017111428
ck_f8540cf3a8b2f8c9,0.511509472397637
ck_1402d24dd623df72,0.5156854756569567
ck_eb4f4267e24d042c,0.5594825830107966
ck_6f661b428d6fb8e4,0.5392136891423915
ck_519a26ecf3d29c90,0.02811163169688328
ck_e886ba71d4a6fd73,0.5130372784681199
ck_437f9ecd2016a1a8,0.2033000611122428
ck_f01af1b0c977cc06,0.3331635771032797
ck_614f777c2eb5d537,0.28244041556325117
ck_b804e784cde9af8b,0.5295375840293338
ck_c2dccbc1b24b137b,0.9605826033815441
ck_1df4a1781a0f6999,0.6826237522917091
ck_bd2cdd53fca26171,0.7241800774088409
ck_424c254249a109f0,0.7309533509879813
ck_cf2ca4f286e289ba,0.7997555510287228
ck_6c33cb15b0d8af54,0.2778569973518028
ck_311d395fa9b8550a,0.7927276431045019
ck_9f792e7e721ff7f1,0.16429007944591567
ck_4c37586080edb7fd,0.15094723976369934
ck_7c4f42c5397113b0,0.12293746180484824
ck_fc418f53ce4aa579,0.991240578529232
ck_1ba28fb7ef726ce2,0.5296394377673661
ck_d932f98bf6b83956,0.8551639845182318
ck_248b3659a9239240,0.736809940924832
ck_6a92cf5f4cf5de38,0.36443267467916074
ck_65519d0fb137e0c5,0.2859034426563455
ck_ddc3fc99eaba2064,0.5661030759828886
ck_7310cda3bc65a73f,0.14045630474638418
ck_c01c85bd631d4054,0.2141984110816867
ck_b4954d16b9749829,0.2544306376044001
ck_f301f6758e170d66,0.5735383988592382
ck_9bf95f8c47e7c7b4,0.21246689753513953
ck_c91b7fccf6aeb4a5,0.5510287227541251
ck_785fa45e86bc5e95,0.450091668364229
ck_2a65f1cc23f1180e,0.19983703401914849
ck_a49a2c1f881a3560,0.10114076186596048
ck_def344d68f06d749,0.8109594622122632
ck_abbd1465fc730d78,0.2887553473212467
ck_07a5610ed28162fb,0.3850071297616623
ck_7ecdee2d7127be8b,0.381544102668568
ck_67858bc00e81490d,0.16714198411081688
ck_b4ad165ace910222,0.3642289672030964
ck_30753ffe481a1b8c,0.8939702587084946
ck_c401a26725b17177,0.31696883275616217
ck_819988d8a7f26415,0.22998574047667547
ck_3364a1d9261b3638,0.2643104501935221
ck_c484c5bda389bf20,0.012018741087797923
ck_ae416325fef92c9d,0.9575269912405786
ck_5517b9a865960542,0.6379099612955795
ck_a0e96fed380440b2,0.6198818496638827
ck_e83409471d2b0b44,0.7689957221430026
ck_127273af97d7827d,0.4087390507231615
ck_aaa9861c91bd14dd,0.27744958239967404
ck_a378c58294001a36,0.964351191688735
ck_abb9d65ff1f95b64,0.8550621307801997
ck_a5ecbefa849ae569,0.21531880220004074
ck_aa9953c0ca2bed7b,0.03371358728865349
ck_40bc6de252865f32,0.14845182318191077
ck_9fb11688dcfe1513,0.5047871256875127
ck_ba68841ca2ba073d,0.5081482990425749
ck_1d3e561a7d20be0a,0.9918517009574251
ck_99a92d710a29c1d0,0.4875738439600733
ck_ede2e887697ffac0,0.09635363617844775
ck_e6de67c0d82a7b83,0.4304338969240171
ck_6b38763bf5ddbcef,0.6980036667345692
ck_8dd44eead7d765a5,0.4033408026074557
ck_30bf5b0056eea9e9,0.9323691179466287
ck_2981d16f8a51a8ed,0.6174373599511103
ck_fc60f42c68c7024f,0.6656141780403342
ck_8e2b2251ee224aa4,0.5458341821144836
ck_1906f0dfaf6e9bad,0.9664901201874109
ck_dcbe6814fc4ca0b4,0.7830515379914442
ck_f7e958a286ae3b57,0.24322672642085963
ck_713649668a7ca824,0.34487675697698106
ck_6f73cdbf9305e2ea,0.6198818496638827
ck_dd1c490050cd9051,0.43430433896924014
ck_e30db36e376606f7,0.8970258708494602
ck_740d8fe8028b5a2e,0.4590547973110613
ck_ebbc9418cd41f692,0.21185577510694642
ck_7b3cc6cc3f250f39,0.7471990222041149
ck_1d30eef7110809e5,0.8969240171114279
ck_77e0589ab339ca66,0.08107557547361988
ck_15ccbf8ff7d14086,0.40252597270319823
ck_246989b0c288664f,0.538398859238134
ck_fc2a6e27b10b10e9,0.0594825830107965
ck_8afc1112c12f5402,0.35261764106742716
ck_a76e8d83b9141364,0.49714809533509885
ck_51d3e8dd7465c015,0.151863923405989
ck_e7b4016909405981,0.0823996740680383
ck_e7a3cfb9bf908e80,0.5835709920554084
ck_2bb49dc2388cdc1e,0.1166734569158688
ck_94f4266ee7871345,0.47188836830311676
ck_b2c896beec146477,0.4221837441434101
ck_fcf5d4a4748cdd53,0.25239356284375636
ck_fd0483639811f62e,0.8708494601751884
ck_9a21d183524734aa,0.5506213078019964
ck_1df4b46c0a4c317d,0.5222041148910165
ck_638df9e8a22dfe0b,0.4878284783051538
ck_65acc43a6dc3e65d,0.23955999185170096
ck_7c67b73196e3d0d9,0.32542269301283355
ck_b0ee3a98175b462d,0.282338561825219
ck_20fad010969f1abf,0.09156651049093502
ck_54b087bd873af8b8,0.4241189651660216
ck_8007824431fa803b,0.279079242208189
ck_23aab322810b9fec,0.6242615603992667
ck_c8001bdb9aafc8a6,0.6332246893460991
ck_3a34c3ac83cf84b3,0.18221633733958037
ck_60187ac2c473a662,0.9927683845997148
ck_6a0ccd7357979f0f,0.6728457934406192
ck_27f20337bef5ffe0,0.6390303524139336
ck_f9fc468915afe49c,0.6863923405989
ck_1eabc15a94bd9009,0.5603992666530861
ck_26896c494b2768ef,0.7198003666734569
ck_348c874eaf0354f4,0.6104094520268893
ck_be9c46acd216b45d,0.5167040130372784
ck_a3cce46d15cc20a2,0.7743939702587086
ck_70804f60d9704128,0.7639030352413934
ck_a019151ca8e7527a,0.6643919331839478
ck_571133b2aa8ead51,0.6928091260949277
ck_0afa4449f20d5196,0.10134446934202485
ck_4d503c41cf4e5034,0.5095742513750254
ck_d6fb9cc5171e3e9b,0.9562028926461601
ck_05ed92a7c3e10e5d,0.7155225096761051
ck_bfb067986660afe3,0.7828478305153799
ck_c1a31690c8573226,0.3195151762069668
ck_cb88ef3dc1f42225,0.1333265430841312
ck_21e3b3bd998745e5,0.7373192096149929
ck_cf52e46fa54e4540,0.11285394173966184
ck_b72c7ac4208052ab,0.36096964758606637
ck_e6465c56b337e6c2,0.459971480953351
ck_5f87eb05d18186c0,0.5590751680586677
ck_263f6c5ff26b5e98,0.33336728457934406
ck_e0b7e2c0bbe228d9,0.21042982277449582
ck_b657ae3c146cb7bd,0.11234467304950091
ck_abac514d8167ea58,0.6967814218781829
ck_024dcab126876002,0.7169484620085558
ck_5d8481e2b38bd99d,0.8172743939702587
ck_edf229c17d25dac1,0.644734161743736
ck_6cb7c97b72d6b5d3,0.566306783458953
ck_c96ae2c28086a059,0.8149317579955184
ck_2f241b97c0f8389e,0.7570788347932369
ck_9158bdbb63ee8987,0.5514361377062538
ck_e7b40b60786c1530,0.14570177225504174
ck_66d38518f68e6194,0.08290894275819922
ck_8c9b57ad2a991416,0.10969647586066408
ck_cc91bd7152d3e9ba,0.7903850071297617
ck_0d846660c7957a88,0.44662864127113466
ck_60896cdac2212bea,0.8594418415155836
ck_dc4db8b932df49de,0.5392136891423915
ck_2dc31db181150e20,0.1489101650030556
ck_2f138fce1171e277,0.8155428804237116
ck_68b8b859a6ef505b,0.544917498472194
ck_c3fe0c6c5e1f40f6,0.2543287838663679
ck_15886fe84866de92,0.6675493990629455
ck_ea269b35406473e8,0.10490935017315134
ck_3ce7cad1f69b71d6,0.3637196985129354
ck_054ed4288ee58d6e,0.6537991444286005
ck_3d4913a86f207fee,0.7704216744754533
ck_23ff85f9d2355e8d,0.5928906090853534
ck_d87ab3261322216a,0.1826237522917091
ck_fac046ce336fe39d,0.5727235689549807
ck_beb97e498e6cf8e8,0.4750458341821145
ck_1f517e0ebf397b51,0.05337135872886535
ck_0af57ebaa45877a1,0.14432674679160726
ck_f99bc1732ce5e999,0.6286412711346506
ck_abb056a9deab275a,0.7512731717254023
ck_0bfc394c5faa65cb,0.7043185984925646
ck_ddc865af1dd5670e,0.4432674679160725
ck_68b5542459638b56,0.8089223874516195
ck_0b1d84252c0b46c2,0.2035037685883072
ck_520ec32c4f253604,0.35506213078019966
ck_79ffcfee599d77c7,0.5264819718883683
ck_eb224c0fd146253f,0.4462212263190059
ck_0e477084434da450,0.6435119168873498
ck_07840bba5570785b,0.753310246486046
ck_6b67fe8e310ab865,0.25381951517620693
ck_e2a1068c2fa22525,0.44347117539213693
ck_b9c6b32f6bd92a3c,0.1882257078834793
ck_c1e7d1021ae58f00,0.1610307598288857
ck_5d7801201749ffde,0.595436952536158
ck_c8806749e263f70b,0.1468730902424119
ck_c9eeab826781dc91,0.4826848645345284
ck_309a432c160a17b3,0.511509472397637
ck_b22e3337b8e3dbb2,0.1869016092890609
ck_79c30169c71b8033,0.949582399674068
ck_5a6593d954085775,0.6294561010389081
ck_70b9b79ea1aacba8,0.682521898553677
ck_63743141ffa11f45,0.41861886331228354
ck_dfd3dbd0d97a642b,0.4513139132206152
ck_635646a661f05b4a,0.29690364636382155
ck_4b123d6931b6d0d7,0.9489712772458749
ck_f2b0e7a47f442557,0.9453045426767163
ck_1b1df006b81d38ba,0.2778569973518028
ck_360237c1bd30f4bd,0.587186799755551
ck_5e84bca0e362da20,0.5215929924628233
ck_142dba210ed2f3b5,0.12059482583010797
ck_a3564236069e3524,0.8962110409452027
ck_cf36d8b070ded782,0.6350071297616622
ck_ddd6625c5eddad70,0.09655734365451213
ck_ad54292a0b2f44ef,0.26685679364432674
ck_45cd5ef6b359e9b4,0.3662660419637401
ck_982c2392238b7be3,0.8689142391525768
ck_083e4ac78685c3bb,0.47005500101853737
ck_729cc0b46cc2e546,0.8245060093705439
ck_f2b8995fe5402759,0.16805866775310654
ck_73e24f5a8da289b3,0.6065390099816663
ck_bd85f30c36f5998d,0.8011815033611733
ck_ee4ff3aeadf912c1,0.15878997759217764
ck_63d2978706e193d2,0.21267060501120388
ck_6a0684436a1e66c3,0.9137298838867387
ck_182dc4a2f5a366da,0.10368710531676513
ck_e6fecb82fc2a82de,0.48961091872071705
ck_cfb06f07394dfe64,0.04145447137909961
ck_7bbe1dc8add17ef0,0.6708087186799756
ck_5cacad76e02c8e3d,0.958341821144836
ck_ca68dec0c7df5a12,0.3517009574251375
ck_e4c0fc52c82065d3,0.40782236708087183
ck_f9197b070416f443,0.24108779792218374
ck_2a07c7021b71cf65,0.6101038908127929
ck_4fa85cebf707de2c,0.2845793440619271
ck_0063d2a9507467e5,0.17396618455897334
ck_ec986285fff05b7d,0.14239152576899572
ck_279d43303708109b,0.5090649826848646
ck_a406bf11e48cf8c5,0.7153188022000407
ck_064b2aa3f0bfdb6e,0.831126502342636
ck_95790440bc4bd2d0,0.29262578936646977
ck_70066eea13b4c34f,0.4666938276634752
ck_19468fe07e26f992,0.9910368710531676
ck_86bfe328e0a533b9,0.966591973925443
ck_ace3b96c977a7560,0.9264616011407618
ck_642344e5c652d8df,0.7488286820126299
ck_074be35c951ae10a,0.7243837848849053
ck_f14dce41036486a3,0.9892035037685883
ck_5cf67a3a747e684d,0.8510898349969443
ck_f7285b92648c1c81,0.17437359951110207
ck_bef3193f124fca5c,0.839376655123243
ck_05c4dcbb45de1f8d,0.1613363210429823
ck_d7c28eaa05bb7144,0.47626807903850077
ck_320df984791a1b99,0.12782644123039316
ck_f45bad1606fa00a7,0.348136076594011
ck_6f81c199e986d9fc,0.6882257078834793
ck_d0c9633fed57c344,0.530148706457527
ck_a3c25d6cc7478068,0.3184966388266449
ck_4185506d12cf9fa0,0.20156854756569567
ck_7a02ee1bfba7353b,0.5664086371969852
ck_1b52590757c0fbeb,0.34406192707272354
ck_a0e5656e1cf9cbf5,0.4241189651660216
ck_ace21f6daef94f6e,0.3715624363414137
ck_646d8d0834782d6a,0.8054593603585252
ck_1f136a4476b5e775,0.45161947443471173
ck_325c7643cce02da3,0.4981666327154206
ck_9b5e7fe28208f5d1,0.39427581992259114
ck_05d81b1a150f31c5,0.11478916276227338
ck_0e9ec486bff403c5,0.5603992666530861
ck_ee13c091bc379188,0.49215726217152167
ck_f7a7f8f5903617c5,0.5206763088205337
ck_96c3a3517153390e,0.5208800162965981
ck_538dad7f096458ad,0.6035852515787329
ck_8758fc6622bbb7df,0.6195762884497861
ck_f7e53af3c91fec64,0.6890405377877368
ck_80b50fad7f255e1d,0.13566917905887146
ck_9645e7adc08631b5,0.49215726217152167
ck_e007aedbf37d6ec7,0.5691077612548381
ck_2951d76c41de2569,0.323996740680383
ck_9439bff87e616d4a,0.39498879608881643
ck_a73045e96af0e4fe,0.7613566917905887
ck_7b382e533e2e925a,0.5524546750865756
ck_730226c2d216cacc,0.16856793644326745
ck_bdf837d761a7cec2,0.8748217559584437
ck_0b34197335ba3341,0.22255041760032596
ck_49170c4b31a20f5c,0.08973314320635567
ck_cd553ba6589d8bfd,0.35292320228152374
ck_56b992c6f136fa5e,0.744550825015278
ck_8beae3d7328fa41a,0.38297005500101855
ck_1a065ea906ae3d6a,0.11417804033408026
ck_e9e3381d5e0e5051,0.4906294561010389
ck_a6d4f998dadc90c2,0.918822570788348
ck_d36733da917115a6,0.758199225911591
ck_e738e920bbd74a7d,0.773579140354451
ck_af65eb885a51048d,0.23986555306579754
ck_73f4eb09af29b1c0,0.4419433693216541
ck_8fc641b1750a2542,0.8532287634956204
ck_41b954c7a948c060,0.26115298431452433
ck_25fc3010e8a0f6d7,0.22000407414952128
ck_a2624e0387974e0e,0.6492157262171522
ck_5cb9d7b2329d5ab6,0.7710837237726624
ck_6c83aa1d100a7cd8,0.8659604807496435
ck_67025c64588abd1e,0.22092075779181097
ck_f5dde68f6f0468e1,0.032593196170299446
ck_46bfb2cfc29a6d2e,0.1706050112039112
ck_49dddb894d33f6db,0.857506620492972
ck_f738b633b8862d18,0.4043593399877775
ck_3d6c3c00d854f5a4,0.7590140558158485
ck_cdb8061d8d1a6c5f,0.1232430230189448
ck_5e1b81848718bdc3,0.6040945202688939
ck_8def763034187436,0.5909553880627418
ck_8f8e4fb9c6190272,0.1976981055204726
ck_368b968b5f33431e,0.07791810959462213
ck_ba7e347251ea399b,0.6528824607863108
ck_9075432001a64e75,0.450091668364229
ck_73c5371635aca173,0.976369932776533
ck_81793387b38047cc,0.17325320839274802
ck_0cf220816e320ac5,0.17203096353636177
ck_820219bb9c761b52,0.941841515583622
ck_70a932ab39d86a24,0.039570177225504176
ck_2c4be237a7ed79c7,0.020523528213485433
ck_acc764b49ef02826,0.8204318598492565
ck_74c3c3452e4e7cce,0.3315339172947647
ck_34dfb57e5bf31d2f,0.7881442248930536
ck_6ec39903f765956d,0.8022000407414952
ck_5986119e7d81e831,0.6443267467916072
ck_2ddfc948b8eac752,0.7446526787533103
ck_921ff5ceaf40a968,0.7260134446934202
ck_fb3b68b4424b5f92,0.8508861275208801
ck_c3db1b3ad4f16679,0.592686901609289
ck_124a197be41687f5,0.5009166836422897
ck_c58d9151834f5bad,0.6477897738847016
ck_389607982eb6b701,0.9679160725198614
ck_fb0c138c003e933a,0.0966591973925443
ck_50d0bb7edd8c69c0,0.724791199837034
ck_c6cb651149dc9a8a,0.13546547158280708
ck_81e21354e477eceb,0.6087797922183744
ck_7696e38b3e4197b0,0.7096149928702384
ck_586001d3ed9e7fbc,0.09839071093909146
ck_bba413492dc46f2a,0.6481971888368303
ck_95b894380ad2702a,0.8594418415155837
ck_277621473369614f,0.9952128743124873
ck_a50621b5eeca84b4,0.46170299449989816
ck_bfa7ba218b988cde,0.6433082094112854
ck_5ea89567dfe78e4b,0.5708902016704014
ck_6c679602a6476ab2,0.1432063556732532
ck_d3885e286b3b11d2,0.32420044815644733
ck_cdcf6671b37c9c92,0.401303727846812
ck_b5c93e6d34f8d366,0.06783458952943573
ck_c24f61925dc158d5,0.83224689346099
ck_cd09375e6c81d2c4,0.7370136484008963
ck_a95afc7a00303a26,0.7880423711550214
ck_8e89ca8b39f3f8ad,0.11702994499898145
ck_9a84b396aada3fa8,0.8083112650234263
ck_5124a2e415384945,0.7296801792625789
ck_d66bb1f063357f99,0.2041148910165003
ck_0fd9312411b0ac55,0.6864941943369322
ck_ad8cbe6e27e47ede,0.6836422896720309
ck_8398adeaf41f9cae,0.6858830719087391
ck_dcf851e7bb5855d0,0.06508453860256672
ck_9affb0f26776b642,0.17315135465471582
ck_f0424b3b36bdbef0,0.7416989203503768
ck_66746d1090d6d9e9,0.1567529028315339
ck_e5f8c8a5824db594,0.1904664901201874
ck_3e91dcc209431984,0.782338561825219
ck_126a82e8d42e5ce6,0.25524546750865756
ck_38e4a74ab256e2eb,0.45599918517009574
ck_1225a97fc413a419,0.6921980036667346
ck_9b5ec0f78e160e65,0.05143613770625382
ck_7c5529bcc079600b,0.8024037482175597
ck_29640fc2fe81c251,0.3847015685475657
ck_160e9ba0a3f7c1fd,0.274699531472805
ck_bff090cb4ab76b9f,0.3655530657975148
ck_aa06ed358e43db69,0.7250967610511305
ck_7264486eb512d84a,0.45956406600122224
ck_f5a32e6160b28379,0.3075982888572011
ck_4ba8bec14c2217e1,0.5687512731717254
ck_610815786d729d2f,0.20360562232633939
ck_e267999226b6321b,0.07791810959462211
ck_f3996a3c8eea1ea0,0.6967814218781829
ck_e9b75ed7567a3f23,0.356895498064779
ck_d21612d48bb4f7b8,0.26359747402729683
ck_1f871df76c6a995b,0.8401914850275005
ck_953bd5de48ccd70f,0.9525361580770014
ck_02a9104419a6dbaf,0.34212670605011203
ck_1eeeee651e05d535,0.7955795477694032
ck_e2ab04136a442a98,0.2849867590140558
ck_f0d806624ef3d359,0.6301690772051334
ck_4b68b38c1b3326a3,0.38684049704624157
ck_74e60495f8861156,0.4510083520065187
ck_398f3f4cf05c721b,0.29140354451008355
ck_f761b7650a0c1a85,0.5842330413526176
ck_7dadef33f5e2d94f,0.9846200855571399
ck_6ff6883633b8c7ba,0.0987981258912202
ck_4d2159603045109e,0.4584436748828682
ck_a38bd07a5fac5c9a,0.16724383784884905
ck_f517f06551e69507,0.26909757588103483
ck_a7ea00a1760ad561,0.9864534528417193
ck_31fc51d5a3dfe16a,0.46832348747199026
ck_bac5233623b25ca4,0.3036259930739458
ck_385188ab27784fe3,0.817478101446323
ck_9947a323bab5cacd,0.8219596659197392
ck_7973edc9f22ee7b6,0.8169688327561622
ck_f97c477986043755,0.31564473416174377
ck_1a3fd2cc4b4de196,0.8716642900794459
ck_e18ac29ea62cb435,0.7979221837441435
ck_9720a472a3e0140c,0.5391118354043594
ck_668c7fc7d7e47c0e,0.43471175392136896
ck_214af0806470ef48,0.5399266653086168
ck_a46c1773f01f0be7,0.771440211855775
ck_f2bdcfb4203ffdee,0.2513750254634345
ck_40e84e6ffe788a4c,0.4532491342432267
ck_dfc6f5712d8d6678,0.8368303116724384
ck_01ef1036b2e66a4b,0.4286005296394378
ck_3acfec10eec32f9c,0.6075575473619882
ck_084a85145c15ed77,0.4368506824200448
ck_fcdb4fe2f095fba1,0.514768792014667
ck_023908db0a193076,0.8659604807496435
ck_fec0ff92fd622253,0.7078834793236912
ck_c009c97d5fafbced,0.7347728661641882
ck_eb9f0c06ee017ee5,0.4381747810144633
ck_d7792b429620fc24,0.3704420452230597
ck_5e9e149a3b69c726,0.7644123039315542
ck_ce927322ef8f651c,0.2854960277042168
ck_b8fd61a8e82bce32,0.9466286412711347
ck_9aafc33fba1474cb,0.4212670605011204
ck_ce81ff9b8b35562f,0.22448563862293747
ck_25bfca1d8eaa152d,0.5741495212874312
ck_170c65860e2a7e23,0.15247504583418212
ck_952da7ca9f33decb,0.20533713587288654
ck_1ebd574406235957,0.4172947647178652
ck_589109a188adc2c1,0.3150336117335506
ck_f0cbd5383bb07778,0.5524546750865758
ck_242521e261148fba,0.1697901812996537
ck_509cece86a558de4,0.2106335302505602
ck_0dd7c5925d28755c,0.4193318394785088
ck_a7e669cf1c3985aa,0.4189244245263801
ck_acb84dc2351eeb76,0.29853330617233653
ck_b837c7dac2a9b931,0.5343247097168466
ck_18eb1f9181f95df4,0.27317172540232226
ck_b0b9047dddb1ec84,0.9471379099612955
ck_43aa136bdb0a2832,0.9419433693216541
ck_3e47f8c56c811700,0.5323894886942351
ck_77c587d24695ea15,0.7330413526176411
ck_20578ac693ea4e93,0.8948869423507844
ck_b9f6040eebd1605f,0.8773680994092483
ck_ca9d86f65cfdf018,0.36881238541454475
ck_a4fa8833995c716a,0.47066612344673053
ck_f589f1e29301b5fd,0.8420248523120799
ck_961ddb8ff55d868e,0.1646974943980444
ck_5662492a54e6688b,0.7180688531269097
ck_ad48826c1c26eb78,0.9748421267060501
ck_621c9ddde6bf2eca,0.427072723568955
ck_417a3500b2c717b3,0.7416989203503769
ck_c7e129058beb3ac1,0.6323080057038093
ck_ec1c902b9b9b9c5f,0.5592788755347321
ck_317360ec0a67d27e,0.8916276227337543
ck_3e3ea5d8c4a229dc,0.6021592992462823
ck_d11d27de7bf0b973,0.953350987981259
ck_d37d56e931105db0,0.48808311265023424
ck_4863077723cd6ce1,0.1739661845589733
ck_479a065d5903e9c3,0.1081686697901813
ck_e66ae4fd586fedea,0.5238337746995314
ck_192bbfd0d5720134,0.13078019963332654
ck_3b436cb29af99f3d,0.5831126502342636
ck_7c7ca54969eed187,0.7037074760643716
ck_826ee896c9f1144d,0.9356284375636585
ck_ba1f6dd43fc8a0b1,0.3789977592177633
ck_49685deb63e4e8f8,0.29914442860052964
ck_687ab5d5554bfa79,0.33265430841311877
ck_41346ccd9242cc8f,0.1396414748421267
ck_8f8e5e2b9dfec3d1,0.8428396822163373
ck_94d5ce61a0c50465,0.7020778162558565
ck_6b954c75aad8c012,0.5990018333672846
ck_748af92828c9d288,0.4330820941128539
ck_dddd14091ce812c2,0.44866571603177835
ck_723323f6870fab59,0.5344265634548788
ck_dbdf8d0708cc6718,0.277958851089835
ck_f04938570a154de3,0.271389284986759
ck_58afa1550b3b5294,0.46964758606640866
ck_3b150afde386ecff,0.6415766958647382
ck_666b95e75d99ec4e,0.9624159706661235
ck_e00332597cf1eb24,0.5634548787940517
ck_9a9e3dac79280d7f,0.7647178651456508
ck_e8d37262e859d9a1,0.7957832552454676
ck_895bb39d24bc1c4c,0.06101038908127928
ck_b367449195e36499,0.6359747402729681
ck_d23f9a50d1135ce1,0.770829089427582
ck_670dc4910cf476c2,0.03401914850275005
ck_3ecd8a5ce65e21ca,0.519759625178244
ck_8584fea2df4c6317,0.624465267875331
ck_0789ff4562202b20,0.6769199429619066
ck_749e0e50c3907be8,0.12436341413729884
ck_c3ff6790cc6d7e34,0.272458749236097
ck_75fb7e56432ee4b2,0.11687716439193319
ck_529fc3170fd11abd,0.7189855367691994
ck_34a69b3b4a681796,0.900794459156651
ck_255f0e5888ae9e23,0.7716439193318394
ck_65be698386474170,0.0896312894683235
ck_5eec9ed855c26000,0.34783051537991444
ck_5ab39bdc9610f6f3,0.9386840497046242
ck_1b5b75762f033462,0.5977795885108983
ck_d3e208671cf37f91,0.9815644734161744
ck_5068ee554ceff971,0.5988999796292523
ck_d7d50fb57fcb2d0e,0.004787125687512732
ck_ba6e1115fceaa067,0.6751884294153596
ck_d07bfb16a4a7dac0,0.9573232837645141
ck_ead68310311690c8,0.9669993888775719
ck_ee53ce862bc9c111,0.5259727031982073
ck_97e56e6037024dff,0.141984110816867
ck_80b04344c98ec072,0.5426767162354859
ck_5954f45a2ab45f43,0.690772051334284
ck_18ddf7e836256e3b,0.32715420655938077
ck_89a1a780144d808b,0.5923813403951925
ck_a7331e8b808c39aa,0.7794866571603178
ck_a1fd0ad03ff9b776,0.6164188225707883
ck_c0cf50eef030b401,0.06131595029537584
ck_074f20921189e7d6,0.09472397636993278
ck_e2aa7be60794593d,0.8129965369729069
ck_72771757dfb7f7a8,0.5747606437156244
ck_a9cd84a6dddfe584,0.27449582399674066
ck_142c00f9f8557504,0.47239763699327764
ck_221b5d40358230f4,0.8459971480953351
ck_a2d7a563f520b7ea,0.1986147891627623
ck_66cd34bc568d95e0,0.5990018333672846
ck_a17128972d3e507d,0.8162558565899368
ck_bda299466bb2136e,0.46343450804644526
ck_2b699066665abe8a,0.7931350580566308
ck_0ac9848bd4ba0c14,0.22015685475656957
ck_98d2f9a6ba3a3077,0.9705642697086982
ck_a872df31b28a5f7f,0.8349969443878591
ck_7e73e1d44ce82ed9,0.6904664901201873
ck_1a415416f620d49d,0.33071908739050726
ck_c95c786d2f8b8edc,0.4296190670197596
ck_e45012f22b7f91d5,0.07608474231004278
ck_aa0b083e2a6813eb,0.6762069667956814
ck_4666232ddbf77756,0.0651863923405989
ck_e08e9c8ec5f23d8b,0.3617844774903239
ck_31d4c0518e5f52c6,0.13322468934609902
ck_c1ab40638f04cb02,0.39071093909146465
ck_4c1fdd1669c7cf51,0.5047871256875127
ck_11662cc7940ffc82,0.6495212874312487
ck_2e679af24adedac8,0.16586881238541454
ck_454b9e21b7f25a4c,0.4163780810755755
ck_355c4f29089731e8,0.9441841515583622
ck_507e40760a24d2d5,0.3866367895701772
ck_0943e0f305078e34,0.9916479934813607
ck_abc54ed7111e9ed1,0.3915257689957221
ck_a60fe02fc04407a9,0.6886331228356081
ck_244b897bb4d57c1f,0.3120798533306172
ck_8c84fcde93a04334,0.9464249337950703
ck_9eea37d2de633b27,0.373905072316154
ck_b2cb9e6610eca967,0.6607251986147892
ck_09aadb4c41b166f1,0.7443471175392138
ck_8d94fbb4828ef326,0.2829496842534121
ck_089e3a07abbe3b8f,0.3662660419637401
ck_dfee9de05e3971cf,0.3446730495009167
ck_6abf8302ce052451,0.7976166225300468
ck_6ffa90143838a4a2,0.20391118354043594
ck_325caeab5c7a9c3a,0.16673456915868812
ck_1964ee9db929a173,0.9834996944387859
ck_942b95988a6245a6,0.7383377469953147
ck_913ecdeeb8e21a9c,0.4640456304746384
ck_ecf9794349eb4b3b,0.5772051334283967
ck_b6cb8d6ae828eed1,0.4014055815848442
ck_2f82ea66c4f53b33,0.5728254226930128
ck_6e676daa4855b58f,0.7118557751069464
ck_2a37fef48b44e9c8,0.6270116113261357
ck_3bd12d468fdc2450,0.6623548584233041
ck_1a28b6a40a6bd3b4,0.7273375432878386
ck_61b79dec96d15713,0.06213078019963333
ck_31d5e3daced93d3c,0.5210837237726624
ck_e6c8611c0cf233d7,0.23660623344876758
ck_f04761b4a937ac3b,0.5912609492768385
ck_38c1c75cf055031b,0.46598085149725
ck_59a561f3df01441a,0.9159706661234468
ck_04e40f556a5062ef,0.32827459767773476
ck_8409716d174635b6,0.34721939295172133
ck_3019afee83342701,0.7146058260338154
ck_b51a58e7f032c9a8,0.6773273579140355
ck_5043e474f848346d,0.48910165003055617
ck_4388abce33ecd01b,0.9279894072112447
ck_c93def7392f0aff5,0.7011611326135669
ck_72e7b1acc19df820,0.3719698512935425
ck_f253130dc3ca5b3c,0.25881034833978406
ck_eb264d1b180d4b4c,0.7233652475045834
ck_c2504f5a113433ee,0.09380729272764311
ck_c16ab1e4dafb4910,0.6616418822570789
ck_4bc42878fa180991,0.7725606029741292
ck_1c771a7c78f6622c,0.7188836830311672
ck_d523f0e50a2747ad,0.2983295986962722
ck_9060f4e7ab7a1b0c,0.5660012222448564
ck_6b55ec4e87a5e22c,0.9430637604400081
ck_55fc62a5f89a7251,0.28182929313505806
ck_bd2545c62f258231,0.7869219800366674
ck_1ccdc69d0bb712b4,0.5008148299042575
ck_710f867a3bd5898c,0.1338358117742921
ck_f91d48c40337d375,0.17712365043797107
ck_f76d929541ed41dd,0.42819311468730903
ck_e26a6659c237b650,0.7102261152984315
ck_184983177b73dea5,0.6229374618048482
ck_6d0d081bfa8a0022,0.4833978407007537
ck_2f6e64f638da0f97,0.3030148706457527
ck_15b93103ccd38609,0.45864738235893254
ck_094d10439b7b4eac,0.33499694438785904
ck_d2ca47180a926ba2,0.594825830107965
ck_a69ca7b9d70972bb,0.29364432674679164
ck_68914e67343a7d32,0.28702383377469953
ck_8176616132458c0f,0.33591362803014874
ck_eee99af3598311b8,0.7042167447545324
ck_94410eedfca91304,0.4218272560602974
ck_cfb11a0a2325bff5,0.44387859034426563
ck_75217ee144b715f8,0.8292931350580567
ck_d56fc799542299b8,0.2372173558769607
ck_4c352dd3e7c81269,0.769708698309228
ck_e23e50e02cb3904d,0.877775514361377
ck_b921af37d500e139,0.5815848441637809
ck_82181b935360dcbc,0.9843145243430433
ck_22a7cf3b99c5e5fd,0.7989407211244652
ck_f67ee7910d532216,0.7111427989407211
ck_5f48762a14a0326f,0.11713179873701365
ck_1757fcb0e6e3f88e,0.672132817274394
ck_2c2f080ba185016e,0.4624159706661234
ck_4c25570eb72711b8,0.11611326135669178
ck_a3be871ca22ac416,0.6059278875534733
ck_ab70961e7c6695b2,0.42717457730698716
ck_a1cdebfc42a52448,0.07771440211855775
ck_f1b80b821a20186d,0.38561825218985535
ck_ae668e4564cd2aa1,0.3341821144836016
ck_0e2bc3a5afa439d8,0.7211244652678753
ck_3dc378f37d0b74b8,0.603585251578733
ck_9f9555197480d1cd,0.38113668771643916
ck_bf4e7d48770a4a8b,0.7880423711550213
ck_614ef655f0685060,0.362955795477694
ck_04d2ea38ee27770f,0.05724180077408841
ck_e03a9d8ac94161d5,0.26695864738235897
ck_d4007b5b26d9d854,0.11265023426359747
ck_2dd147ce6d61749f,0.6514565084538602
ck_ff45764ea7d6619f,0.42075779181095946
ck_dbc487cb0a6c18da,0.9354247300875942
ck_791d5392bbd80447,0.7453656549195355
ck_b4068439c413b150,0.48482379303320433
ck_85df7b7de9700aba,0.21379099612955796
ck_001e42551cd06e40,0.36759014055815853
ck_a6c02ae50932cd9d,0.12365043797107354
ck_9fd0be2c018ff5e4,0.3405988999796292
ck_32a495128395fde5,0.3087186799755551
ck_b6f2a2fd232c141b,0.5121205948258301
ck_28dde633692904b0,0.85414544713791
ck_a1a93c5f375f6021,0.140354451008352
ck_e3982142336782df,0.6912813200244449
ck_a9812ff3c111ea94,0.6698920350376859
ck_f04062216f95fa00,0.42177632919128133
ck_7c560467daca735f,0.053065797514768795
ck_76ee10d6e2dba70f,0.8126909757588103
ck_3521243bdac61178,0.49368506824200453
ck_28588fb03b320520,0.6905683438582196
ck_580dcec33ec232b8,0.16724383784884905
ck_7109923fd7dab20a,0.5448156447341617
ck_7c872c99481c1e9e,0.33774699531472807
ck_46f4e1f5026f4d1b,0.10928906090853534
ck_00d1ebc31ec4653c,0.7486249745365654
ck_aac70764dde15168,0.32633937665512325
ck_648c03f9aa4e45f1,0.48930535750662046
ck_5478eb69ef912785,0.8817478101446323
ck_79b8523137bb2603,0.7107353839885924
ck_795c49f312640019,0.06783458952943573
ck_89184bf7b7fe41cd,0.9038500712976166
ck_97d4bd922996fa10,0.10765940110002038
ck_1cef30d08f3a598d,0.19067019759625178
ck_2f9fd36a4a40a6a8,0.09390914646567529
ck_40780fc0f8d6f309,0.47932369117946627
ck_9083ca9fec2a7f4c,0.4642493379507028
ck_62081bc35aa59931,0.16510490935017313
ck_2e1b46c5fc56b863,0.6613363210429823
ck_3d139692c51b604a,0.7551436137706253
ck_b5e54e22e3d6960a,0.2673660623344877
ck_c0c4be3f44311b04,0.1453452841719291
ck_82a8bdd2692c2a5e,0.275208800162966
ck_bdd2da300b530c5a,0.42136891423915257
ck_ee40498cd97183d3,0.2685883071908739
ck_70b9274473bd6dfe,0.05927887553473213
ck_473d6314ea614b29,0.42096149928702387
ck_7443d6dca8cd1352,0.03544510083520065
ck_3b49768b448b071e,0.6750865756773274
ck_b43f04431c267dea,0.3509879812589122
ck_4424a5223ba2fe00,0.3994703605622326
ck_819bf3e8231f4081,0.39712772458749235
ck_91d417507a8c58cb,0.8385618252189855
ck_e88e86b19cada4aa,0.6448360154817682
ck_59684167f9c6bf4c,0.7568751273171725
ck_d5f5b0dc97b9dc27,0.2908942758199226
ck_13d1b192bbff8f32,0.5105927887553473
ck_b21d8630387cabce,0.21358728865349358
ck_e4ac22046699b99f,0.3028111631696883
ck_74b848064f2ff45d,0.30428804237115503
ck_166aa980cc87fa77,0.7458749236096964
ck_98e337806104dd88,0.2242819311468731
ck_66eb09be007f0755,0.5278060704827867
ck_3ec9b9d8dd7be11c,0.6077612548380525
ck_8b8b9de339d75d0b,0.6074556936239559
ck_6715139e240007d9,0.6959665919739255
ck_a0255ab46e122d2f,0.17437359951110207
ck_66e81a4190c33510,0.5889183133020982
ck_5d75ea4f5c9080bc,0.9511102057445509
ck_df69858b8a8b3165,0.22805051945406396
ck_e15252ebd7553422,0.29720920757791813
ck_34d6d74bb3ed11e5,0.1296598085149725
ck_c2608f78f6851d10,0.8965166021592992
ck_bb99071e8f58c8a4,0.9414341006314932
ck_06010f0df5b7cef8,0.1960684457119576
ck_8c582eb0f6c0148c,0.525768995722143
ck_0034d010d28aea78,0.737421063353025
ck_01c1f06692566ca1,0.6024648604603788
ck_4807726e797fb893,0.46689753513953963
ck_edc9668282e3c8cb,0.8316357710327968
ck_5486768475af7bb5,0.9668975351395397
ck_3fb9813849e51837,0.36341413729883887
ck_861af5a9a9a6d619,0.32501527806070485
ck_da39653add0f1109,0.35383988592381344
ck_74a4244eb1f162e4,0.04196374006926054
ck_9a930faade55b8ea,0.14096557343654512
ck_fb6e06ca88519dcd,0.3110613159502954
ck_9776cd8263a9f415,0.29313505805663065
ck_b3dd1198ac5aea73,0.6123446730495009
ck_b6675a04df1a4276,0.17243837848849053
ck_5c7ad6e731b69333,0.9486657160317784
ck_28dc0fdbaec00580,0.6784477490323895
ck_8e7a32f7e3905f4e,0.42075779181095946
ck_8563fed6674afc77,0.47453656549195355
ck_9a2fcccb82da663e,0.5867793848034223
ck_6a519bdac0d94527,0.040843348950906494
ck_a0dab7aa9c4a39a9,0.1490120187410878
ck_a3ce05e9e5e32142,0.4762680790385007
ck_7a7e40ee3f97c035,0.7326848645345285
ck_9e9a830785112a73,0.7295783255245467
ck_ab1bb02f6b189304,0.9112853941739663
ck_7b8cb0f90fbdc8c6,0.25911590955388064
ck_b138fc249e659e60,0.4897127724587492
ck_e73caa3771ec5e0f,0.03371358728865349
ck_18a55b06ccccd88b,0.43379507027907926
ck_fdcb1d9265d8fec1,0.8040334080260745
ck_e21a900556b382ad,0.656243634141373
ck_c6bf67470f526771,0.21531880220004074
ck_b568ba3837afb39a,0.2583010796496231
ck_a2858979dd5645ef,0.2573843960073335
ck_1da9d40837ebaa57,0.4497861071501324
ck_9341c7959543c542,0.140354451008352
ck_c8ad86806b9a2369,0.3823589325728254
ck_5c85d93ecfed4b0e,0.2513750254634345
ck_f07b09879d697b82,0.044102668567936446
ck_fe43da07608b1749,0.24383784884905277
ck_4bca22b5926b9c28,0.4388877571806885
ck_aba573aa942b1d41,0.45467508657567735
ck_57c14e32fa4683bf,0.03422285597881442
ck_891530b489ce402b,0.24180077408840905
ck_5e74fdadb93ff293,0.4339987777551436
ck_14436a409ebcc90f,0.3998777755143614
ck_00013fdfa0bd37dd,0.3460990018333673
ck_7dbe24ba01316775,0.47066612344673053
ck_0e3f80c1553c591b,0.4097575881034834
ck_3edc45db58760d76,0.5034630270930943
ck_29076a13f539187a,0.7553473212466897
ck_b1e81b58b9a545ce,0.8481360765940109
ck_3f8571d4f7420b2a,0.8433489509064982
ck_7dff6abe4bd644dd,0.8946832348747199
ck_2884bab237af16b7,0.24088409044611936
ck_231e6dd1fe708000,0.2638011815033612
ck_33ecaa7b892e73df,0.21236504379710736
ck_b109ec4c63503030,0.5395192503564881
ck_a7f522382509cef1,0.29496842534121004
ck_748b3ea941d8b3b9,0.4306376044000815
ck_29f3a1737a2d9634,0.31788551639845186
ck_cee8d42475a0f020,0.17243837848849053
ck_c6b6ebe145a8ffab,0.4296190670197596
ck_21c99e1d6b881894,0.23599511102057447
ck_5ad798286384484e,0.7452638011815034
ck_b621b6ffcc7f4848,0.10562232633937665
ck_ea819e337233475c,0.9152576899572215
ck_9e3896c2668ce06b,0.6356691790588715
ck_501dcf1ead036d2b,0.5033611733550621
ck_8d5eda29a2cffa3c,0.5641678549602771
ck_4d3aa36ff83f1132,0.8757384396007333
ck_8e9faf94e3e6c757,0.04257486249745365
ck_ce0ec41f96951048,0.48411081686697904
ck_f09165d73ee903b1,0.5264819718883683
ck_a432b1bf1d3b3d5e,0.659502953758403
ck_ea618f720ff0b4b0,0.23731920961499287
ck_7584e7bd755cb28a,0.3158484416378081
ck_e14681aad43e1a72,0.6728457934406193
ck_5e18870d8e30e379,0.5938072927276432
ck_ff7c26a62bda8089,0.10928906090853534
ck_cc5a35175d381d5a,0.32858015889183134
ck_3c25029e40aa8a84,0.2720513342839682
ck_771247b5bc16c12a,0.4550825015278061
ck_664b5e02759f985a,0.35709920554084335
ck_692a9e8f504b9762,0.052862090038704415
ck_df8ad2deb0a4ffed,0.4952128743124873
ck_eb48c0bcd12ea654,0.6652067630882054
ck_7c77e597c951cdad,0.29985740476675493
ck_4f75144c6f3b13ad,0.5788347932369118
ck_1bcff399166d7c43,0.479170910572418
ck_975c2aa3d4a8c51a,0.3332654308413119
ck_bc6f07b06aaa4ce3,0.9669993888775719
ck_80b072b7f3c7e8e5,0.23823589325728256
ck_471e4018a23b4e56,0.6937258097372174
ck_53cddfba570b4a3b,0.5127826441230393
ck_630530e50764f229,0.3800162965980851
ck_dcef7887a4f1e435,0.672132817274394
ck_2795921a055643f6,0.41210022407822366
ck_7456df89f3792235,0.28478305153799144
ck_5014a3b07e1f049f,0.9365451212059482
ck_d4ec44760cbe03f4,0.3402933387655327
ck_96810ad39d4cb7b0,0.6454471379099613
ck_3222ea25aa29bfa6,0.08224689346099001
ck_f6c42001b84a10cb,0.8013852108372377
ck_5ac86682385c86b8,0.3359136280301487
ck_4280c33af57eb4f4,0.2097168466082705
ck_05f79ddd8eefaa56,0.5921776329191282
ck_3a57a13ce032a6fe,0.22703198207374212
ck_a721f0d635fad68a,0.34874719902220414
ck_a3f821bdf408c326,0.2378284783051538
ck_0ada63008be5685a,0.7530046852719494
ck_8c949bdc6e8720fa,0.762578936646975
ck_c0d2c56f9c722e99,0.987370136484009
ck_5d2b9e6e087b8dfc,0.9982684864534528
ck_5217b55593a332ca,0.5818904053778774
ck_7a7bb9be5a7e48ad,0.3184966388266449
ck_24cd0d779e866287,0.13882664493786923
ck_7367917891a63771,0.8453860256671419
ck_4b31a8862a857e6e,0.928193114687309
ck_81429c4910ca46cd,0.18751273171725402
ck_b35d803568f82d9a,0.5414544713790996
ck_4b00e75c2d2d0522,0.04430637604400081
ck_77fced07f6dff42b,0.41352617641067424
ck_3c9a06eb07c300e4,0.07964962314116927
ck_b3867f7f494db64c,0.21878182929313506
ck_0c45e54897ab34e2,0.7892646160114076
ck_507a6a580ab55c76,0.5136484008963129
ck_291bffc7809f896a,0.7430230189447953
ck_3753cc5b9d02e2fd,0.08270523528213486
ck_4f63d5245b3ac1dd,0.5088612752088002
ck_9dfb2ae78659240a,0.6084742310042779
ck_90f6f5ced708aa75,0.022305968629048684
ck_8b5b5a6b5539e39b,0.9564066001222244
ck_4719112b55d20161,0.544408229782033
ck_fec888a7108ca52d,0.9858423304135262
ck_4f5d022c99f118b7,0.6267060501120392
ck_e967ff05514b697b,0.7589122020778163
ck_839ce35819bfa4fc,0.07985333061723365
ck_bdee1221b9addff8,0.4146465675290283
ck_9cde4036d0914427,0.49755551028722755
ck_5ac959cbcc5e98f3,0.27317172540232226
ck_619842688294dabc,0.6211040945202689
ck_7373d7b04c7799bd,0.5797514768792015
ck_c1dd3feb9a0b6471,0.6413729883886738
ck_0324a4812ec319c6,0.4151558362191892
ck_7f3685aa2933b251,0.8699327765328988
ck_06aee5a62a67a84c,0.6020574455082501
ck_3428910b44b9d08f,0.6085760847423101
ck_c3ba7534cefc1de8,0.16429007944591567
ck_1f1273a67cbad5e5,0.941841515583622
ck_124565a11b2f8bb8,0.4593603585251579
ck_38e46bc861e0165b,0.45946221226319006
ck_c8ad3f01319c065e,0.6386229374618049
ck_3f94a34f5038f7c1,0.9264616011407618
ck_cee56be5a502fbd1,0.8747199022204115
ck_2b90b76cf4d162f9,0.44927683845997146
ck_884b2e463ff1d54f,0.3832756162151151
ck_fab4f2f8531b4827,0.8257282542269302
ck_4fc6256e0e60a926,0.4469342024852312
ck_0a2f8b2f8a5b6f02,0.2234671012426156
ck_9c0deab8a8367c5e,0.07740884090446119
ck_d3a2a4c011fa2554,0.224231004277857
ck_4108b4038f762817,0.4735180281116317
ck_4df036e2aa7e1056,0.4941943369321654
ck_ec094eb1cbb3efc5,0.17264208596455488
ck_09f8f51bfd2492c6,0.34772866164188226
ck_b60fb9a10d6f4489,0.771440211855775
ck_3638bc3388dbc1bc,0.888673864330821
ck_7a58e0cc9943c39a,0.17936443267467916
ck_37dab6a0a536ed49,0.8450804644530454
ck_adc576690df5b33b,0.7438378488490528
ck_1383b2b1875000f2,0.5987471990222042
ck_43c1248db37a2eb0,0.24923609696475862
ck_29c11bd68858e923,0.04267671623548584
ck_9401f9e11f65337d,0.521389284986759
ck_ce5ed372b1a2ed6b,0.8392748013852108
ck_08b4619490e751a8,0.9700550010185374
ck_44b9125526acb05d,0.5182827459767774
ck_ef1a1de20d2124cb,0.8329598696272154
ck_e5e2624b7fc89774,0.3510898349969444
ck_f5100511609b92c0,0.07684864534528418
ck_64f3bb17101b7c42,0.35827052352821354
ck_ea1e5b5128ecba2c,0.29985740476675493
ck_516163fcf04d5e77,0.3014870645752699
ck_7f9a748110d70005,0.530657975147688
ck_d263b55f0a681cce,0.35577510694642495
ck_0e962eacf98a813e,0.16449378692198005
ck_0406931800e0e2e6,0.08005703809329803
ck_0e9b982afc88a3a9,0.9752495416581788
ck_8bbb625384edebd7,0.055917702179669994
ck_5eaeb87bf6207406,0.9893053575066204
ck_cc3318839c4b0745,0.1526787533102465
ck_08a0355d1f1890ef,0.39834996944387857
ck_af7ffd1a822460d3,0.8514972499490732
ck_2a09c7aa870edb6b,0.33143206355673255
ck_bc04f51c23290bcc,0.6799755551028723
ck_d3a8333cb389f4c6,0.6385210837237727
ck_88e3dd3039508332,0.5589733143206356
ck_b8c7771de9b57705,0.3663678957017723
ck_585ababa02383b50,0.19479527398655533
ck_e988c108754cee9c,0.34467304950091665
ck_4a691892d9d6cf89,0.4379710735383989
ck_7cdce37d895eefb8,0.39183133020981875
ck_483fb981a1fb4317,0.4100631493175799
ck_c1e5182bd99e0e35,0.946221226319006
ck_9a1e3ec9a1839939,0.7373192096149929
ck_5c3f13de0dbd5086,0.7054389896109188
ck_f4f6f0caaab70040,0.4586473823589326
ck_791be3378dd7d64c,0.5057038093298024
ck_956dd784525f5886,0.7321246689753513
ck_098167eaf124c279,0.4788144224893054
ck_33ecff7914349ebc,0.36891423915257693
ck_e05d44e46c7174e6,0.6556325117131798
ck_1b2ce474fa6582b4,0.549908331635771
ck_ab581082e8f72e3d,0.43685068242004477
ck_e63256667aa19070,0.7337543287838664
ck_f568772b6cb3febe,0.8363210429822774
ck_dd89a282375bbab6,0.557547361988185
ck_a39d0bca345b492d,0.22743939702587085
ck_d12d2924d0f7a64a,0.4420452230596863
ck_6a548da1728b5823,0.9716846608270524
ck_6d64193681d2a94f,0.8179873701364839
ck_ced6b6dcdc7c201a,0.6724383784884905
ck_d1b0699d26282871,0.6891423915257691
ck_58f757e40a9b8877,0.4845182318191078
ck_3272c2c4a37d5220,0.9619067019759626
ck_d94dfde9e03c9d1a,0.8436545121205948
ck_08a6d4903a7fbaca,0.6886331228356081
ck_6c72a36b05fa0f4c,0.6621511509472398
ck_dbb4bd4eda97255d,0.8016907720513343
ck_94b59bbc824b307a,0.045324913424322676
ck_0229a07185f15469,0.4053778773680994
ck_11bf1039f8b3025b,0.33754328783866366
ck_36789ca11459131e,0.5970666123446731
ck_8572c5f5c1447c62,0.42554491749847223
ck_9e75c6641939f4fc,0.5223059686290487
ck_b45e47c39d4dc7bf,0.6087797922183744
ck_02903c48b6cfd65d,0.4027296801792626
ck_b153386f1729de81,0.30332043185984925
ck_36979996f33498f7,0.9639437767366061
ck_3c02d4dbbf6716b6,0.28111631696883277
ck_66c9a19963957531,0.7974129150539825
ck_bae8dae7cfd8baba,0.07353839885923813
ck_bba0ccc6cd968680,0.6631696883275616
ck_3267fe3aac05c71e,0.26828274597677737
ck_40052cac10562cde,0.47616622530046854
ck_d973444855403e2a,0.501629659808515
ck_012519bb095ad36b,0.9853330617233653
ck_ad7c256ea10c4a00,0.8795070279079242
ck_70a60e095e9b706f,0.08158484416378081
ck_f2734417c0db4ee3,0.11713179873701364
ck_9cb89cc3178e0172,0.42686901609289063
ck_779cc0f2de4d5488,0.6906701975962517
ck_35f8656bf93e3b3d,0.6591973925443064
ck_bdd8eba728800e29,0.40313709513139134
ck_002cf760d173f0f8,0.4826848645345284
ck_b046067c6ca3831e,0.4644530454267672
ck_a4a42d4bff8af645,0.4909350173151355
ck_bce253d2396681a1,0.4740272968017926
ck_00dafc060c8de32a,0.679262578936647
ck_968a99e097ee78c9,0.8579140354451008
ck_66949171b387bb93,0.5577510694642493
ck_ad305286702b1958,0.18741087797922185
ck_4732da7e0d2dfc7c,0.20100835200651865
ck_17a95bba77217d85,0.45599918517009574
ck_3e2516a3e35067e0,0.27867182725606027
ck_0b615ed566da1f58,0.7188327561621511
ck_d2b3ce1ebabe9f93,0.4408229782033001
ck_a892252e4e0c2828,0.501629659808515
ck_cf606fd6ebfdf9bc,0.7803014870645752
ck_718865237134ebe8,0.13047463841923
ck_878522cb775b904c,0.6653086168262375
ck_9ed53de6ef779ae0,0.07761254838052557
ck_3f16e2cd7e6874cc,0.43023018944795277
ck_3c59df37895ead2d,0.20238337746995316
ck_6821459b626d492c,0.37726624567121614
ck_11c7667920541587,0.4204522305968629
ck_23a016cf6b98d89c,0.63047463841923
ck_7137eeb394d200f1,0.6899572214300265
ck_9c4886c5c90ddbdc,0.36921980036667346
ck_1422a7bf7756294d,0.9755551028722754
ck_7ebc5fa7f0d3b8f2,0.7295783255245467
ck_fcc2059a8d5c41fa,0.7761254838052556
ck_00ff7389d6a83e29,0.6972906905683438
ck_03129b41457795d2,0.5801588918313303
ck_38ba64efa7c38250,0.6439193318394785
ck_57a6b56b09bff24e,0.5778162558565899
ck_e3b3c5a80a567418,0.32633937665512325
ck_fc40a16adfced018,0.2957832552454675
ck_9d4b5e6b43bad4d8,0.048278671827256064
ck_61129937ee466b49,0.44897127724587493
ck_74112e47b8629c2a,0.783458952943573
ck_b4703ee97f94d7fb,0.10572418007740886
ck_e560f720a988d8a2,0.9149521287431248
ck_708fea345f68037e,0.14371562436341412
ck_25394c1b83e0b803,0.7874312487268282
ck_17ab24fe914ae44b,0.14941943369321653
ck_16c501470d9bb006,0.2845793440619271
ck_628f449e248c19b7,0.9187207170503158
ck_6d64190623dea714,0.45854552862090037
ck_504a45ee08db72b6,0.4667956814015074
ck_6cbb011e0c70bc7c,0.1395396211040945
ck_b3225a98acd04f83,0.12120594825830108
ck_aa37993f1c17cd1e,0.476981055204726
ck_558cfe5f77a55a9d,0.43491546139743326
ck_0d0a1a021efea5b6,0.5295375840293338
ck_daf7aea023b7a8f6,0.6475860664086373
ck_d75f25184ece2b51,0.31747810144632305
ck_466d4b5366c50b98,0.15441026685679365
ck_88f27ab479063852,0.42748013852108374
ck_66779098e78c1760,0.11733550621307802
ck_b150fe4efb449b05,0.15848441637808108
ck_9c3aa9f23d01fa1c,0.4152576899572214
ck_6a01c375fc26705a,0.39519250356488084
ck_002eb6552b504ea1,0.2119576288449786
ck_affa5aa0bff9bb0c,0.4620085557139947
ck_027614eeba8b1a4b,0.5098798125891221
ck_67e075c982add719,0.6054186188633123
ck_399b0d510be98bd2,0.33051537991444285
ck_e9b0bca7368555ef,0.0802607455693624
ck_59c29d9c57b4f994,0.4109798329598696
ck_37176850ed68831e,0.41311876145854554
ck_a0db4ccca08030c3,0.9447952739865553
ck_aa188e5c25f7f42a,0.7181707068649419
ck_7de6997178207800,0.5395192503564881
ck_c729d19053387be9,0.622224485638623
ck_f2d3e3d90608596d,0.9173966184558974
ck_2db3fb565e0211ee,0.226420859645549
ck_bed8a480e27e911e,0.6824200448156448
ck_d7ad9921a4d25926,0.6459564066001222
ck_2a59f23fc5194699,0.7875331024648604
ck_63601a58a6120d8a,0.6399470360562233
ck_efd7b9e22c6317d6,0.6745773069871664
ck_9ab42875a0f95b43,0.6385210837237727
ck_85cb5033fca7c846,0.4558464045630475
ck_5249b223000915ec,0.48431452434304334
ck_3efb0e9bf25612c7,0.3189040537787737
ck_678e74532ac19700,0.7253004685271949
ck_a980b296c95153f9,0.3818496638826645
ck_01ac687ce0d696a7,0.4977592177632919
ck_52e1418cf1aa9871,0.508759421470768
ck_7d28da4f1dab09ee,0.9439804440822979
ck_010d0c2e6c1657fd,0.647993481360766
ck_b524f7a2e752b9d0,0.49663882664493786
ck_cc447fcc24a0772b,0.9142391525768996
ck_2cb3c99845e572da,0.0787329394988796
ck_604c710141327a81,0.2925239356284376
ck_8d5fa65717d2e0c6,0.5227133835811775
ck_31199510b40602a1,0.6549195355469546
ck_49e253ea12f4e922,0.4982684864534528
ck_780738e0d71e7e43,0.23324506009370544
ck_2cd21137a07fdd7d,0.10704827867182726
ck_5e021f2a3b66e256,0.5572418007740885
ck_efbc79246e32c66a,0.881544102668568
ck_9951bd806c13c7fd,0.7904868608677939
ck_7a52674e2806d8f5,0.8462008555713995
ck_1a319e509f1efa1a,0.11611326135669178
ck_c920901b9a4ba993,0.9734161743735995
ck_b71279e807d0b3a7,0.46302709309431656
ck_47e1032f490bb018,0.4932776532898758
ck_192579ecdca7ff83,0.5232226522713384
ck_b1496c474c4a3239,0.052250967610511304
ck_5e68ea2c5e893cf0,0.4225911590955388
ck_f2ecab85d4693b4e,0.09462212263190059
ck_89d7bfc81c3df597,0.429822774495824
ck_7929284327667791,0.7091057241800773
ck_494ec63c5ce8e150,0.3287838663678957
ck_319b059bb2145586,0.7885516398451824
ck_ccb3767c239018c1,0.03218578121817071
ck_a1c7adfe26e09a8c,0.4898146261967814
ck_0e13c4f73818149b,0.5560195559177021
ck_c285a51ed6214f52,0.16357710327969036
ck_916784595f028226,0.8291912813200244
ck_6cd8e0196365c474,0.26110205744550824
ck_57b657aba4daffde,0.731920961499287
ck_562c76a3753fc7da,0.8910165003055612
ck_66cfc1ebc9a513c8,0.3380016296598085
ck_0f38d4aed68d7d24,0.9046649012018741
ck_d8ddf5e99f7859e4,0.46781421878182927
ck_41bc3efa0fca700e,0.6690772051334284
ck_40799e129fcf42c5,0.6941332246893461
ck_786f079389126e44,0.5825015278060706
ck_bb4c6b713eb0b978,0.7907924220818904
ck_4f01f7eac0efaba5,0.767569769810552
ck_47d29c01b20cf69f,0.14865553065797513
ck_bf15a1f8d67a30d3,0.7278468119779996
ck_bfecad7586f65e4d,0.584436748828682
ck_fc9f16df35190eb4,0.7543287838663679
ck_c09c914e416edd08,0.25015278060704826
ck_c54c5d8e4433b0f2,0.18191077612548381
ck_1694c28f44480e98,0.31523731920961495
ck_1dcaa3078dbb7571,0.08321450397229578
ck_af559f990c640e41,0.6434100631493176
ck_9b436162039a77d0,0.3839885923813404
ck_79d62ef181bd0cd8,0.23828682012629862
ck_23caafc2cd34242c,0.44408229782033
ck_ffe2aa26f597e552,0.6009370543898962
ck_e6ffd0754ac08661,0.07353839885923814
ck_beaacb4a783db21f,0.11183540435934
ck_9863bff41d24ce9b,0.5854552862090039
ck_323b9cc5c49f8ea0,0.9508046445304543
ck_ab3de3d3e41c2082,0.21073538398859237
ck_35c93b2924900376,0.5326950499083316
ck_5a9d5f9901e37e31,0.5461397433285802
ck_782b0be796164335,0.23507842737828477
ck_11960b5f1c7a5e2c,0.36504379710735385
ck_9a66cb13a9884cc2,0.40945202688938687
ck_ba666a425930615a,0.05581584844163781
ck_40140bef4db73741,0.26105113057649215
ck_e05e91cc180063d4,0.9081279282949684
ck_c7f6f45710bc050f,0.06630678345895294
ck_055fb9f2e1c8c934,0.5156854756569567
ck_58bb02d98e2b9cd5,0.5331024648604603
ck_d9f8efa6a7800f76,0.2958851089834997
ck_69691226c68fd50b,0.8945813811366877
ck_6f2f0396e5b1c538,0.9782033000611123
ck_78bc3f1d0f35ea6c,0.6524750458341821
ck_2d5a6b6636a2596b,0.05612140965573437
ck_7878545739af0a73,0.10277042167447545
ck_03c4fa4f3ed3512e,0.07542269301283357
ck_1a9e51d092d62c84,0.9373599511102058
ck_9f3861940d8d873c,0.4620085557139947
ck_4684fdd61c6a0fac,0.5797514768792014
ck_715966f86d5c913d,0.2448563862293746
ck_77f293d44b4a3d2e,0.6986147891627623
ck_24dae044dc05f849,0.3589325728254227
ck_00b9818e2064405e,0.6619474434711754
ck_c1c2cb49c3c1b0f5,0.8772662456712161
ck_bed50fc64fbbf8ec,0.606946424933795
ck_4f6ed5ea5ab7c429,0.3672845793440619
ck_458531c22ec2f9b3,0.39040537787736806
ck_51c50c4c443df31a,0.9514157669586474
ck_732d45bd578dc39d,0.3682012629863516
ck_783fe5bc20cd02db,0.7774495823996741
ck_7f188aaa63d1d442,0.39672030963536364
ck_ef307a6aee38d1fe,0.9536565491953555
ck_e37196b20968b73c,0.716031778366266
ck_4ef9de711c3d93b1,0.6848645345284172
ck_17946516d5df71d7,0.26675493990629456
ck_3534be0f4efd313c,0.6519657771440213
ck_29fbabf855cabdff,0.33397840700753717
ck_191673540d8486af,0.586066408637197
ck_5f52728d777ff2c5,0.46343450804644526
ck_a045a19369016818,0.9990323894886942
ck_4eadbe7298b15e96,0.17437359951110204
ck_a3a0bd59729fe619,0.22336524750458342
ck_a1e77090b1c6ccf4,0.21389284986759013
ck_69ab9d4784eb77bd,0.8145243430433897
ck_baa47383ffd50f04,0.4204522305968629
ck_e35b2ed08b9e55a7,0.39295172132817274
ck_b6e3af0a5119d9a0,0.8223670808718679
ck_a7c1dabf3869772f,0.6186596048074964
ck_80b8fca67a14e0be,0.920452230596863
ck_dd9c5f0c42878e67,0.177632919128132
ck_41ef7967faf5ce82,0.1461601140761866
ck_a93560aa348d6225,0.4773884701568547
ck_ffe91d6f0bd93fc6,0.5423711550213892
ck_fbf630c960194033,0.156243634141373
ck_497ed60723283c0b,0.48462008555714
ck_2a46b7ca55239413,0.7600325931961702
ck_1a4e5ace078dd782,0.7941535954369525
ck_616cc31910f5de50,0.1002750050926869
ck_0d65bc749eb42710,0.558667753106539
ck_2408db62e4395ccd,0.33133020981870037
ck_5d7721930106dce8,0.36290486860867793
ck_e8a6acea22b20312,0.8114687309024241
ck_e2f792fae128b18e,0.8274597677734773
ck_e6d3ce445b86003f,0.09370543898961092
ck_263334d722ecbc97,0.9639437767366063
ck_8c5b29f6666d4874,0.40639641474842125
ck_7ea0bf310fc20c7b,0.9559991851700957
ck_54d463f7fd89ec3d,0.11998370340191486
ck_79e45040dbdd6447,0.4202485231207985
ck_60b4d59953505682,0.9360358525157874
ck_fb00dd5021642507,0.53401914850275
ck_f409ff994a210601,0.5620289264616012
ck_2ca0020038bfec58,0.9344061927072723
ck_adf84b9df54c3d80,0.7699124057852923
ck_942dbf632591b65d,0.8334691383173762
ck_454a7e4d859a3409,0.14952128743124873
ck_2139062d4569aa07,0.29619067019759626
ck_e949a0f4df0b3902,0.9276838459971481
ck_bb113e3e6716ed65,0.7932369117946629
ck_6a28ea6ce69cb869,0.8079038500712976
ck_7df9910af2bba21b,0.47239763699327764
ck_78aa4b731cbfe251,0.6772255041760032
ck_5839f5cbd8165b1e,0.27225504176003257
ck_7158ad9e58769ffa,0.7764310450193521
ck_acee218cbe61df69,0.48064778977388467
ck_f8dc8473c2772729,0.43786921980036664
ck_f34c93a8173555b1,0.8918313302098186
ck_7cf301d075e4e709,0.372275412507639
ck_b87e88ee5512ea17,0.1010389081279283
ck_bed0c020b10afa3b,0.5101853738032186
ck_ca10102961f99eb4,0.16653086168262377
ck_393287947b5c8d79,0.3879608881645956
ck_2fe6cac002142f67,0.5435933998777756
ck_79c7f0d29b1db1cd,0.8603585251578734
ck_c735b643d3cbf67b,0.4517213281727439
ck_ea4332c8fe48e2a3,0.25616215115094726
ck_d39864119cdd460f,0.22652271338358118
ck_3b963d6be2773861,0.23243023018944797
ck_df39e3b8a9fd0bfd,0.9665919739254432
ck_6236a461dc0d11a3,0.3709513139132206
ck_475ebccca25e30d1,0.50325931961703
ck_c10c8bcf5bcd516e,0.6348543491546139
ck_49ccc3716a564256,0.2647178651456509
ck_4e4f99102f6938cf,0.19566103075982888
ck_a97b481ade6f7972,0.7585047871256876
ck_3fa559c679751b3a,0.4170910572418008
ck_3eba1fd2c7acc4c0,0.896924017111428
ck_18c179b4afc4fccc,0.4584436748828682
ck_cc1c0b93d05b7d20,0.7212263190059075
ck_742f7c28ddd019e8,0.5792422081890406
ck_04470bc93b8a0d71,0.2456712161336321
ck_6e8f8ef7a03cc6bf,0.48064778977388467
ck_eb1ddfc353b4da83,0.8161540028519046
ck_98831b57c7ca2e4f,0.06243634141372988
ck_a6c7b8d6e8596d4f,0.8683031167243838
ck_cd7d24e3b095e96e,0.8384599714809533
ck_3f5ae4673a9f858e,0.2903850071297617
ck_05f375fc8ae0afb0,0.48034222855978814
ck_1fc98436281ee39e,0.09309431656141781
ck_6c48c58678f64bae,0.23171725402322263
ck_8c95aeec6a4c75b0,0.13821552250967611
ck_364cde38958b7af3,0.8788959054797312
ck_85bf21aa1a00452f,0.375534732124669
ck_796d3eaabc667c23,0.9898146261967815
ck_ac449ee0c315edde,0.18868404970462416
ck_6f9fd15ac6b163de,0.11499287023833774
ck_4087065be2a45ad7,0.9180077408840904
ck_ecf006bbc78ee3eb,0.7542269301283357
ck_8ca808cc5a49cb5c,0.5420655938072927
ck_94b90ab8b2dfb50f,0.25606029741291503
ck_59fd11b3232de9dc,0.9752495416581788
ck_67f3794d93e2dd67,0.9510083520065187
ck_b7f5acf5df1bb13e,0.2964962314116928
ck_fb04ecbaebb774bd,0.4898146261967814
ck_68ef3e7301c621b7,0.771949480545936
ck_41406cfa209b6bda,0.07562640048889795
ck_b0f8f5408662337b,0.45762884497861067
ck_0d2901bfe585c391,0.743939702587085
ck_3398551e81dbf3db,0.5928906090853534
ck_61c3e3e277629646,0.5112039111835405
ck_2825e34dd3e7ea2a,0.34579344061927075
ck_20d7571ba830009d,0.35832145039722957
ck_c98b16f9a72a6568,0.07944591566510491
ck_e7c8a9e4641eb9ed,0.1154002851904665
ck_254a7c97c36dab8d,0.431452434304339
ck_e98429675b46272b,0.16612344673049503
ck_c2fc0ac460786d02,0.7930332043185986
ck_fba15647b3a140d9,0.16591973925443065
ck_15ce50f2704227be,0.36789570177225506
ck_8c748aaa4a4554f9,0.43960073334691385
ck_e00e82a9419ff086,0.7257078834793237
ck_832341c98254bd84,0.6401507435322877
ck_27466468d06db4eb,0.6454471379099613
ck_9d7b9e3ff1f3e71e,0.40059075168058667
ck_42c6973d3a6fe983,0.15227133835811774
ck_877c85bad118bc62,0.8344876756976981
ck_75d2a2715259c4d7,0.3407007537176614
ck_37d3e5c681a2214d,0.8433489509064982
ck_bf285dd49f372de4,0.5215929924628233
ck_a5bdd026fa9c50fd,0.7122631900590752
ck_88d9244a9cf7a77e,0.9587492360969647
ck_5881b174e49b04ee,0.35363617844774903
ck_5b16d67c5ea89930,0.6100020370747606
ck_b75b936aafac56b9,0.1268079038500713
ck_aed2681e1646a0df,0.5918720717050315
ck_f63cb5e8cc702bad,0.7134854349154613
ck_1805fcfc4a9e4ffa,0.9430637604400081
ck_25c355da356c730d,0.46119372580973717
ck_70396398e4a96449,0.19749439804440824
ck_0f743bd13373748e,0.5536769199429619
ck_4b387765f0e916cd,0.5956406600122224
ck_e971faae8a10a260,0.12701161132613567
ck_9eb08369e983abfa,0.14300264819718883
ck_c30c5844512e429f,0.7141984110816867
ck_59e77e3a81f1fa0d,0.523630067223467
ck_ca4465f2b5c1a52e,0.9949582399674068
ck_c89b9ca398402f1e,0.15257689957221432
ck_36e72ef9273e7a95,0.5534732124668975
ck_2bdd8616870e5e1c,0.16734569158688123
ck_216e87a41de22b5d,0.8169688327561622
ck_60f4fb44f5efe3a0,0.1210022407822367
ck_05652e8ace6ce6cb,0.09187207170503156
ck_8c136dc691e65695,0.04909350173151355
ck_a08f8dfadbdca112,0.0694642493379507
ck_bda4041a3e90d860,0.5512324302301894
ck_15dd3ecaa8ce0245,0.9635363617844774
ck_3e3c64b3b7876ce6,0.7970055001018538
ck_46225858a38b2e57,0.2564677123650438
ck_0cb9f54928f4feee,0.43379507027907926
ck_152671fbf8a9a78e,0.8358117742921165
ck_ee7a515e87d17d4e,0.5982888572010593
ck_f7276091bf513d22,0.07878386636789571
ck_4f05daf1cf0d5755,0.20156854756569567
ck_83a69c4a5d55ef19,0.63373395803626
ck_c50fed2a7c9198c0,0.6520676308820534
ck_70d19d5650ddc8f5,0.5242411896516602
ck_4b4d99e443618904,0.49134243226726415
ck_dca0b6ca93311ca2,0.5086575677327358
ck_b7431d4706461ec6,0.6462619678142187
ck_7b59d22cadef3b05,0.9109798329598696
ck_53428573abcd606f,0.39641474842126706
ck_f538ab6aecf2adfd,0.021745773069871664
ck_d321249fb065d2fa,0.5930943165614178
ck_72fdfc7e6d8e1436,0.08504787125687513
ck_b52b99dad89ecdfb,0.7216337339580363
ck_d2d4282f9d256b3e,0.3659604807496435
ck_c8f2a1dd8a6141a4,0.17936443267467916
ck_8d38747058d0aeea,0.9498879608881645
ck_3ac528caac74f563,0.46353636178447744
ck_8dbaaa00ad829ca9,0.6087797922183744
ck_7c38ec898f0fc21d,0.1016500305561214
ck_8171ef803f5ff604,0.7315135465471583
ck_01a750db6fc1168a,0.8017926257893665
ck_ceb017baa26e98c8,0.8761458545528621
ck_e2c66c72cc0b0f78,0.7205133428396822
ck_8d9518f64b222416,0.3954980647789774
ck_804c5a1fa5753617,0.1870034630270931
ck_fca7cc9c42695453,0.23304135261764108
ck_3a632cdf2c19051b,0.2474027296801793
ck_b2b63ea65edf1dde,0.6925035648808311
ck_27b07021500ee841,0.45284171929109795
ck_9724718fe64c6557,0.987370136484009
ck_2786cbc3e75ec034,0.9294153595436953
ck_d9c2622cb6df380b,0.3827663475249542
ck_ae1da8ee98e402a4,0.7704216744754533
ck_62967b91504149f9,0.25178244041556325
ck_6b255bf68709109a,0.3120798533306172
ck_c55afc68421d85e2,0.2457730698716643
ck_7c7266f6ef2a8466,0.3047463841922998
ck_885cf685a9541190,0.9713790996129558
ck_1a4bb7d3d2ee3227,0.8514972499490732
ck_b4911c42f3bff740,0.11000203707476064
ck_66f9f78d4c6a3edb,0.638724791199837
ck_49bdba9ee1899dfe,0.4778977388470157
ck_79b235d51718435d,0.8064778977388469
ck_d840db8cfe2ef6f1,0.1818089223874516
ck_610c7bcc1cd7ecb0,0.154613974332858
ck_cf49b6544aff6c50,0.9037482175595845
ck_de05f97c3d40dd1b,0.5448156447341618
ck_0302f67d75973dce,0.4668975351395396
ck_54c2604c9ca6256b,0.7872275412507639
ck_a1c88c0568f142d0,0.8978407007537177
ck_5d72ff6cc2963d1a,0.17651252800977796
ck_0446920a1004c596,0.6391322061519658
ck_71044c29ef071570,0.40731309839071095
ck_2122e9bb1afffef7,0.07027907924220819
ck_d1e3de178601d3c2,0.7270319820737421
ck_bec8324a3587ef04,0.11570584640456305
ck_b616b6f45225f319,0.7902831533917295
ck_ce1e695884511479,0.6379099612955795
ck_a662b4bf900781e4,0.3151863923405989
ck_b5a84c5547378c10,0.21939295172132817
ck_f80af368cfc6cb7e,0.4766754939906295
ck_da3526ab6c5c884a,0.4257486249745366
ck_bd20be9a3392d79b,0.21725402322265225
ck_b8266dcd90cbfa62,0.17335506213078022
ck_ac84b33304362c06,0.590446119372581
ck_794d8935a895e33f,0.6174373599511103
ck_8fea7d915259f1be,0.21572621715216947
ck_7a1519ad5ff45312,0.12925239356284376
ck_9bf3ce30b65f75c7,0.6400488897942554
ck_5f864d72d1eead99,0.9044611937258098
ck_3c48e0cfc2a58041,0.8800162965980851
ck_d902183f80cc81fa,0.7638011815033612
ck_539cb0d117db8cd3,0.8483397840700754
ck_28f530aec8e77130,0.5818904053778774
ck_e7d903c50d353361,0.7590140558158485
ck_d288b77d1e227970,0.7468934609900183
ck_017208fcc01b5d40,0.18975351395396212
ck_7e3923d278a5106e,0.3662660419637401
ck_9700a00ff9e66216,0.3075982888572011
ck_5c36c78b7a4d138c,0.8184966388266449
ck_c457e9c9224b773d,0.8206355673253208
ck_1dfa91405d7e66bc,0.15563251171317988
ck_f1d8a2695a575e56,0.3146261967814219
ck_3b92a46daf8d00d2,0.47677734772866165
ck_aab23b5470469649,0.5509268690160929
ck_ecdd01a391610d99,0.3560806681605215
ck_abd3aa292f8edb4d,0.7594214707679772
ck_7fc9a0776e1339e3,0.2365043797107354
ck_c0389ebeb0e65cb8,0.21980036667345693
ck_48d0fc4f6a2109fa,0.988490527602363
ck_571dee4f3336c7ce,0.24006926054186187
ck_4cedf26628c84f26,0.4323691179466287
ck_63356762d24aab81,0.14096557343654512
ck_2c5bc11bb7ae5d2c,0.9642493379507028
ck_6d26a152f900fee8,0.20370747606437156
ck_c972b0e781efed3b,0.07068649419433692
ck_fa0ecbcf9a33d6ce,0.28335709920554086
ck_fa3a766e49dc77ae,0.4868608677938481
ck_7baf1e55db0dc558,0.7021796699938887
ck_e8bc49e6494c1f37,0.1725402322265227
ck_8ef1d05cc1e53e7e,0.43226726420859646
ck_cef2a485a77e0723,0.1904664901201874
ck_228a583f23abff48,0.31564473416174377
ck_ac32c6e374782b27,0.5571399470360562
ck_b9485218cef413f0,0.33255245467508654
ck_7f15503048915d6f,0.33560806681605215
ck_b62f5144db15ad34,0.6445304542676716
ck_917d82c552f95a23,0.6413729883886738
ck_fb4797045077bc6d,0.1490120187410878
ck_2cf8a44e041217de,0.6266041963740069
ck_b7dd681eb3d2ee38,0.4772866164188226
ck_e9e8cacd2fa35e79,0.705540843348951
ck_342a79f91de5d1fa,0.4514157669586474
ck_2c91f62c05685ed7,0.12222448563862294
ck_e30cb64302939f38,0.8348950906498268
ck_d0e95b90ba86da10,0.33591362803014874
ck_1774faf414a5d49d,0.9774903238948869
ck_2401e8ff89e574fd,0.9272764310450193
ck_0cd8802264e0a1ef,0.7554491749847219
ck_da84a0dfe947fd3c,0.16938276634752497
ck_c8affb27ba7fb5db,0.7053371358728866
ck_bc7ece8787ca7200,0.32684864534528413
ck_469a0578d05990c2,0.16571603177836627
ck_eef67f8dea702338,0.49032389488694234
ck_4f490e379e9ded9a,0.48523120798533304
ck_354379de065a8ff8,0.4256467712365044
ck_5db1cb368bc41ac3,0.20869830922794866
ck_9b1c3742dd6fcb8b,0.5577510694642493
ck_63ce4f44c92d7143,0.6051130576492157
ck_e15e3390f5ed45f3,0.6331228356080668
ck_da645ea91d66aa6f,0.8999796292523936
ck_834ca727df855f07,0.7641067427174577
ck_e1d5ad20c737c745,0.595436952536158
ck_ff8059ae5fa5f1ee,0.05642697086983092
ck_8bb9e75393954a1f,0.13240985944184153
ck_4e1757d1347ab387,0.9943980444082298
ck_af3f74b1d75a5d95,0.7453656549195355
ck_6b1ab0742ff04c3e,0.8600529639437767
ck_f56073911c9f1ab7,0.20105927887553474
ck_51bd5f69b4fe0b92,0.9483601548176819
ck_fc3d95030b81f416,0.02923202281523732
ck_cf78169633a1600f,0.13882664493786923
ck_ad7269eaa65c67f9,0.7412915053982481
ck_cc6d33890d47a6cf,0.8120798533306173
ck_bc8f31f4a2ffa1ae,0.20462415970666123
ck_720776a46e56dfa8,0.41841515583621924
ck_e2d1f212f259539b,0.3728865349358321
ck_eaf6f7082c3db2bf,0.7551436137706253
ck_773efe58c6278c3c,0.45885108983499695
ck_c4a72c09f2fdacc4,0.4543695253615808
ck_8982888dd6611143,0.20411489101650032
ck_9d5049e195eda029,0.7758199225911591
ck_de58ef6f9fe2b546,0.14636382155225097
ck_c0b50c11e4f5adf7,0.7409859441841515
ck_ddaf228487858bb8,0.9163780810755755
ck_eb2323215ff70362,0.7558565899368507
ck_168c96a1a636ea15,0.5146669382766348
ck_9c46711b14d9eebc,0.09889997962925239
ck_de8af660806b97b5,0.06416785496027705
ck_6ab83f45bf16eaa6,0.24791199837034017
ck_bf2228a052815840,0.18588307190873904
ck_3f943f20a9da9bff,0.5889183133020981
ck_3baae40454c00938,0.11310857608474231
ck_bc2e771a1d8d2dee,0.6668364228967203
ck_e55f5ca37f30ce8c,0.32705235282134854
ck_4ad5937bef176d89,0.18466082705235282
ck_126531a9126c17c4,0.05866775310653901
ck_7ec423cb56257516,0.7299857404766754
ck_54748ae0f2daaf10,0.40853534324709717
ck_ff24776280ceeeed,0.3309227948665716
ck_3c3a1a1365741bba,0.12487268282745975
ck_615277c8a4e2b18b,0.6200855571399471
ck_a96aaef34173aee6,0.9299246282338562
ck_bea56db7f3e930e8,0.052963943776736605
ck_ca491debd3b32a59,0.7018741087797922
ck_d9ea77f4114a389c,0.2605418618863312
ck_322ffda3332d08a2,0.6109187207170503
ck_c40ffefe4e30b001,0.7355876960684458
ck_3b1d7648d4580bef,0.4993888775718069
ck_23981a3261674131,0.38969240171114283
ck_11667f5b9fac7bc7,0.1426970869830923
ck_646bb3c7be5f0817,0.37370136484008964
ck_ebd0a45712dcf07a,0.42228559788144227
ck_baf43bf1bd963f9f,0.5976777347728662
ck_e0ca2c819658f6b6,0.9898146261967815
ck_f0d6633d0834fff5,0.6057241800774088
ck_91081be0254878a5,0.5408433489509065
ck_1325000bc7f35b5e,0.15797514768792015
ck_c624b9063400fa3a,0.7441434100631493
ck_0ad6fa0e23c3bd0a,0.7433285801588918
ck_6ddb55b1f23c6cb1,0.8112650234263598
ck_dce1fb3acd65562f,0.3040334080260746
ck_a9aa389688ee5aea,0.22092075779181097
ck_5c5284c45d9ad8bf,0.7477082908942758
ck_9ce743dd3e92549c,0.745060093705439
ck_8342e08cc2f9bcb7,0.21521694846200856
ck_25e551a0a8d2fcc2,0.663373395803626
ck_d4fd0e438c97e0c7,0.7442452638011815
ck_ac7fe1c344190c50,0.6669382766347525
ck_ddd65711b5651f89,0.3098390710939092
ck_ec7406cb5cbc8f10,0.12701161132613567
ck_1c65e8d5be3b9c60,0.9087390507231616
ck_38ee42f15a573e81,0.873905072316154
ck_0e5385c70c6de025,0.2657364025259727
ck_d3137f0f7629040b,0.49083316357710327
ck_9129c92c12e0c8b4,0.2986351599103687
ck_c86520a00e50a926,0.6823181910776126
ck_87f82b2b5fee757a,0.6439193318394785
ck_643abfbd7548d0c9,0.4766754939906295
ck_be51f4e5e6b85768,0.9161743735995111
ck_132c16312f37810f,0.30240374821755955
ck_c78c096ca8cb33ac,0.13281727439397026
ck_2ce5afbc014763b8,0.43206355673253205
ck_50ed8f4e7ae6710f,0.23894886942350785
ck_5a4eb535c9a11993,0.5150743532287635
ck_9b665ef46d785324,0.20808718679975557
ck_e066f71f8b296b7a,0.2762273375432879
ck_560bc6017870ab06,0.2486249745365655
ck_fd78f8a8663646d7,0.41311876145854554
ck_4af5ec61ddbde1a4,0.3460990018333673
ck_c2ed04a9d218410b,0.10990018333672846
ck_2455d43bbdd2bb69,0.4289060908535343
ck_56eed7041add49a1,0.8379507027907924
ck_5f0be7b468a72333,0.24287023833774699
ck_19660cec756632ca,0.22367080871867995
ck_fb90408f4892a21f,0.4247300875942147
ck_833a65b86a5d9bda,0.15410470564269707
ck_2ac36e1dff211d38,0.3998777755143614
ck_c00e70606904539a,0.33143206355673255
ck_ba8affe4b9505a95,0.9517213281727439
ck_0c3dd22587b08018,0.5457323283764515
ck_618c4e5cfae99dcd,0.7426156039926666
ck_c9690baddfc4177e,0.36636789570177225
ck_59fae092fb0c4aa3,0.3824607863108576
ck_e03b7d0fa0b28f4b,0.3456915868812386
ck_d451d24c780b5884,0.47504583418211455
ck_e980d325b8dbb8dd,0.02678753310246486
ck_cff18e2d8c520272,0.22642085964554898
ck_a0e46b67e986ab56,0.4074149521287431
ck_3a469039a5b9d963,0.33377469953147276
ck_12cbb211ebd2b437,0.6591973925443064
ck_b8cdd6d6dccc4554,0.11499287023833775
ck_794ba5921cef50c9,0.8323487471990223
ck_2c7667f64edec2b5,0.1361784477490324
ck_7262b4e0c29c942d,0.5631493175799551
ck_5d818522cbfe2a54,0.6059278875534733
ck_de39c1947fb675ee,0.8577103279690365
ck_c021495606b4735e,0.39284986759014057
ck_1fc03ba33edd9e67,0.6115807700142595
ck_a6fe344bbf67f14b,0.38205337135872885
ck_963762210edc5694,0.6407618659604808
ck_d064428b7e7dc409,0.3136076594011
ck_59be61b53d971611,0.4673049500916684
ck_ec8738ec663cd2eb,0.5987981258912202
ck_59d086fab5998646,0.7957832552454676
ck_bd32dd3b2cbb7888,0.9964351191688735
ck_ce0166addb93bbad,0.15247504583418212
ck_7c0fdfbb447cdc04,0.24730087594214706
ck_cb1bd7635968ed8c,0.768079038500713
ck_66f94903177f20eb,0.38083112650234263
ck_1d7cd5dcbcdafd7b,0.953350987981259
ck_5e418a7c04437b4a,0.6245671216133633
ck_631ea1ae91ab333e,0.4894072112446527
ck_0a8029e79a5ae7ce,0.877775514361377
ck_c4cca8278bdad9b9,0.030352413933591362
ck_4dec3df58077a257,0.776838459971481
ck_609c249edd88c565,0.2234161743735995
ck_02e5f9cbbbf2f078,0.5975758810348339
ck_32e486859130458f,0.979731106131595
ck_21ed2ea6386c5a07,0.16337339580362598
ck_1242aa4496576a99,0.13128946832348748
ck_475ea9aa6d3898b7,0.7930332043185985
ck_fe1b1adae3be70a6,0.9504990833163577
ck_c5414d7a8031d4f5,0.28121817070686494
ck_ca1f6f01868e978f,0.4407211244652679
ck_5eff0208c74ec714,0.3562843756365859
ck_a315c9619a317609,0.4033408026074557
ck_2b87683c90acb852,0.5936035852515787
ck_7cd9f39c50748ed0,0.48034222855978814
ck_16a06d58d71935bc,0.7955795477694032
ck_d116e0e7c19b878e,0.9491749847219393
ck_931510e384b1d0cb,0.5214911387247912
ck_e7651fb87bb24132,0.10562232633937665
ck_88ef9f85948e1a01,0.2801996333265431
ck_17bf38d51115a8f3,0.01670401303727847
ck_2659d1d3762a2825,0.5563251171317988
ck_a7285955e2852686,0.34548787940517417
ck_f2c33d5b65b321db,0.7047260134446934
ck_83e5979334345622,0.5175188429415359
ck_629537d8b4d0f395,0.5238337746995314
ck_72022008a92c9386,0.5484823793033204
ck_2973b8274f0bf69b,0.5322876349562029
ck_565e3418d2f4061c,0.272458749236097
ck_54bb53b8f8ea32ae,0.9915461397433286
ck_af0a6540ea7a36b2,0.28050519454063966
ck_888651bfc2c8cf70,0.20543898961091872
ck_1dedcb48ac381a1c,0.9037482175595845
ck_f73273e220296be8,0.4881849663882665
ck_8424bf65223a5a9e,0.18466082705235282
ck_337b930fd149a696,0.3336728457934406
ck_8a4952de8a123ef8,0.7153188022000407
ck_884168153c9c0c81,0.49113872479119985
ck_fdda581aec411010,0.14208596455489916
ck_2b7cadbc8b180d32,0.9373599511102058
ck_8aa8b9968233a1ab,0.302098187003463
ck_0af18b3ce015d294,0.3934609900183337
ck_8dde670a735d1e90,0.803727846811978
ck_62f46226f244139f,0.6309839071093909
ck_f948e8a8fdd79b4e,0.6215115094723976
ck_fa00aa0f3e859904,0.5291301690772051
ck_fc7935f784a4f249,0.20391118354043591
ck_e7501307c0698e5b,0.419942961906702
ck_549ed417f2834cee,0.41006314931758
ck_fb2a35571ec719d4,0.9445915665104909
ck_25822068c86c856f,0.26909757588103483
ck_8f35d229b62c8f23,0.36565491953554696
ck_bdcf049c1e7d0c95,0.23711550213892849
ck_0aa9db36eb16422a,0.03666734569158688
ck_42dcf92e9e016922,0.3154410266856794
ck_42341cf31c08c981,0.3380525565288246
ck_0b20bfc515ba42a2,0.6151965777144022
ck_0ec820b670d48098,0.10236300672234672
ck_1f0bafec397da8e4,0.6425952332450601
ck_82f07504ab59ed33,0.6905683438582195
ck_337b24a474010abb,0.995620289264616
ck_703703bda38fdcf8,0.25819922591159095
ck_01e7960c63dca3a4,0.9688327561621511
ck_be5bd81e3715cb8f,0.9748421267060501
ck_197f8058cea1fbea,0.11631696883275616
ck_eb3fb1106f2f1b21,0.5855571399470361
ck_658b4b54be09a4bc,0.9848237930332043
ck_266ce7ccf41ccc50,0.6531880220004074
ck_110608c3b03d4038,0.9579344061927073
ck_1be8cb95d6d9bbf8,0.20727235689549806
ck_8e16a64a776afa82,0.9215726217152169
ck_34bd190d37eda534,0.7962925239356284
ck_4f521611ae14ae66,0.09278875534732124
ck_d839798f9520363e,0.8099409248319414
ck_d1bbfd246c0ac9d5,0.4749439804440823
ck_f19030e6e85a6776,0.6506416785496028
ck_cdabe60ab59f9d5a,0.41525768995722145
ck_bb84b2b30293f566,0.9236096964758607
ck_427b91925952cb40,0.6192707272356895
ck_1078b1e155b5b640,0.3594418415155836
ck_95fdc264eac72fa0,0.1927072723568955
ck_e35eb857c61548b2,0.9776940313709512
ck_69bd0b1abea7e1f0,0.8676919942961907
ck_59de511b20c842ba,0.7367080871867997
ck_168e7ea341a36b80,0.2033000611122428
ck_4937cfa6526ea138,0.4542676716235486
ck_bb1a981306b750ac,0.8148299042574862
ck_f42a43e4c3f34ccd,0.24465267875331026
ck_c7ae1d4b3ab38185,0.1468730902424119
ck_bd23cf9bba1dd33f,0.49174984721939297
ck_0fd826fad7ec7cd6,0.7931350580566306
ck_f143641bf3dd0414,0.6328172743939703
ck_ad6d48c20a3688a7,0.47249949073130987
ck_7bda5b5b927b2905,0.7866164188225708
ck_a337eb38eefdcc88,0.7704216744754533
ck_403da2a2d800df9f,0.8729883886738643
ck_aa01d5aafde73d0a,0.08616826237522918
ck_494954023f0eb309,0.7491342432267264
ck_1c6820fc38135ad9,0.6099001833367285
ck_0e0bab173622db9b,0.6511509472397636
ck_547090bf35a3b243,0.3649419433693217
ck_d69455220b21dc9b,0.4372580973721736
ck_90b4ac695b9c6bf7,0.323996740680383
ck_8d2afe17c0082e6a,0.8582195966591974
ck_926b81c0ba528eee,0.8468119779995926
ck_ce36b0c287bd198e,0.7217355876960685
ck_8026e017909aaa6c,0.08789977592177634
ck_dfba788f35d4c372,0.14239152576899572
ck_f09f9d0e0886e0c6,0.29843145243430436
ck_4ffe0366df388604,0.6838459971480952
ck_75bb521de55644c7,0.3025056019555918
ck_81a960fddf79ecf1,0.9792218374414341
ck_8f43459991ea511f,0.398553676919943
ck_f878b68d66fbfd4b,0.29822774495823995
ck_e84abfc0c747c9dd,0.9711753921368914
ck_3ad3fd3cceb56b66,0.966591973925443
ck_7cf562578c7f158a,0.0250560195559177
ck_f81a97d350397306,0.6522713383581178
ck_255d87b7fb40caa5,0.5613159502953758
ck_b3905153b9eee924,0.6567529028315339
ck_2c80a592fb4cd6a3,0.021287431248726826
ck_57deb202d4188a29,0.41851700957425136
ck_e3cb5f31d8e94448,0.9877775514361378
ck_0db62d5f7f75f80f,0.565288246078631
ck_ced9163ea85589ea,0.9027296801792626
ck_e16528edc694fb33,0.9588510898349969
ck_78cc5ec4940fec3b,0.45691586881238544
ck_31742076e9a998f8,0.6963740069260542
ck_5ac335f02280271e,0.626094927683846
ck_7cc2e091806cfa5b,0.6950499083316357
ck_3152c7115257f084,0.10032593196170299
ck_ab1b9d019921bca7,0.3717661438174781
ck_c33a762d98f9b290,0.09716846608270524
ck_b16a7c51b6f7a6b1,0.732430230189448
ck_97402a153348e68f,0.26033815441026686
ck_95391029a21caa24,0.4076186596048075
ck_c2015a1200971fe9,0.44520268893868403
ck_ed4427962c68918c,0.9532491342432268
ck_c5e4a17d3efb19a4,0.8659604807496435
ck_8aec3d3dd51517c2,0.16286412711346507
ck_f5178a658225d8e4,0.03157465878997759
ck_8594f165e95316d2,0.01940313709513139
ck_f0c4aac04076a6dc,0.5677327357914035
ck_ac2f7397801036ef,0.6175392136891424
ck_d1ea4bcc407c7d5e,0.49256467712365043
ck_cce8b6657a538fe0,0.23446730495009166
ck_66d0c6d6b67a8d58,0.5424730087594215
ck_1a6b30320835e57e,0.4261560399266653
ck_8cd274cc85aa35d1,0.5214911387247911
ck_ada46085a78280e4,0.49460175188429417
ck_ce1b06623e4a815e,0.27683845997148093
ck_45e70c8a9686580c,0.6780403340802608
ck_0084d8ab6b1044f3,0.2906905683438582
ck_a5f7b6fed6df2aba,0.7188836830311672
ck_94940d783e7988e6,0.40120187410877983
ck_00f9ca84d1d8ae7a,0.1246689753513954
ck_0deb56f3f6452818,0.34039519250356487
ck_a58e900469dfc3f0,0.2875331024648604
ck_028c41b195280980,0.5325931961702994
ck_7661d7ceaeb19f97,0.6599103687105317
ck_6957905a65c47879,0.4004888979425545
ck_f7c6c26ef3c4ae06,0.29853330617233653
ck_8777beb11aabd66d,0.45192503564880826
ck_7db098a17374bbf8,0.9628233856182522
ck_66aeb00e44486cda,0.9442860052963944
ck_838c52cc1d315ec3,0.28162558565899365
ck_1745847cd4e5dc83,0.6424933795070279
ck_201687857ec8b3cc,0.6926054186188633
ck_81818169208a8cda,0.6860867793848033
ck_3303fd3f64632c7c,0.7530046852719494
ck_edf1096809e83ef8,0.030250560195559176
ck_235ce9603c7dccbf,0.31544102668567936
ck_9df7e153868bca13,0.20431859849256467
ck_3cfeade2cf270fee,0.5268893868404971
ck_982b0bf2e2b6c4f7,0.2956814015074353
ck_faeb0da678bb86c0,0.3353025056019556
ck_e86ad2fe815b6ed9,0.7506620492972091
ck_70d69e5d1bb99e85,0.40772051334283965
ck_7e9a8924eab779e6,0.9543695253615807
ck_019d5891103e7da3,0.3998777755143614
ck_14f0484b3817eda5,0.36219189244245265
ck_85de63d278f0fbae,0.11478916276227338
ck_ae91b4cff57fb3bf,0.22575881034833978
ck_2a6d43b9f883b78e,0.9504990833163578
ck_7a4e3d553e8ab5b7,0.7560602974129151
ck_fdf89dc69f700f84,0.7979221837441435
ck_f92e04024bf13558,0.04848237930332043
ck_4a522ca2dc4831a0,0.1461601140761866
ck_68ba25dc3385fea1,0.8428396822163373
ck_22128a4f0d033422,0.5386025667141985
ck_5b52ee0a13c71590,0.21114279894072113
ck_59472d17debedafc,0.6334793236911794
ck_9dde2c63acda3ba3,0.5701772255041759
ck_7510b1023cd08531,0.6482990425748625
ck_071ddaaf2e4e3671,0.49449989814626194
ck_1355db6f4010232a,0.7347728661641882
ck_0a7adc2f27f98510,0.842635974740273
ck_68250033717cd59e,0.3105011203911184
ck_7c12de74de30b788,0.946221226319006
ck_65491367584c730c,0.5445100835200651
ck_e9047964952bee70,0.6776329191281321
ck_5567779d6ba184eb,0.3729883886738643
ck_d6ea026357ec6477,0.4428600529639438
ck_cd7dcc884e283746,0.4982684864534528
ck_0bd77fea8ed75a15,0.7710327969036463
ck_e80883208e8d0453,0.4647586066408637
ck_2ad0ecbacd5acf8e,0.9827867182725606
ck_6c1dbee7e8fdd5c8,0.8274597677734773
ck_ee4d9a7449515908,0.22081890405377877
ck_636111f7f030496c,0.141984110816867
ck_2c629c657f73941f,0.6320024444897128
ck_c1c9d3842d758420,0.882155225096761
ck_e4df7faacdfe8c40,0.6746791607251986
ck_94e8142728e44380,0.7543287838663679
ck_765aaf42c5088545,0.6052149113872479
ck_e0f845159b6e6a4a,0.47300875942147075
ck_5bc07deb82edbad7,0.2184762680790385
ck_713159c5c6a7a4d0,0.9978610715013241
ck_b08afc91d9ca55db,0.4708698309227949
ck_a7bc323ffed2ea97,0.9186188633122836
ck_85ca825f905a34a1,0.40639641474842125
ck_33160c443d4b3f19,0.35414544713790996
ck_832d39c590a3ca75,0.9716846608270524
ck_7d1661a34164406e,0.9641474842126706
ck_c2466fc40fc9d5ed,0.9894072112446526
ck_ed0e776c0926ce67,0.4708698309227949
ck_cdd2ebeec75bfa69,0.9417396618455898
ck_d7877684c7923ec3,0.16948462008555715
ck_7384d4d2406aabf4,0.21582807089020167
ck_b8e5244e650aa81b,0.6596048074964351
ck_25a1ea40b2d59254,0.21246689753513953
ck_b9e5b318ee4de68d,0.6571603177836627
ck_620d7ae27af83cea,0.3676919942961907
ck_40b4e264d1a12b83,0.9606844571195763
ck_b694c803b62862b3,0.47331432063556733
ck_cbeca201dbade3e5,0.4393970258708495
ck_f9b439c9161c3e52,0.3522102261152984
ck_9880410fcd10a28e,0.0544917498472194
ck_74928f5f91aa12b2,0.7281523731920961
ck_b6673bbe61d2680d,0.6236504379710736
ck_53c8315b5c30acb4,0.2042167447545325
ck_78f01d78ea79642f,0.7046241597066613
ck_8582490d6e365a63,0.40598899979629255
ck_af25c72d16299258,0.18180892238745164
ck_7905fe8e257b0449,0.9092483194133225
ck_0d16d9349e4a9e08,0.2670605011203911
ck_31b16b8848584e98,0.6889386840497046
ck_67207e3eecc02d76,0.8853126909757588
ck_e6b95ff91116a592,0.23171725402322266
ck_c08f622bcd6de6e7,0.7742921165206762
ck_f9a68da9e0f0bc85,0.47107353839885924
ck_4072b59388976896,0.43471175392136896
ck_8ec86e853ad52828,0.7704216744754533
ck_4fecb87eaffd5cb5,0.3127928294968425
ck_d6880578428b965e,0.8705438989610919
ck_bfc82b3c1c9f2897,0.9416378081075576
ck_c340644176ca03e7,0.5066204929720921
ck_321e740066fb05c3,0.9481564473416174
ck_8929d2eb09872052,0.7986351599103687
ck_205c107cec528414,0.9516194744347117
ck_e76db7d2562f9836,0.35506213078019966
ck_9ede51c8434cff6e,0.7356895498064779
ck_492e4b89c61b7b6c,0.698411081686698
ck_9385f5a1eeebefcd,0.7427174577306987
ck_ee52c7bf88f952ab,0.42075779181095946
ck_d8116c34302021d7,0.2119576288449786
ck_01645ea51972e99a,0.5565288246078631
ck_7b45ed23304a854b,0.6126502342635975
ck_2096d32f3d497ea1,0.8760440008148299
ck_dfbb2056f1ef7d3b,0.2893664697494398
ck_938ce30c864bc7df,0.05316765125280098
ck_ff30dda2c881a4bd,0.952332450600937
ck_f88c79186a082beb,0.9034426563454878
ck_08c7bb0f9851cb76,0.5525565288246078
ck_2675e7a008e584a7,0.909553880627419
ck_cbaf8a954281d4e3,0.9690364636382155
ck_8b24eadf6c72b30c,0.9591566510490934
ck_ffc8e3c1377d0706,0.2966999388877572
ck_5b59e859bed5b40e,0.7799959258504787
ck_7b61717f172f9317,0.9704624159706661
ck_e5c30947b732f661,0.5750662049297209
ck_bc273f3ce79f7e1a,0.4523324506009371
ck_f69e93388b3028cb,0.8697290690568344
ck_3837ad850996ba60,0.4611937258097372
ck_36d78ff3bc033ee5,0.697392544306376
ck_5e20953547ba4135,0.8201262986351598
ck_258d661e450ac870,0.3888775718068853
ck_1df66f537496ca59,0.7800977795885109
ck_361f535599110201,0.38918313302098184
ck_337e98c69f6e7886,0.4833978407007537
ck_d3d5b2717cfc3913,0.7393562843756365
ck_b1dba768dbe7affe,0.8358117742921165
ck_92d782bd9ce0d1e3,0.32929313505805663
ck_26bd0f8898afc8ba,0.057241800774088414
ck_7916e53daab36745,0.8188022000407416
ck_2caf553b31831a50,0.09869627215318802
ck_c6200734c7f9b2f9,0.9859441841515584
ck_cdc55623cb16e6a9,0.0644224893053575
ck_57849e15b61c43b4,0.23894886942350785
ck_b7af9b2ee0eebbc6,0.5465471582807089
ck_00aa5fc3b3bc66aa,0.6866979018129966
ck_9929723f65636c7f,0.9934813607659401
ck_8f6cce9f69912983,0.2026889386840497
ck_c422ba389ff00781,0.12589122020778162
ck_9ec7f334604a228f,0.652984314524343
ck_5d01200ba3341462,0.3501731513546547
ck_2bf10be403849c9a,0.42503564880831124
ck_6ca018259f70858f,0.1468730902424119
ck_a54dc042ebb7c766,0.6167243837848849
ck_79da63fc100830b5,0.25147687920146666
ck_67ab6f9e05c85085,0.4446934202485231
ck_fa80da579ea9afc0,0.24108779792218374
ck_4339f86c87289222,0.9697494398044408
ck_a2299b4f530be0d6,0.803727846811978
ck_19db0bf788697c2b,0.48288857201059276
ck_fa4211c4d826d830,0.09614992870238338
ck_96100d5e8e051e91,0.20370747606437156
ck_5c3a671883d58b3f,0.03228763495620289
ck_2d9524787cfe1ab3,0.9563047463841923
ck_47ab8e51e5b3a2d8,0.2304950091668364
ck_c924f36bc1bbbaa3,0.557547361988185
ck_5c58e7f8fd55e26c,0.5073334691383173
ck_a07e7409d6d5aa06,0.7163373395803626
ck_c8413898f5f7cb7d,0.7441434100631492
ck_577c816b41cab002,0.9538602566714198
ck_9f7807ed64cdb728,0.8004685271949481
ck_495d814d6d6d521e,0.3962110409452027
ck_7aa8bc018c2b003b,0.07832552454675087
ck_7c3a6a82f3c3241d,0.5009166836422897
ck_487f7fbc290e4ae2,0.14106742717457732
ck_e556c4d36aadbe03,0.023324506009370544
ck_7e6569a1b2455cb0,0.0988999796292524
ck_de2924955926d046,0.6076594011000204
ck_73d60b4630e3937a,0.17396618455897334
ck_805ee564bd35ef15,0.3402933387655327
ck_0d40961e47797027,0.23110613159502955
ck_f06d00a4f9c87d80,0.2992462823385618
ck_5ef50fb07b6737d5,0.5733346913831738
ck_16541fc15683e21c,0.3995722143002648
ck_09fd43f1b7e2eca2,0.16235485842330413
ck_2a2c336a69b8d68d,0.5806681605214912
ck_2685f38930866af0,0.48523120798533304
ck_298278a9da874437,0.373905072316154
ck_00bd7803f2530c68,0.505500101853738
ck_c2b4a1d8c0b6c1cd,0.03524139335913628
ck_2acb54ca20c3af6c,0.45304542676716236
ck_e3d4b6f681c783ab,0.8620900387044205
ck_f90293f1eba5d7b6,0.7424118965166022
ck_e69d27e8965df0be,0.05652882460786311
ck_b7f5d10b427346ad,0.23100427785699734
ck_1ce20e4223a936b1,0.5014259523324506
ck_6b97d1ab90f6bdeb,0.8294968425341209
ck_e30e17db5473c7b2,0.6948462008555714
ck_154c8efb19dee665,0.3773680994092483
ck_6f5bb0c930644cae,0.9959258504787125
ck_9e17699baa83d173,0.4856386229374618
ck_9693b1eb70880205,0.4952128743124873
ck_1e97899875bb427b,0.19942961906701978
ck_558a82590f65df69,0.18435526583825626
ck_18df83242ff3cdbb,0.9476471786514565
ck_80ad4396e1084c68,0.8617844774903238
ck_0a993bc947bab61f,0.743939702587085
ck_5c2d43ff841632f9,0.23874516194744347
ck_6e4b99fb9725d9fa,0.492870238337747
ck_e0983999ca26c19e,0.49541658178855164
ck_6573c4947cc8607e,0.8088205337135873
ck_d879d645d6e44207,0.30820941128539414
ck_1375ad9f10688e4a,0.37624770829089427
ck_7501ebbf4e21f160,0.5621307801996334
ck_ca60d61cd4dc3bea,0.061825218985536765
ck_ab9ea095a5c58b4b,0.5385007129761663
ck_23756522b58df5d8,0.06472805051945406
ck_90bc176c43d85fd5,0.8912202077816256
ck_908b663b2dda94ad,0.6956610307598289
ck_4df2fb8e4b649e27,0.2119576288449786
ck_5615c6bbdef05291,0.8391729476471786
ck_b62f3e3185251f71,0.0973721735587696
ck_38d1a22850178f33,0.13297005500101855
ck_5b3ba20c8bb1383b,0.6029741291505398
ck_5576ffc6aaf6f22c,0.031982073742106334
ck_cf7a022178165e56,0.2874312487268283
ck_f2c7a4c50e2ede96,0.6047056426970869
ck_285719c77eadf915,0.06610307598288857
ck_f2aa1b677619ab19,0.6163169688327561
ck_3830c58d841e9e69,0.8970258708494602
ck_32eba3510c8eac5e,0.5209818700346303
ck_8955d7b9030d5eb5,0.38867386433082096
ck_6775e387dace7525,0.531269097575881
ck_0a0cd7f4be606a93,0.6795681401507435
ck_a9f700eee5d638df,0.43073945813811365
ck_3d7db96995745472,0.5712976166225301
ck_aeed557007d52e9c,0.10949276838459972
ck_79b6a86830156b5a,0.44795273986555306
ck_6a1ff9d69466181c,0.9916479934813607
ck_f11b1565f986f5e3,0.5092686901609289
ck_4819327a78615485,0.47504583418211443
ck_3ed9e081959b2f5c,0.35964554899164797
ck_16af4be191c47d3d,0.052862090038704415
ck_25122cc0e8b1a662,0.7833570992055409
ck_509c22828d467ba3,0.6852719494805459
ck_31109c899336348d,0.8193114687309024
ck_c51131e53baa59c7,0.06752902831533918
ck_cf8ecabbc61d3e11,0.08270523528213486
ck_eb6baff0f85ba936,0.29690364636382155
ck_777669e2243204f2,0.928193114687309
ck_ac0ea27e692acdc9,0.29659808514972497
ck_4c6ea04ce8ca9e2c,0.24078223670808718
ck_ca54b32fca7e94cd,0.21409655734365451
ck_4dfd8947f540eb24,0.42493379507027906
ck_95aff1fe27fb24bb,0.43868404970462416
ck_c7550723b90e5615,0.3514972499490731
ck_57b3fee69bdf85e8,0.17101242615603993
ck_f823407ace7ff064,0.6851700957425138
ck_a69084a068bcc8aa,0.5336117335506213
ck_c7b17f7b24bef5d7,0.5691586881238542
ck_7c4e588f927c27c8,0.6100020370747606
ck_77fdac602d0c6f95,0.7425137502546344
ck_e963d8525018d072,0.4750458341821145
ck_6e8ebaea8f7bffaf,0.13841922998574047
ck_aa42976a31cb7770,0.27388470156854755
ck_22c862a496008c96,0.9973518028111632
ck_527550dd15f38782,0.7556528824607862
ck_b3ab3c210e2c7c19,0.7498472193929517
ck_ed9c56fdb9f45ddc,0.9042574862497453
ck_b53281da70defcfa,0.2809126094927684
ck_03009b721568ee98,0.3853126909757588
ck_3d9afd862b3f4053,0.9061927072723569
ck_ad3c4be96599554a,0.4658789977592178
ck_d1c787c27d50af49,0.7427174577306987
ck_c7a9c7b2eef46a99,0.4368506824200448
ck_53036d3c6c74446c,0.7800977795885109
ck_1b1efbd9c0964c8d,0.5543898961091872
ck_d66f42a269d5c1ed,0.7218374414341007
ck_fefc49a2b8ad993e,0.6897535139539621
ck_8b3b874249adece9,0.7288653493583215
ck_193d9c87ad3f1dad,0.13037278468119778
ck_0c6a50d747593b7b,0.38347932369117943
ck_c830f3830875b47a,0.7320228152373192
ck_79e202f06d8dfe42,0.8856182521898555
ck_5c0fe988b8aa7fcb,0.8603585251578733
ck_a8382d8345f21e1e,0.28478305153799144
ck_8cb20053914692d0,0.7101242615603993
ck_1da2f69023ca4c13,0.09390914646567529
ck_38abb60995114f8f,0.49938887757180683
ck_f5791fd8fd8fd191,0.7364025259727032
ck_a4e6fc391b674335,0.8940721124465267
ck_bd771efb4a7e15d0,0.5136484008963129
ck_38ba4a6b6a292054,0.5089631289468324
ck_f7a07283345a0dce,0.23986555306579752
ck_87dc484baaf5a23a,0.09441841515583622
ck_c84ef83489badbfd,0.7657364025259727
ck_a397cd64ec5d644b,0.32257078834793235
ck_7977135c2ff61e92,0.6040945202688939
ck_52174855b243a8b0,0.8049500916683643
ck_0f35e930d0614613,0.9869627215318802
ck_b170a7db522a0d6f,0.6696883275616214
ck_7af748a23775bd54,0.9118965166021593
ck_52f641c9ee6fda70,0.07394581381136688
ck_c3719a30414bbb4d,0.9052760236300672
ck_2baf214ad6bc0dbf,0.7955795477694032
ck_8b39d8aacfdd72b4,0.23619881849663882
ck_d39b0152116203be,0.2788755347321247
ck_ed33f8a937f9c7c8,0.32796903646363823
ck_8ef97b55a5fd6ec9,0.1088816459564066
ck_8247f008a14bd1a2,0.06630678345895294
ck_f0d349d68249d5db,0.01583825626400489
ck_a544e766540861fc,0.8828682012629864
ck_9dfaca4c7c80b10d,0.8110613159502953
ck_7e5401c362b2216a,0.12303931554288042
ck_64ff60c073fdb6db,0.5102872275412508
ck_fc5ea49518e5d637,0.19158688123854145
ck_580f136ced341298,0.2757180688531269
ck_9cbef9bc95449dca,0.5770014259523324
ck_e475a3b8ba870a7e,0.621205948258301
ck_97e94708bcf43563,0.48523120798533304
ck_13f03ec785cbdae1,0.027602363006722346
ck_152820d8817f478c,0.4176003259319617
ck_d20d4ba60eec9945,0.37859034426563454
ck_5c45968a805132e0,0.7208189040537787
ck_bebea2cf3063fb24,0.32094112853941736
ck_c3c69aefe7ea1d2f,0.6815033611733551
ck_02028b72f26fe855,0.771949480545936
ck_dfadff70a58a9133,0.08504787125687513
ck_6482ed4491bedcaf,0.3353025056019556
ck_754cd7b4a5ae3f94,0.8697290690568344
ck_3132857aec8485bc,0.05092686901609289
ck_7ce4ca91b8f9f1c1,0.4433693216541047
ck_41938582f4351772,0.11580770014259524
ck_f87d66946252476c,0.8870442045223059
ck_8053f1879a9b4e43,0.5341210022407823
ck_93892e91387f5103,0.31554288042371154
ck_15254db133b28371,0.5106946424933795
ck_d557b9feb241b3ec,0.0716031778366266
ck_71c3a8e4c12c989f,0.480851497249949
ck_80e3041811033443,0.5707883479323691
ck_3380d60067b4634b,0.0859645548991648
ck_a9c2cdc758df8510,0.7726624567121614
ck_3c0031d7514da17b,0.5814829904257486
ck_18d214b1418be39d,0.20747606437156244
ck_7ce768407fd48321,0.569056834385822
ck_7a50abd42298133b,0.5903442656345488
ck_2db10f987d137582,0.7408840904461194
ck_e077d004cd1d80ae,0.5209818700346303
ck_1cb6dc67f9a321b5,0.49312487268282745
ck_b864f64101149c35,0.9420452230596863
ck_9bedf54df9418e4a,0.0358525157873294
ck_c47e32c47f0e6578,0.8856182521898553
ck_71f382d5e338daa3,0.7716439193318394
ck_14b4bf7be6ac2b61,0.714911387247912
ck_5c87eea1cc07cc92,0.5394173966184559
ck_5f445182829ef342,0.6985129354247301
ck_a5d7311291caaa54,0.30138521083723774
ck_b7df99aecef385e6,0.8264412303931554
ck_3327a0582407068b,0.49765736402525973
ck_08dba09fd7dab896,0.6032796903646364
ck_f4ec334be5266378,0.309737217355877
ck_240f7f894c5a86e7,0.20258708494601751
ck_a9d994554fc14a02,0.06518639234059889
ck_13648cbd306eee6d,0.3083112650234264
ck_601edf9105b3c321,0.9895090649826849
ck_9527adac182abe57,0.9510083520065187
ck_4e0e80f5cc271bf7,0.14218781829293137
ck_96a89e720176b389,0.746180484823793
ck_63560eec94b76d2f,0.6774801385210837
ck_c9c99e5b19aeced8,0.3080057038093298
ck_bc32655ee5ed643e,0.36422896720309633
ck_edccb5a93b741744,0.3489509064982685
ck_f786cbc987b70930,0.11040945202688938
ck_0e8f26536ccc8947,0.7237726624567122
ck_b87ef4b98cfcec4c,0.5359543695253616
ck_1a9235812de4b2c1,0.5865756773273578
ck_d1ed88ea4211ba4d,0.10582603381544102
ck_a4ddac49657a4450,0.2815237319209615
ck_d9ffca35188e49d8,0.5981870034630271
ck_3db73bbe03c3d240,0.1641882257078835
ck_fffa0622344a36ab,0.10205744550825016
ck_148c28df51bba5e9,0.9833978407007538
ck_076cbc25c8f15fc3,0.9628233856182522
ck_e5ca550b39ed45bf,0.9619067019759625
ck_8dacf3a2061ca17d,0.7190873905072316
ck_2d7394afd61643d0,0.1175392136891424
ck_e42206e91f6a1752,0.13302098187003464
ck_2f4f94827984c426,0.06783458952943573
ck_edfe8e90e8f4366e,0.5336117335506213
ck_646b15f753e5e9c6,0.5963536361784477
ck_66600620149c8799,0.19240171114279891
ck_4ff6fc70bccfba96,0.94408229782033
ck_41af3729590c2484,0.4408229782033001
ck_920a48ba8c583e96,0.1647993481360766
ck_0253b3e7be021306,0.21888368303116723
ck_2ae6949246ea2648,0.39264616011407616
ck_db23a5100f338d72,0.40293338765532694
ck_fcb2a559474c3493,0.6262986351599104
ck_0a4d7acd2a53cbbd,0.46567529028315335
ck_c5d62b2b7a6f3bac,0.9629252393562844
ck_cf59f4fc0ea690b2,0.11346506416785496
ck_837be8126bb19250,0.051232430230189446
ck_58955542edee1adc,0.15308616826237523
ck_1b93381d8eea58d1,0.3688123854145447
ck_97b8e05d62abdc14,0.5842330413526177
ck_71a0d645744302a3,0.19036463638215523
ck_a7b57882ab66b111,0.11896516602159299
ck_65f76421be648549,0.23599511102057447
ck_b53ea8713d32ca7c,0.5779181095946222
ck_991c4c924a1d85ff,0.969851293542473
ck_8432ccec1a4ec7fd,0.9798329598696272
ck_64c1633297f43788,0.07353839885923813
ck_4291fd9c1161d8e1,0.7746995314728051
ck_5e98ed6391d9f429,0.7047260134446934
ck_c7baebe4549fdbb4,0.8419229985740477
ck_6e67225ba59fa5ae,0.6133632104298228
ck_719602def4d35fe0,0.5735383988592382
ck_bdee7c86f5ebe81f,0.5184355265838256
ck_8de38f8c7f91961f,0.6834385821959665
ck_b0b5bf9254700402,0.3436545121205948
ck_7b55d9bb1a250d4f,0.6124465267875332
ck_3954b7b0fd1d6614,0.31095946221226317
ck_f29471fe7c818d6a,0.1590955388062742
ck_9e65a8a2f587691a,0.3265430841311876
ck_eaec5f1a83b66eb0,0.9147484212670605
ck_004fe0daecbe2c1a,0.4275819922591159
ck_d17653a4a2d4a79e,0.4892035037685883
ck_0dd417fcbf19e424,0.44163780810755754
ck_4c99a6eadea143e2,0.8974332858015889
ck_74d602c907ee9119,0.09329802403748218
ck_1aa87cb62acc0ac6,0.7136891423915257
ck_094974d75e29fb2f,0.7178651456508454
ck_5ef935ac3d4d3332,0.5556121409655734
ck_b26e4ae47c9107ed,0.9472397636993277
ck_396cea6f95186ad2,0.2492360969647586
ck_48446a9e8184c7d4,0.24954165817885515
ck_31e1ede23247d56b,0.8041352617641068
ck_7afefa349b960a3e,0.31187614585455287
ck_f5e02a3432571b20,0.8619881849663883
ck_64eefec062592c43,0.6156039926665309
ck_a1201284122c141f,0.5703809329802404
ck_1b34c420a4c85a95,0.3258301079649623
ck_d637a011332ba67a,0.49144428600529644
ck_99c0004d8b7079f8,0.5258708494601751
ck_948517bad569b40f,0.7349765736402526
ck_a28d6b1601b472a6,0.6489101650030555
ck_a0b4209feb31f5c0,0.9973518028111632
ck_d6d2c1f6dfc455b6,0.9218781829293134
ck_3f9e6d356d3dd3cf,0.09533509879812589
ck_d08e00c842b75176,0.5857099205540843
ck_bfdd232a7c5f2660,0.6295579547769403
ck_2cdad03ed069438c,0.6181503361173355
ck_42317c3eabd0a285,0.9216744754532491
ck_3eb73e56751c704d,0.6353636178447749
ck_ef33c04f4c9e3758,0.7068649419433692
ck_1dc23dc870f1773d,0.48533306172336527
ck_76091f357974a152,0.576797718476268
ck_4d9eb75e8eee90fd,0.7305968629048687
ck_578f67e69e5d2cfd,0.4879812589122021
ck_3a8ce1cc724229b8,0.01767162354858423
ck_a96887f841e80fc1,0.3658586270116113
ck_d2d4a8f4a9f2c33f,0.15726217152169483
ck_11f85bc705dbe036,0.7948665716031779
ck_7429b3f87528e335,0.35363617844774903
ck_26df74feac7ec51d,0.6061315950295376
ck_c78b2638fadd91ab,0.501120391118354
ck_7eaad325abe3b50c,0.07924220818904054
ck_fd44e34af620e606,0.7911998370340192
ck_f99738dff854e25f,0.08036259930739459
ck_1ffbce3a239bb264,0.2896720309635364
ck_96c7d52ba0a766ef,0.8649419433693217
ck_cb1c00c300af3f9e,0.17793848034222856
ck_ec3d12848ced99f2,0.15033611733550623
ck_26cfd7c3c6c7bf69,0.8451823181910776
ck_7ae86b5a885affc3,0.8671827256060297
ck_3edaa94d28cd48ea,0.16714198411081688
ck_3209c530c9812e39,0.18924424526380118
ck_ea62ebfc1f04b49a,0.578936646974944
ck_5fc90b4668ea81bf,0.34014055815848443
ck_95654593cdebd141,0.09085353432470972
ck_958c0bd61820147f,0.7971073538398858
ck_8440ef1386c07194,0.3295986962721532
ck_8cd1b68dd74b1375,0.8876553269504991
ck_c9eb4df91ff07f2c,0.6183540435933998
ck_c29489366c01fe65,0.9849256467712365
ck_c965fd6bec0f0ecd,0.7367080871867997
ck_84c402b23766e1f2,0.5425748624974537
ck_181f3dae03b87136,0.6772255041760032
ck_022a8ae79eb28cf6,0.9915461397433285
ck_469c17407d17b706,0.40293338765532694
ck_1fcc5843f39148a9,0.3962110409452027
ck_5debd55f361b2ddf,0.09910368710531677
ck_28cb9b03e89263f1,0.16541047056426972
ck_f067470743d3c7a2,0.6785496027704216
ck_d5d225ce41a1a762,0.6821144836015482
ck_15b4840922195ffd,0.5149724994907313
ck_6bcfa37c717f19f1,0.8004685271949481
ck_8d501a0386c66be8,0.8334691383173762
ck_1a9d6190c57ea7e2,0.9204522305968629
ck_c49832eabdac5bb7,0.0781218170706865
ck_b4331140b2e0d4aa,0.28213485434915464
ck_5efbea1befdefe1b,0.8401914850275005
ck_72ff52c4824072ce,0.6185577510694642
ck_ec3715add8bbb6e9,0.08352006518639234
ck_9822f8ed05335741,0.4388877571806885
ck_c3d7d3d12a1981a3,0.19433693216541048
ck_a115a7919ac5875a,0.6264004888979425
ck_4dd4ed23e0b927b7,0.9047667549399063
ck_4c76efcc1ee6762d,0.8056630678345895
ck_3ad6e7bf452c9b21,0.6324098594418415
ck_dcbab304b55a42c7,0.6054186188633124
ck_24b53090faf722cf,0.3977388470156855
ck_187317383400491d,0.2026889386840497
ck_e07fd57565c94c28,0.6628641271134651
ck_740e760fdcd27835,0.11489101650030556
ck_d3796aebda1cfed5,0.9740272968017927
ck_e541967c681cb929,0.2415970666123447
ck_431118050b834dcb,0.08056630678345895
ck_90f3655f0c8a0074,0.05286209003870442
ck_13cd943777651aac,0.3823589325728254
ck_66accecabf3901c0,0.6741698920350376
ck_937f0da2306b2eb9,0.32623752291709107
ck_105b0c93573fd5b7,0.8906090853534325
ck_00480407160e0743,0.1882257078834793
ck_e032068be7b77d15,0.7913016907720514
ck_991b7dfd69098320,0.05143613770625382
ck_37d47cf0f34574a2,0.19250356488083115
ck_011551a596544f5d,0.07669586473823589
ck_9acd98f4fe2d474e,0.7115502138928498
ck_7c88d3d377bb61bb,0.7011611326135669
ck_e2374c7136c964fd,0.6073538398859237
ck_2fa8f2577116e9ca,0.5297412915053983
ck_d07c5b0321c685ea,0.7236708087186801
ck_bc736114a31088a7,0.4398553676919943
ck_32bb42f9bff197f8,0.42564677123650435
ck_66267bbad1f1415f,0.9827867182725606
ck_19988702ccd79201,0.3908127928294968
ck_f473a03fbcdbc4b0,0.1490120187410878
ck_e3f1d85fa5d49396,0.4164799348136077
ck_c4402ea6291df271,0.7393562843756365
ck_243bd5ca8c4ae5d0,0.6679568140150743
ck_f271e855925e8d6b,0.8904053778773682
ck_e424148c6f2223df,0.10017315135465471
ck_e4d0a9e1102a58b5,0.4202485231207985
ck_91c2a5fe69b9b1d1,0.7058464045630475
ck_5fd8924732fe403e,0.9448971277245874
ck_9a881d5433126ada,0.19362395599918517
ck_73cab88b29c7845d,0.9009981666327154
ck_5b5dea6476d4e182,0.24964351191688736
ck_ccccb17d2ca6ce94,0.8415155836219189
ck_cd1dc68e441222b1,0.957730698716643
ck_8312c49b1431a406,0.4433693216541047
ck_25fea39897f2a559,0.23803218578121815
ck_f56200205280bddf,0.5585658993685068
ck_7336611650dcc088,0.08341821144836015
ck_590716322ff147ae,0.6209003870442045
ck_c82364d87875a1a1,0.5681401507435323
ck_fa4b60387d744fc5,0.1498268486453453
ck_d841eba8906e9a15,0.3071908739050723
ck_d6df562a79b9d0d9,0.3917294764717865
ck_59a14d2564193101,0.11132613566917905
ck_8530158e3d7f59e7,0.2630882053371359
ck_ac68d707006c12a8,0.5085557139947036
ck_976fac1bb3dd8c58,0.4920554084334895
ck_f854fba8f4adae3d,0.8725809737217356
ck_b98e9c3ec6e7d1e7,0.5215929924628234
ck_803c0b4cf9d4bc1d,0.7306987166429009
ck_76997a33c3ea5107,0.09034426563454878
ck_f1a9d832b700bda1,0.9950091668364229
ck_2bd96ddb8c323d63,0.9950091668364229
ck_9e5b7acf51b1b743,0.2391525768995722
ck_09169f22194fd6aa,0.8723772662456712
ck_6d69e092f9b0848b,0.2378284783051538
ck_9f83fa5a2d3b9049,0.47107353839885924
ck_57bbb19eecb4b87c,0.2830515379914443
ck_e0e9cfabb979f428,0.5434915461397434
ck_b1ff9edc51d42f97,0.18873497657364025
ck_4682fad271d47eb0,0.9720920757791811
ck_ab33fb754c818ae3,0.6473823589325728
ck_b456f62b80e21557,0.10521491138724791
ck_16340be3f2a7fffd,0.16642900794459156
ck_ce66831f6611014c,0.6871053167651253
ck_4610a073bb54d1b1,0.9097575881034834
ck_fd038a7d33a9d6e5,0.15899368506824202
ck_c8198cb4c461304f,0.48064778977388467
ck_1e7de58822000dea,0.14228967203096354
ck_b2a79dd3df560f14,0.7838663678957019
ck_74a06f347b32347f,0.30423711550213894
ck_c6fdb2972417c9bd,0.581177429211652
ck_d7607a213b800bfb,0.565288246078631
ck_df65967b8b40319c,0.09003870442045223
ck_329a73dbd585ee09,0.3140150743532288
ck_74991a9e85c3b07d,0.6676512528009778
ck_bb76609b79e0bc9f,0.371155021389285
ck_f7fc1bd0b9ab1fa4,0.6941332246893461
ck_d111c98b36bdb791,0.2572825422693013
ck_f07e27d125497b66,0.7913016907720514
ck_093e3a7134e11d6b,0.2702179669993889
ck_862c7953bdea48b0,0.5423711550213892
ck_392cf2cdd515c34d,0.5189447952739865
ck_80eb91b0b4001084,0.6887349765736402
ck_5923f53b77193a58,0.8403951925035649
ck_8049f5fce32be185,0.9456101038908128
ck_ebc5a2c6cf88e252,0.7929313505805663
ck_9ea5872f14cce338,0.6604196374006926
ck_f7fbc95ebf584379,0.24536565491953555
ck_bafe82c870356706,0.9876756976981056
ck_278b36c5932d9bff,0.2793848034222856
ck_6a892dd5d05c1649,0.6805866775310654
ck_0734fd90b2cabd43,0.4265634548787941
ck_9b552204498b6762,0.5239356284375637
ck_f6c909c205767956,0.6188633122835608
ck_32f590e87bc3d715,0.14361377062538194
ck_66a8325f28be7562,0.5924831941332247
ck_b129261da9c3c3c9,0.14208596455489916
ck_a524071c51ddde20,0.41709105724180073
ck_ba576d6d4cb6130b,0.8808311265023426
ck_8d8226520722af78,0.8264412303931554
ck_c5b0f0d4f1655a20,0.591057241800774
ck_61814ae9b6d8eab1,0.3680994092483194
ck_382ebf136f7fa337,0.9220818904053778
ck_423ff4ede6a9f066,0.6262986351599104
ck_546ad962d04b7de4,0.9909350173151354
ck_9473ea4a01c95f9a,0.7143002648197189
ck_9eb1da8cd35a50ce,0.32246893460990017
ck_de5eaa2cdbcb67ff,0.8116724383784885
ck_537cc97d0398c922,0.8103483397840701
ck_998475a2e4dfad4e,0.14442860052963943
ck_e62eb708d2688fae,0.450091668364229
ck_ea623358f704daa7,0.679262578936647
ck_b911a09f328dfd4b,0.29690364636382155
ck_4b3506b624e5193c,0.36901609289060905
ck_448456f96788713b,0.6520676308820533
ck_5d5ef9e75f65d076,0.6324098594418416
ck_3b74512f774a6e5a,0.09095538806274191
ck_a032e8ac1507c6df,0.9669993888775719
ck_7e2d6b22a0ae20c2,0.7928294968425341
ck_d80283209c963f11,0.5660012222448564
ck_d1157eade2ac3975,0.6772255041760032
ck_be48f583f79427f7,0.20401303727846815
ck_0027b5d4107d65d8,0.7896720309635363
ck_94fff69584dd3b2a,0.7351802811163171
ck_75fcda73f0b43557,0.49185170095742514
ck_a1c78972e4ee4082,0.43481360765940114
ck_f0982bbdbd122f91,0.39926665308616827
ck_3199b471575aeb3a,0.23691179466286413
ck_7fa947a0b1c1cf74,0.909553880627419
ck_a60c618b7f0e4252,0.46302709309431656
ck_722ac47c8ac9b6c3,0.9250356488083112
ck_d44dc3839a195c8a,0.8797107353839886
ck_a2c3e82fab520483,0.7163373395803626
ck_6f8ae0319c07cafe,0.14127113465064167
ck_49886ff1e2c759d6,0.6187614585455286
ck_150a1108f936e6b0,0.1912813200244449
ck_e21f9f96f597695b,0.44398044408229786
ck_7297bff2b7fdcbc8,0.28193114687309023
ck_ee949c71f4f702eb,0.9804440822978203
ck_6fc37dea4b4f35c6,0.851395396211041
ck_e76257caa98dc25d,0.9542676716235485
ck_828eef2334e17b3a,0.7103279690364637
ck_604e1b8a8c693aa7,0.4119983703401915
ck_7743c9fe037d1f9e,0.4268690160928906
ck_864a11202e19e812,0.8452841719291098
ck_4ec040b9e3785e4a,0.18374414341006315
ck_7346e4f820d9c00a,0.9688327561621513
ck_48d4d63beb26b623,0.37594214707679774
ck_c423aa6de3ed1e01,0.5453249134243227
ck_d74b2ead8aaa3f73,0.5629965369729069
ck_1dd69a11daa7bf1a,0.5970666123446731
ck_d9143e236eef177f,0.564167854960277
ck_f790d91e5ff0eccd,0.9262578936646975
ck_69b5620e00ef5dec,0.03167651252800978
ck_cd32e58e8a1c0e85,0.5882053371358729
ck_064013b0957d87a5,0.9951110205744551
ck_a481385c2e60dc4a,0.03829700550010185
ck_d72035cb29db3aa4,0.472601344469342
ck_3759939a0205306d,0.5687512731717254
ck_f437a53fc832ec95,0.9421470767977185
ck_260ef2f3e6434819,0.5443063760440008
ck_35e411b05d22f663,0.4564066001222245
ck_8bf46e472f3e20de,0.8496638826644938
ck_d546994fc5d3e9d1,0.3751273171725402
ck_6ff0fc7487e737e7,0.9015074353228764
ck_5c67f27816ae0b6f,0.6220207781625586
ck_c5517923458106ae,0.4770829089427582
ck_d9735647a6b0b0a7,0.9112853941739661
ck_541a734fc457246f,0.8170706864941943
ck_2f6a639468f41043,0.4445915665104909
ck_bea2cf7a6b7bb900,0.2563149317579955
ck_7eebd0e6ad6c070e,0.36799755551028723
ck_b64c87d5e3b10e6a,0.9791199837034019
ck_9dd7daacb7833233,0.6553269504990833
ck_396e9ea9a6c6d7d9,0.49979629252393565
ck_1645e6cc53fa99ff,0.5641678549602771
ck_ea2a83ccb8d57490,0.06274190262782645
ck_e64f0df63e1be595,0.6651049093501732
ck_fa0b234481cb57d3,0.5687512731717255
ck_63379e3c9fe6f711,0.4797311061315951
ck_c67f7944896a0310,0.5841311876145854
ck_c10e54c9db29e6ef,0.9877775514361378
ck_7184ad7709ae4c80,0.355265838256264
ck_f8b6069d7577fde6,0.3422285597881442
ck_18444be153bac1ca,0.9581381136687717
ck_d0982b4e0e118e4d,0.4497861071501324
ck_6faf3e6820398866,0.7037074760643716
ck_97e980463aca4644,0.21104094520268896
ck_630c835243c66b19,0.9853330617233652
ck_fe429ba3e1aa0e4f,0.4884396007333469
ck_1058129ed7b48c59,0.6612344673049502
ck_04a1a46f07885296,0.7861071501324098
ck_f01e94331067edf6,0.7649215726217152
ck_77b2fb17c29f5e72,0.565797514768792
ck_4f0c5857da45fb28,0.7634956202892647
ck_2cfb9a7775e8a5bc,0.9803422285597883
ck_6846100e43659bf3,0.11081686697901813
ck_f89719a854fe11d7,0.7182725606029741
ck_bf47375e41ca3bc0,0.014870645752699125
ck_2770b0400a7bef08,0.8653493583214504
ck_2a09d142de1c77ff,0.5482786718272561
ck_857a1f5547b9ad68,0.7305968629048686
ck_185f15b1523bbcf4,0.11499287023833774
ck_ab2aed614ec1cdf8,0.6656141780403341
ck_a9e7f3b2d5dfd97b,0.4293135058056631
ck_0eeb3d9b3e697edb,0.7871256875127317
ck_fa5830d81bc8ddc1,0.23966184558973314
ck_231ae0329ebc3220,0.23039315542880423
ck_1587763dd54688c9,0.4554899164799348
ck_9f85fea4490c00cf,0.6409655734365451
ck_a2d709e7eb91e4af,0.719291097983296
ck_43637d28c7216453,0.1763088205337136
ck_f3ab5dd853d38252,0.6258912202077817
ck_4a1f0172d3bf4fd3,0.26135669179058874
ck_517620ca16505af0,0.4283968221633734
ck_9ae904fbef56065c,0.22611529843145242
ck_d5ef1f6e34bb35b8,0.673253208392748
ck_ff42557857ae3aeb,0.1798737013648401
ck_ad9a18f58589faa7,0.16215115094723975
ck_df1a6edaa3e6b271,0.5343247097168466
ck_99021fe7225b5a68,0.6229374618048482
ck_99e52c3c2530b69e,0.9905276023630067
ck_3a4811dc4a1a891d,0.13617844774903237
ck_ba3a6be026c87079,0.6209003870442045
ck_da6d1e5cf6aba6fd,0.49663882664493786
ck_ddc7c1f3d45fe6e6,0.43094316561417806
ck_e1b1e7a7e4a15b3e,0.24607863108576083
ck_8288f7f226e08b89,0.32603381544102666
ck_c4524993ec31dbe5,0.31931146873090244
ck_8b19bb5b23b6741c,0.7200040741495213
ck_d21b38231a8a9f4a,0.6698920350376858
ck_3f730318a9792292,0.4783051537991444
ck_a4db6e94a8f77f9d,0.8237930332043186
ck_a8cac8d480306839,0.09085353432470972
ck_5472214011fbc2a7,0.36565491953554696
ck_7356f47dbbbe7904,0.24954165817885515
ck_16801e628e883d78,0.5600937054389896
ck_0dc1e536231c4860,0.3486453452841719
ck_7cd0634a6e60af83,0.7621715216948461
ck_ef6f8e048ae1bd4b,0.5766958647382359
ck_82f3f744209888ac,0.31126502342635975
ck_f33188c232a03526,0.7757180688531269
ck_4a59f4e10bf45d7f,0.1218170706864942
ck_d96c893721385e4e,0.11937258097372173
ck_f65ab819373edb37,0.47626807903850077
ck_21cac21fc10b7768,0.17600325931961702
ck_139b54e6ccbdd7da,0.7431248726828275
ck_d6f5c8741697abb3,0.49388877571806883
ck_a28d9bb5590d458f,0.7029944998981463
ck_ed26d906883bea0a,0.11631696883275616
ck_227602ad072b838b,0.04736198818496638
ck_39d5f6c17c745ab1,0.16530861682623751
ck_744eade757ba69b5,0.7757180688531269
ck_c1295d97cdf35ec2,0.19433693216541048
ck_69105f881da3c821,0.6793644326746792
ck_933789b55361d7c1,0.9182114483601549
ck_b667952253503174,0.22092075779181097
ck_7bf668e25abeeb05,0.23680994092483196
ck_91742711dfdffd56,0.7528009777958851
ck_af32a0660090dd68,0.7253004685271949
ck_2122f201e65f76ee,0.34905276023630066
ck_f48acb73a5d6af07,0.8726828274597678
ck_337c5684510cf432,0.6045019352210226
ck_f7bde7265053364d,0.6018537380321858
ck_c190c7b924edba75,0.9011000203707475
ck_044fa3b3a003f0b5,0.6770217966999389
ck_87eb43e3b9d96169,0.7975147687920147
ck_2d3d6c9364362017,0.10378895905479732
ck_ac55dc6cbcdf8228,0.46924017111427985
ck_61d7b0568ec5d6cf,0.8078019963332654
ck_89c74feeaffa7d09,0.06885312690975759
ck_93776b0c113f41f0,0.7016704013037278
ck_15e0b679931f7a8d,0.26767162354858426
ck_77b56c49cfdb1d81,0.8863312283560807
ck_73188a826b5f499f,0.48950906498268487
ck_4f463ef25325ddfa,0.9499898146261967
ck_863db2e394dc47d1,0.964860460378896
ck_d52432ed597f3cc9,0.44754532491342436
ck_04fb61e5739642f8,0.8332654308413119
ck_2e481d75d110c06d,0.8999796292523936
ck_3fa1a523d77cd619,0.5649826848645345
ck_466dc6274fecd708,0.4557954776940314
ck_e1790b3aa2241b10,0.9603788959054798
ck_84ad096a46e1a960,0.6658178855163984
ck_3be72c9c178fa00d,0.5733346913831737
ck_5a17c89219d1d9fe,0.1541047056426971
ck_4f639f4ee6ce8d9e,0.7566714198411082
ck_f4ec4a935e51b4db,0.7350784273782849
ck_f04040a830f92bac,0.6363821552250968
ck_3e4d02a04be2aaf8,0.5931961702994499
ck_4d1baef193cfb900,0.5309635363617845
ck_0fb3153d37626b75,0.11794662864127115
ck_88ec57a11b11f702,0.9592585047871257
ck_dca9dc465f759db4,0.2757180688531269
ck_64f5fba6af67e024,0.4880831126502343
ck_896096cb167254ef,0.7288653493583215
ck_7878679065876b98,0.7069667956814015
ck_fe8e5a6c880ceb4e,0.40211855775106947
ck_a5e036327d3d1862,0.16622530046852718
ck_310f73940fc4cf4f,0.7367080871867997
ck_46a8db16ad00b749,0.2593705438989611
ck_0d33977c3de8cfaf,0.997249949073131
ck_c6fff412f531db0f,0.1316968832756162
ck_bac6dadf428eaea9,0.490120187410878
ck_1b96d9af0d7da2d5,0.23945813811366878
ck_fa8a4a9e77799fcc,0.17274393970258708
ck_0bf48607a874b4d1,0.12263190059075169
ck_eeb75f8a6439f65e,0.6391322061519658
ck_a209a5f7d172125e,0.47290690568343857
ck_8f346b72fb40bf14,0.2854960277042167
ck_bccbf9fef367f00f,0.6674475453249133
ck_2d1548f1ee405cc9,0.1390303524139336
ck_e8298ff2dc1e9d50,0.27388470156854755
ck_77c0fb524edb4a94,0.34844163780810755
ck_28ac4c5134cb8e77,0.7655326950499084
ck_db23a0e3e54be60c,0.9549806477897739
ck_a059d00cee5cee99,0.3902016704013037
ck_3e9e3bba8bd363af,0.17793848034222856
ck_0428728df24cdab4,0.530657975147688
ck_88cd35378075c84f,0.07048278671827256
ck_0174d76398d9dc0f,0.3845997148095335
ck_3f1287e6c27de0dc,0.2213281727439397
ck_ff822700f3605e06,0.9899164799348137
ck_4563227b2038ae07,0.7846811977999593
ck_788e78065526ee19,0.8799144428600529
ck_8a16eb584093b12f,0.03167651252800978
ck_cc276f71ab6c08fd,0.3664697494398045
ck_d61d97b21002f3e9,0.7218374414341007
ck_4b2e87d86a5e415c,0.5662049297209208
ck_3e6f35e4500d2f2a,0.10501120391118354
ck_3acdb083e0d8ad61,0.19148502750050928
ck_cd655202db489010,0.03228763495620289
ck_829cbf5ccda481ae,0.2183744143410063
ck_f5882e6f98b8b4cd,0.07628844978610716
ck_767947540b234add,0.4491749847219393
ck_a6e8e8f535b1f1d1,0.7906905683438582
ck_58412a2674fea506,0.3869423507842738
ck_fae7e518a585fa61,0.5545936035852516
ck_9c60ae6958d68dbd,0.8986555306579751
ck_328696b8f5e54ec6,0.7888572010592789
ck_7df3f8f4f1068d62,0.11448360154817683
ck_cfadd21458230ef7,0.5320330006111225
ck_7048bedd554c703b,0.10297412915053983
ck_50422466f145bfd7,0.05102872275412508
ck_61e1f7168cd9ff25,0.45508250152780605
ck_733aff0f56f5b3c9,0.7011611326135669
ck_e14892e424180549,0.1689753513953962
ck_03f6664a96de7d0f,0.501120391118354
ck_b7f4baa2cc82fe61,0.29486657160317786
ck_1e51199a075ca0fa,0.4648604603788959
ck_0e70516fa07cfb17,0.9668975351395397
ck_0f37c554a5057801,0.9483601548176819
ck_5576b725de38d106,0.7179669993888775
ck_82f360df1e9f4eb8,0.821246689753514
ck_395f3bd4aacd7ca6,0.4296190670197596
ck_5e8e857b63966609,0.8664697494398044
ck_93470896f0804b6b,0.946221226319006
ck_3be854e42e76569a,0.3372377266245671
ck_0567302c57a2417e,0.8506824200448156
ck_ee535461b5f05539,0.9513139132206152
ck_94a096c36162a153,0.4587492360969648
ck_dfc8f5c141fd7c63,0.8221633733958036
ck_98b34f2d704c1c2a,0.317987370136484
ck_96dff7a09d45f116,0.6472805051945406
ck_79557434c129ba52,0.3600529639437767
ck_4596624a7c01d501,0.4323691179466287
ck_04e89fbd739243fa,0.08362191892442453
ck_6149ffaf18872dc8,0.2966999388877572
ck_cd78f0832a09bd8f,0.9529435730291301
ck_7e29c10d781c3b41,0.6893460990018334
ck_1f7ee7b23fc6f2f4,0.21613363210429823
ck_c49b685d2b3ab89a,0.3214503972295783
ck_84569a8fc50e73ac,0.7887553473212467
ck_b92b11d205af91eb,0.1655123243023019
ck_06280e6d6d2485b0,0.477490323894887
ck_3c08546dd0c92863,0.4323691179466286
ck_99d3983f907828bf,0.22550417600325934
ck_eccfd552aa652d3c,0.6032796903646364
ck_0cff8153881875ba,0.25819922591159095
ck_c1aebbeca6ab5ff9,0.23029130169077205
ck_538fdbbb3c2bcbbb,0.8412100224078223
ck_8c0210322733c718,0.07674679160725198
ck_0b0c93039f987abc,0.501120391118354
ck_6d07d6d1bd227d37,0.6678549602770423
ck_9b6ee35e8cd0b11c,0.11886331228356081
ck_d838491d3d4f5ecf,0.28407007537176615
ck_0593ae243a9ebee9,0.16215115094723975
ck_ef261fc09be8eb0b,0.28025056019555916
ck_d0935b571a4a3868,0.38297005500101855
ck_97d04a67a104af39,0.7517824404155633
ck_e25f70d0b7229420,0.5017315135465471
ck_9b71274ff83de482,0.9817681808922387
ck_6de2aa2bb60978d3,0.34528417192910976
ck_eda55c8fb47593d7,0.2615603992666531
ck_924e572517515f19,0.9273782847830515
ck_d6f27eacbad310f4,0.46618455897331434
ck_8550f229b5eb03ab,0.25819922591159095
ck_e3e95546a84d0ed8,0.3786921980036667
ck_3135c019696ee6af,0.9876756976981056
ck_41ba315d8fccb559,0.29843145243430436
ck_72b86e4485da2d0f,0.9754532491342432
ck_daaa995f3c2f0e47,0.7041148910165003
ck_053746067839696b,0.44438785903442657
ck_a15fe7d0f4b65c33,0.9582399674068038
ck_15de11438732bb05,0.27322265227133835
ck_2c4d25acbe3fabd9,0.15390099816663272
ck_7f08078908599bd2,0.7733754328783866
ck_e794741742fb2619,0.5809737217355877
ck_238e53b6dee8c301,0.12864127113465065
ck_53a6a33060d5c8b8,0.3631085760847423
ck_0e0919292ad33472,0.9545732328376451
ck_d86ccf148c06c8c8,0.7479119983703402
ck_c881f26c9bf9ae42,0.9057852923202281
ck_4b0947bf94e9d847,0.8032185781218171
ck_e10ff5c38bd18470,0.42096149928702387
ck_b60de9e97aad9e45,0.9716846608270524
ck_190bc849e5ff5401,0.7113465064167854
ck_e7be077aa0b2632c,0.15634548787940517
ck_a51abde881ebeff3,0.48451823181910775
ck_2208392a9f6bd249,0.5983907109390915
ck_0259da8f109017e9,0.34324709716846613
ck_05e01ab9c95449da,0.6418822570788347
ck_c82897ebffb6ae66,0.26105113057649215
ck_b4a6bb4689cd7cfa,0.3459971480953351
ck_9e21ea33018ce538,0.18068853126909756
ck_caa348f0e65db062,0.973619881849664
ck_a964e6b5d8415334,0.9140354451008352
ck_510bfbbee37ff436,0.5783255245467509
ck_9741a82faf5c7889,0.716541047056427
ck_e7f61b4a39ba98ac,0.11163169688327562
ck_069d158665a53909,0.1827256060297413
ck_6426427efe3228af,0.901303727846812
ck_ab4a8d02ec3c0fd7,0.11305764921572622
ck_aefa0d8d933e0eca,0.6767162354858423
ck_232325ef6bce92f1,0.5290283153391729
ck_14e58c3fb26a2b4d,0.5724689346099001
ck_06e73afdec26aecc,0.6712161336321043
ck_3168f4f2778d64e1,0.4225911590955388
ck_ff3998d6858daa21,0.06416785496027703
ck_bccff46fb0868454,0.7863108576084742
ck_c7d444d90fa86d7c,0.9159706661234468
ck_f0bc3bdee6bfbb94,0.4784070075371766
ck_f7112818a6d81422,0.7918109594622122
ck_aca35dbcb835ad02,0.6347524954165817
ck_f637fabf0f60528f,0.6709105724180078
ck_53d17ab97de1ac3e,0.11713179873701365
ck_c8c1bf16d9113493,0.5189447952739865
ck_e842fb0cf055a83b,0.8170706864941943
ck_93c0cb3dac4891fe,0.20971684660827053
ck_0c1f088e17e46daf,0.24954165817885518
ck_8f4b384955bf57c9,0.48869423507842735
ck_09cd5c4df1e81ac2,0.927581992259116
ck_1e832a5b2342554f,0.47718476268079035
ck_2cb763a881aee27f,0.1104094520268894
ck_5875828b11406398,0.6750865756773274
ck_48e84b0cb0b90fa7,0.34049704624159705
ck_833688de8629c5c0,0.1725402322265227
ck_117d78ccd5820f36,0.7169484620085558
ck_668ec61c4c39cae3,0.06131595029537584
ck_73a7794b659d7a34,0.19097575881034834
ck_10f90d879209734f,0.526889386840497
ck_d1d079913aa158bf,0.1518129965369729
ck_01c631b38e8a9535,0.5796496231411693
ck_f6923088c17a04e2,0.8376451415766959
ck_b447badc9138987d,0.037380321857812183
ck_8b772caed8f1541c,0.38388673864330825
ck_5403c76fe68a08ba,0.915053982481157
ck_3e6833574edf1736,0.6862904868608678
ck_e527fbb9450a4581,0.9504990833163577
ck_cc90e219f1ebf390,0.36331228356080664
