cookie_id,score
ck_315fb710a0e371e7,0.0030938877631960095
ck_a76ee3b3e3e522fd,0.018063586130813693
ck_94c9a4d382689e82,0.019780561800005838
ck_8eaf9509ad9462a0,0.002852150089753163
ck_9a88a5a989cb5bc6,0.10912045000880503
ck_15239ef0689c1a35,0.05714322231348098
ck_8de69cd219d3b87f,0.8393664041147615
ck_f92cd37022b0ce21,0.015699321321899263
ck_1a3ff7620580a514,0.007731586863707783
ck_397c03aa33a57310,0.07303273210403768
ck_a7cf6c3b322f6b7a,0.002556855868067049
ck_c39a9e75760e3201,0.004143500044517632
ck_88ab6d245228c38e,0.0031407777981216135
ck_17733f75ebdea93e,0.007840169995137076
ck_58eb871e8d7bed52,0.010003403015111476
ck_e55b7fa67db1ec27,0.006588978530481701
ck_62f5cfe22c952694,0.008428651527052055
ck_7fbb709a0fe95759,0.011209260476727824
ck_87abe9cd066a20fb,0.024405372224445766
ck_d58e058b5c553dd5,0.01181854757612293
ck_d27b872648b71202,0.009898384055502852
ck_4b4a3c5b95c55b43,0.0033590413081006007
ck_66dd4f4b4127256d,0.0030050954742706472
ck_93cc12703b500613,0.029622098210528226
ck_d28806a2179092eb,0.9414760261289772
ck_0595c2a0c7881e05,0.021997698980028225
ck_50087d8666191144,0.13822078080073297
ck_b08b3f089138c901,0.011243830442043624
ck_fe3b67041dad2dd1,0.0037334301776845704
ck_8449a28f7d475d93,0.04730715742356137
ck_8642e3b6d84f49d3,0.016937302286938585
ck_e49b5e4f2f2e79db,0.3500778630391603
ck_437afe412ea4259c,0.04809676908377175
ck_569b83668d74042d,0.7713560897252025
ck_233a487d31c3e631,0.9596222626571798
ck_1fca72e03143a645,0.911319241663443
ck_79205e31223df2ad,0.011045390954422288
ck_9625a64406ea16e3,0.003184805236064079
ck_079bd18dacb704a8,0.0460149828221459
ck_4db6d4fd2b49aa81,0.012027685345213309
ck_0dbefdac0a1868fb,0.004967612818855169
ck_24ff97ad90bdd69a,0.013653783982454254
ck_77f8c5042065d506,0.008903965162540453
ck_f11be8ce05382cec,0.007525052392273424
ck_c9d72140b0389216,0.011705139942293882
ck_69eda24e931fb36a,0.0031665709536408196
ck_ed471e496916ee15,0.0039891455304816555
ck_ff090498c4b17ac3,0.011322721536969137
ck_c3c19d6a0720915c,0.004396070920177099
ck_af02e1817cfa40b5,0.01571628989062319
ck_2df5a9fc87553eb1,0.008807296497113771
ck_4ac918e884cff336,0.016304818236834513
ck_ca149244b54ef3ad,0.003996943290848931
ck_6babe5b8674ff51f,0.02246665965973835
ck_1573878386886290,0.007975021007727585
ck_3925f8565abb7fe4,0.004397540226113055
ck_c4de808ae69c771f,0.005288177748853642
ck_a777c813551281fe,0.021843662944735713
ck_df4424f6dd85080d,0.01419800566699476
ck_85e5494ec20383ae,0.012450956387023069
ck_f71a4094e889c3af,0.012065791302254289
ck_f2f3cf9cd23b2809,0.03972662217975041
ck_18e2076397bcc211,0.016962859694407972
ck_c9f9fddef39bc664,0.0402616787275574
ck_7e826e233d6ea028,0.3124916668476198
ck_62fd7eb46bee9210,0.014050097873481566
ck_206f8e3cd72768f3,0.024185996876433247
ck_aa295a11b0a6ab36,0.0052597016840916794
ck_9a56739d81f84a53,0.0029744142461915024
ck_aa075c418ed9fe5a,0.011676277730002226
ck_62b9fb3db284941b,0.003022126309447824
ck_f4f83b1403ebea46,0.018259768521723004
ck_16b66bd803288bc3,0.8167509809624253
ck_c4ca1434f3778f1d,0.9746248829435299
ck_1b823610371a29c0,0.005792764395262138
ck_c2bd5a722aa637d9,0.00991335863054902
ck_7890208951df34f0,0.01182311270666212
ck_020eb0e454524ecd,0.005360095247262463
ck_3b66196ccf436c35,0.014065502939913845
ck_109fc467ec0a4af5,0.10164198595627287
ck_f3dcd818db92de7b,0.017677338869345933
ck_31e7742f160980ef,0.01575882067713657
ck_77fce5f86f00b8f4,0.10206551979176251
ck_46bc797b4d07d607,0.0043664689040000156
ck_37899b1b571b1c6b,0.013548645732085737
ck_ef8a6af43fedd464,0.004462989892142358
ck_bcc8519fe8521038,0.03733988451197244
ck_90696b7182dd9129,0.004262627093639667
ck_4a24ad61d017e1ba,0.0551434990465962
ck_0acc3d8c67218b9d,0.006768961121124427
ck_05c97fc9de11aba6,0.638287737002816
ck_f8ac3a0500c0ec62,0.008089293577966799
ck_617b65141f546a1c,0.002691278541833112
ck_9d00823bf60388d7,0.009419016807218308
ck_123c15d93f1840f2,0.05862663520216702
ck_573feefba6bf78bb,0.034867135919705985
ck_b25657bd16739036,0.0090335353296575
ck_bd26d2bef14a8597,0.015287844332341372
ck_a553418f2fba1440,0.015436828850219547
ck_89f3e380b0686963,0.007032507185666011
ck_b359192aa659bdce,0.04515932084818962
ck_02241f3dc301bebf,0.006433965739738206
ck_5ccc1a1c78cb33ee,0.01170743543987995
ck_349cc5edda1b8853,0.023405504151065678
ck_e9f228845bf6e28b,0.025208570404566942
ck_0a45d033d4e280ea,0.010998466008962614
ck_7e63168dda612235,0.028148813588551192
ck_676fa5f6aae5475b,0.003497054661944406
ck_74b502b20690ccfe,0.012634169258936886
ck_073509af21dd7f5f,0.7147614548693695
ck_498a0acd450944d8,0.002801973390646468
ck_7f15b50b29dead01,0.007747147745804919
ck_8089fe7403c5f537,0.011873905559006057
ck_05b2b04e11d9ae9c,0.007539406162894553
ck_31e70f2f04b48b88,0.002501670698041395
ck_994316fa5a02b319,0.003871101053631269
ck_b76510998b9a2260,0.006454216203160466
ck_4db95c310e105d30,0.0028645392839515673
ck_6f730b77dc6cdb84,0.004907339987587242
ck_2493ee8e7b91d304,0.010561337205977014
ck_92d679d6ac7dcdcb,0.02082074821109983
ck_3a0e0200cbb185cb,0.009107489010965829
ck_0b2eeb4e00ff7955,0.008951385697209824
ck_9843d0e61c37ebe8,0.975426297051593
ck_e61c8721e3ef1921,0.0025384058199207377
ck_2e0eedaaf2980c2c,0.004886946104814468
ck_9036b2e5e9298a34,0.00572528665352695
ck_3265442528d51728,0.005964268329570814
ck_f2ddae2eb1cb29b4,0.008328914165963758
ck_6cfa71d27fc27f92,0.011233192089108005
ck_f3199fbe84a28b9a,0.005841696782081261
ck_b78d785ca3ef773a,0.0033084356241326615
ck_374865697f1480eb,0.016288105978028454
ck_06d0e4a9189302a9,0.041541935585678584
ck_9c9884b9bcaa552e,0.054711303725320695
ck_fd4cf578e87703ff,0.008773728169136413
ck_1917ef3e6e345549,0.03111830256891432
ck_e70418b00cbbbac9,0.0370749269142993
ck_a60388296a47062c,0.011082994985550699
ck_d598fe8d2c779ab9,0.008536457667610343
ck_646dc03de4c31803,0.7362724265314656
ck_e4fd8cbd842b6993,0.004587647809048277
ck_2225b555aa2a42ed,0.011227120851658366
ck_6be8ae9d78148882,0.008646552555041624
ck_4199342d3aca74e8,0.013443557296451839
ck_779581adb573261f,0.00995073279865368
ck_bb303568b6915205,0.03889998297976083
ck_17c4296276448afe,0.006767689518745884
ck_a60a61ac829252a0,0.004032205561437412
ck_6ea70950c1cae00b,0.8668524708000266
ck_1abb93f6924645e1,0.007838251450259142
ck_faab769cce19879a,0.005365838543968403
ck_d5b8e74e7ca6355a,0.033489094550294266
ck_f11f7691af16ad07,0.003862445894156608
ck_188fdf2be7c92e9d,0.9717929624049455
ck_4a103f8254b366f7,0.008375613952496998
ck_bfa17a0b1760e616,0.0037206107531388144
ck_a4d7f6a5869d440a,0.8245893276419238
ck_58e20f5a3e7f11b8,0.20716527474114943
ck_4becdd3d2696c7ba,0.005841696782081261
ck_dad5cf32ab9f243f,0.007455627907771947
ck_7d9f73dc7c4f90c3,0.10629333780006196
ck_c19371047a2d011d,0.004244806062979596
ck_247589ff532f7aa8,0.015661134480125703
ck_7a9f241d5f082567,0.01197341199050571
ck_0a2b7078736b4dda,0.010001951181620262
ck_687b412e2aac7eb6,0.009817489333400573
ck_fce0b6855886a0b8,0.009741311346833972
ck_e291cc60920456d0,0.04380716068109057
ck_04219a7ea798db51,0.04074464800993956
ck_286bfd719836e9f3,0.03652366769572517
ck_55efc92394fee232,0.012331033639508776
ck_e36c8da1bd359960,0.027202568770928054
ck_34b0988a97d96902,0.006533929828513691
ck_e0fb11fc9dcb34e6,0.006167921800654394
ck_bcc9cbc9ed8b7c31,0.0067183441577707585
ck_3df8da6f60a89a5b,0.019787286698575705
ck_b1495ee5c59a6b28,0.009888254447009085
ck_58f4c3ac61fda129,0.08871040384501627
ck_735f244b99e3aa8d,0.006769426622005236
ck_6b93bd8abf87b1d6,0.7776143529397997
ck_12107dacc6d05bd1,0.0026149423454518424
ck_f96db2a1f3448d1f,0.014121229606303822
ck_8fd91a3c99e19097,0.41804891973712277
ck_910205d25388a0ae,0.0028599166256610873
ck_d229dfa0e4442628,0.0029730281112669444
ck_7cdec61e1c488798,0.6569007983817148
ck_f66f06e24ff32671,0.006716545595743137
ck_350bf14e90b503f5,0.008815372329042134
ck_61fff5fdaadd394b,0.009978629467705936
ck_e934f984bad2ff91,0.9452065637116082
ck_ff6a6d3547dd2d37,0.01479135575769375
ck_65ad9b15979e3247,0.011736710542409962
ck_bbe1a2ea5a403ad8,0.775645900393809
ck_6f3a28eecd2c4031,0.047362545003385895
ck_a89b66665714058f,0.009112704529546331
ck_918c92182b6817cd,0.008642726311365782
ck_64f5eb4be9e7b8fa,0.692740576761878
ck_d021fd497ea35fb2,0.007195274105330303
ck_004de16f7d8a42ae,0.011777018097853429
ck_a33d2325f86ab12d,0.008705359617406927
ck_89790ff26c844bc6,0.03788107619563801
ck_e6e7257377c37b28,0.026733949748990293
ck_a2cc3910a641a808,0.7011171649460336
ck_646e270e0195bf05,0.015781476895552045
ck_baba5d66def0d770,0.31233632057961785
ck_67cdcdda3033842d,0.008125956898583099
ck_b5c3075c811a2216,0.011445598692051312
ck_515379973a8044b8,0.0031235046867702293
ck_c0ce85fb4109567d,0.04176318247214021
ck_fef850553862aaca,0.004780594924956425
ck_55d7217b0aff9fa2,0.006886617979465623
ck_8e139f8925ef7968,0.006205109697583463
ck_9e35b908fca1e4d7,0.003978424026326312
ck_59735f4ab2ad3da5,0.00742793006099887
ck_dc569c1167ccec0d,0.664252249816434
ck_1dade5592f90a15c,0.022111503921548845
ck_793048d11fb8b328,0.0780275243095007
ck_545b71eb4fa594b5,0.007790695408679331
ck_bd30853e9a57b544,0.014674908017438926
ck_59f46321ecf6d306,0.006821573466798586
ck_260cfe9141d249f1,0.08089169583553024
ck_3365a0ad1a8aa83c,0.005828853619411481
ck_b0ef193195a2138b,0.007713070993969666
ck_0f909705e2e60f2f,0.002882135067803335
ck_5a540b75c866166a,0.009751180333357179
ck_87c26b2f41025109,0.9652733275700559
ck_27acc9f320cda104,0.3545298926957535
ck_a27bc31eecd9cb9a,0.013226129813888229
ck_115d86fabde77b65,0.003996943290848931
ck_eeca179341d56f8a,0.8083150586788598
ck_8e5999c436cf037e,0.0023209240668426016
ck_510e7c5df1f95d90,0.9771588032308272
ck_f1acf73363925958,0.008558194160688343
ck_3c177f5970b68bd3,0.00653877012186454
ck_9cdfaa1c30cc9d32,0.0026441976037500843
ck_c8efa1538b37c359,0.010171364886736046
ck_a8a2e296f9804bd7,0.03388281722701245
ck_91a0ca45f429568d,0.025347435599900138
ck_5fdf8a0bdbd3ed62,0.007656186769115894
ck_0f4e2ec66d50da5f,0.01035980418263101
ck_28c53b214b2ee882,0.28558450767193094
ck_003148504557f720,0.011003022863351837
ck_01d840cffb870615,0.07833448957409835
ck_555848d51f4b5f35,0.016349649800571454
ck_df20cc23b8fb8e22,0.016617266690039784
ck_f9604adde929beff,0.005911304825281216
ck_d66952b03591bdec,0.004669364557234909
ck_ddcac1ab765ff61a,0.009413828903245209
ck_347386629d96c664,0.007578689205949833
ck_ab01db9117acfe3d,0.019569545087068718
ck_58e5359efc52e0ad,0.011063343313505485
ck_1a524b5cc8da71b3,0.010322765689224142
ck_e9287b6d909d731f,0.006540086879718847
ck_bb41a66e3d90263b,0.027869011009046513
ck_e95c8cc1864bd584,0.003282547355096233
ck_7a3f2961e9a8b6dc,0.008618097819842595
ck_378a9df82b1e0bee,0.3424610289773191
ck_42633573639a3f02,0.9687998491553023
ck_2a5a4c18c2c7274b,0.027407155853170724
ck_77549c1a41f837c3,0.010086408817329386
ck_a26704b5b26258b7,0.02653614236801883
ck_9874ad160efddf50,0.13530119679623487
ck_9111e3a04b14dfba,0.04082801656366047
ck_651e076ee43aea85,0.0034061814572052913
ck_391639c0f13932f3,0.0038068607499271287
ck_02dbabda93c8c13d,0.008257926854991285
ck_0adcb1fffcb0a34b,0.035552265287948394
ck_7a43ef9c7b1c67b5,0.006255345581827875
ck_4b9dd69946438d0b,0.013241950006138434
ck_90bf017cdd37b66e,0.0508578353590722
ck_61c74163eb36556e,0.006858387651271845
ck_13376c59b5bd6943,0.0051114413144271575
ck_62337eccb1672737,0.007534392617523922
ck_16077934338472bf,0.007101922703824812
ck_0d4dfd93086e7330,0.009424098452867725
ck_3865b7525b910893,0.005452291106373984
ck_7e2ae8b69ebd5675,0.011242898277533416
ck_b4384b6c11766ce7,0.004738375682135858
ck_3d7fa32dfb9fc692,0.02429887038100994
ck_f4a6a7cadd6e0603,0.05069630790037517
ck_212525e2828a6c45,0.008166366853747812
ck_33ad8d53394ba77a,0.8384913218507425
ck_a5051eafe8b51224,0.005138339821627648
ck_f65e5ff7da565f91,0.003551886195942342
ck_5c37f7563fa7591d,0.012819834295368548
ck_f1e0a006068aff29,0.012312002383417535
ck_c646cdead6fb79d0,0.01833138859402461
ck_f8b3cdffef535330,0.07788952620015084
ck_e5cdbe3aa12c97f6,0.010561547695801666
ck_986e4e61440506d0,0.8203976952016712
ck_6da9c5912e15d9a8,0.007131273837003798
ck_51d842e6dae74c71,0.0068832652011374396
ck_5fc65c24e0736d5d,0.9362001102674343
ck_babb95a76c69509d,0.02130941276336356
ck_86a2d852a9715432,0.044923103505693326
ck_db4083a0d043def8,0.0863776887571493
ck_96953b8945b7d403,0.01473269355419381
ck_7831ca5c31fb3859,0.17340647920692726
ck_60ac5e5f375daa38,0.0035264200678745646
ck_05d44eb1f5f085ce,0.011753040141093369
ck_432cc19c7eeaa46e,0.008184103263371559
ck_7fc513033af061af,0.03783228763316991
ck_ada6ede84c111719,0.011691827951378419
ck_6343e0d3b1c2962b,0.01781817721564454
ck_010264ae04f2e902,0.053770396586201655
ck_e9dcf535f8c289eb,0.0344598513486431
ck_37143d9cc296e6fa,0.04454789593014726
ck_61fa051192f3e810,0.013004763895272557
ck_f9f93d1d41be1468,0.8262766397781685
ck_c4f4f28457be8a74,0.0031120000664603565
ck_323a71f9452d21cb,0.7030565048498343
ck_170f4688e0acd875,0.03085634106231607
ck_869b1878d09d230d,0.03946835207254005
ck_2f6b33bf46976229,0.008645927859807149
ck_b11e22e75d9b99de,0.003060021233650228
ck_123d75ffb75b606d,0.005846035851712755
ck_94295287a04c85d2,0.7762114985730356
ck_1b0434f096795328,0.0056772611473368826
ck_0a4e191cd0a57ce1,0.003924715098652798
ck_d2fbd0df99634676,0.019673543111679286
ck_d51df5e9fbbbcc94,0.01777078410814327
ck_2d3d7d64a6f443f8,0.012554170606077192
ck_731943c682c9394e,0.00602261323732185
ck_5ccc0c94e5e1f849,0.006212847911044176
ck_c3476080516db25d,0.01187035481477465
ck_5010ffb1c94187b5,0.0030516125284053
ck_7ef666d67bc70223,0.012210820518939848
ck_c1b493527224a27a,0.003428200821051769
ck_5d1e25d7acc5af9a,0.01411176873789589
ck_ec30b61cbf517db8,0.003474346509446559
ck_79323eb5d2e5efae,0.013873174323238998
ck_4085cd3bf2661518,0.012239764916601354
ck_2ca91214c357c072,0.03005745951656884
ck_7f3132d6be389657,0.04249288367252803
ck_e7a6b925c8f39a85,0.021529674978160922
ck_c886adec7bac250a,0.028383528227974842
ck_c3f360c2d0ea0a37,0.008947262296712676
ck_a7acd5b015823793,0.011254355717359448
ck_9d64187c0800f84e,0.06931037829716877
ck_5d4ed73b9efd7d11,0.016556966347117
ck_874eca6776b34dec,0.004026842928568154
ck_96a9221a87be93c3,0.012693164846030752
ck_68dd79a51eabf5e6,0.021175053308330857
ck_8311cb6755b2016c,0.007372780156154274
ck_16fc77b2bcf5ec03,0.969607729073069
ck_ad9e2088a33c8c72,0.0033739024538824553
ck_7176bbc97b1e42a1,0.0037383288564110722
ck_80dfa54b30f65fff,0.8793085613987941
ck_31c54d540b128843,0.006888186688370787
ck_43ea894480567274,0.010496481557805295
ck_9c9e8a38bd5a6c88,0.01704461405610606
ck_1c2dcae19539e148,0.009947928639508575
ck_b0fa8b84e94d8ae0,0.013040870401395066
ck_4ceb43ccd0a81c2f,0.0077792393563256455
ck_ba845332b730b596,0.003988516435585492
ck_73d3e8c6077f61e6,0.03479726092496628
ck_b5d0d223ef56473f,0.01094125878604788
ck_949f08f8e80e93ea,0.0033837469692317686
ck_73de0b49709e5f8c,0.0024980458448359676
ck_b5935e9722a39819,0.012934003259113406
ck_96247fee0eb44420,0.0062541078356053974
ck_a6def1e4b2d57e0d,0.02547958752020963
ck_aecdc5a96321a2d8,0.02226743831438934
ck_bc61c59970f8de49,0.009223988973434065
ck_c43b4175fc9ac5bd,0.6965149507531078
ck_8ff7a9b23a55fd62,0.011000093142320443
ck_20c99b645f462449,0.006439269827668764
ck_a5ce2ae36fb410d9,0.00390817841666497
ck_96fb9bf556842bbc,0.00926152167516384
ck_b5e4c6dbbed1b773,0.01044185867847455
ck_2085433978e72ea9,0.02749561071490585
ck_2c6b174b063ec637,0.011213467751935486
ck_b20b81b88dabe28d,0.005201526106108833
ck_243c18dbf150831c,0.011039026224356005
ck_2bb6a17e8eee35cc,0.02854097257062892
ck_66147fb994495396,0.03874006999549755
ck_73f124f075ede0fc,0.011231035083751487
ck_2e315f1b1e533dab,0.0030292026426781762
ck_16c7bf94ed3e7a6f,0.002896116710258985
ck_4a0eae220a762ac5,0.032417572968605965
ck_dc16f939c2f44ad8,0.05290879204036815
ck_817926b449754917,0.01252053373498318
ck_0c0dde42ab64ef87,0.015349352565592042
ck_cb3a40594da6a2ee,0.050881714065982284
ck_d0dc156441fcfdcb,0.007726584108595144
ck_66f0945add423e9e,0.007696447500070569
ck_a74f6a3030f5d495,0.013576541378183773
ck_1ae460f331e49ae2,0.013771989642604626
ck_2d177b2f4f0b40c9,0.21141517064604515
ck_92e474e4368c4791,0.01320511815652257
ck_3dee83fa2d109484,0.010271541120682268
ck_80e5ea27848069fe,0.004200706359673319
ck_ed0c4a83701ca230,0.01099183070820671
ck_0b8b7c5c581fd161,0.004018633275276925
ck_60bf8a2870956fb1,0.012201652914752666
ck_73a54b56a2bf35fe,0.7851519560765234
ck_2296d7a563424883,0.013631428638162016
ck_bc19c383560c7477,0.010225419508558712
ck_861d8e3d88f1079e,0.021755301473106288
ck_3f090fc96c24eb28,0.0025481305771658746
ck_9a6a1f8102febfca,0.008979345482386311
ck_541b6ad5d2fa5a39,0.012703894011642796
ck_a760d38d1bc4de97,0.007146161718941257
ck_7dca4d7ee10b4eeb,0.003266008289904565
ck_15220e78d1545e40,0.009511867458205817
ck_ca24bb0de508efb0,0.009405100933224188
ck_56b389627d8f02c5,0.6600341689048449
ck_48a6754977a44db0,0.009613974087492904
ck_333a43ec339a04cb,0.018985884830684748
ck_f22aacaf86a65d7e,0.040962376367260044
ck_04bd8a1ffaf3ffd8,0.002991899788896693
ck_2737a72de6b700f3,0.033738014845584995
ck_c35e03b0dd0c3454,0.004726828125590579
ck_e0571312f395cd94,0.005214833762314631
ck_09fab6b9825001b2,0.0026551594027603644
ck_18c3a095606209e8,0.01106264351273036
ck_2a97db9377d01e36,0.01291088353040542
ck_f29dbbfdd2786bd1,0.030934416068792037
ck_35d6c510ad29362e,0.8310072269372706
ck_5468fa99c945d785,0.019473376929947942
ck_6f8102f62c876cc9,0.03301956313588518
ck_91955aab3424ad16,0.0033022337415599587
ck_9a43c0c73a39d759,0.012670587866207523
ck_60b023af6d1e30bf,0.8131246325454576
ck_9704c5cf8659cedc,0.0073549474815877616
ck_7e5f02b51b9f78bf,0.023766226896501756
ck_7d3a88d1aa649708,0.742779075984668
ck_8250eddc1ecb07a0,0.010028042327472859
ck_d979ef95ee44023d,0.013763883711547936
ck_5e5461dac83531ac,0.04005126277144
ck_d1bb8890081e0a31,0.06988429046573623
ck_32246c62640648d9,0.002859972127549013
ck_77a40c7d2f862a32,0.017375098633987753
ck_1c8b94efe9238f5b,0.003638146137218766
ck_eaf3b6d11bc3cb11,0.004070910249870655
ck_a4a7ef3ad799c380,0.009499464469978802
ck_d5bd8f68da073cd8,0.005869833444906861
ck_6e6258227fc8db7f,0.006140970969549719
ck_c35d444e05799db6,0.009305171258194281
ck_74665e1209140ae8,0.012419395813258228
ck_353a272478f7e903,0.004796170578890762
ck_a2c9796ea229a4e2,0.006451562965620367
ck_e0171f91cb3411fe,0.005803069878065151
ck_703499f5410280f7,0.005474520929597645
ck_ae3a763997f8f385,0.029070579954038007
ck_f7ff94c3df5ac874,0.008834928632847409
ck_f3c16d8f747db046,0.01687797432921923
ck_7ef019ed77276496,0.004138022487870119
ck_d6a4faadab58a3de,0.0060467746475781755
ck_ba7b78d31d74c794,0.019512538445485735
ck_36287d063350ce9d,0.0042758011111180575
ck_5177fc7137ff26ce,0.004050001573837231
ck_dfd4e79aaa967b63,0.008098099906271566
ck_fb44d15fb93a7157,0.020250024208836637
ck_fca478361870a4ca,0.007124506497410017
ck_e57b94fe57341058,0.006152311371790038
ck_5448c946cc4758fe,0.013597147540791204
ck_c5ece5ffb8800ad4,0.01130864850417641
ck_11cb98211b2ed134,0.8584769344617822
ck_f655399ac75c4450,0.018701620510419664
ck_c817259019588d30,0.014337166593855121
ck_8740a14d8096c6e1,0.008693328072486156
ck_0c5ba86f4e05b38d,0.015412418943143782
ck_ccc917533d4b73d4,0.006323307956380163
ck_9eb80edfa43203de,0.00825055339297656
ck_d1a1cf4cf61d6801,0.015479998290037673
ck_b17c239f160e6017,0.009114284681131278
ck_410c3e13b48e0415,0.00994161183425866
ck_ab553954435e8854,0.7108165593886963
ck_bdbb4230c91e1604,0.010908081890099106
ck_8fd4937eadd64fb6,0.004815266505483714
ck_e0e90b196bef3c11,0.0037054896275990094
ck_3dc4d464386f0eb2,0.029182962771982186
ck_51bbbf8f8e8ad005,0.9688679936343654
ck_c05737ab74cf03c6,0.6953366757500851
ck_dceabbe04d99afc2,0.006385374414732377
ck_5b86fd14e85bc9c7,0.7939295790913243
ck_d4febf0083800424,0.013231392522290128
ck_77d9f86dcf251739,0.012097966417102516
ck_b4dcebc543deaafb,0.010179763172797401
ck_cb856e75c949b0cc,0.004808142437366052
ck_61b067de8ffc1ca1,0.013127162894530933
ck_c0e8560ccfd9dd9d,0.006797078512224638
ck_173e1198c341087b,0.008346927358081537
ck_b4d55bc809000276,0.008421886006397511
ck_839bf139296b5cea,0.7395856167694934
ck_78cd402a2a4f2e35,0.0031496260800978762
ck_c2925c50ebacbdba,0.006807029867736318
ck_5e3bc76eddbdb0a6,0.0036376563920174944
ck_b7793edca26fc512,0.010065766077370373
ck_d79bdf04d6f31cd5,0.004088630082615286
ck_4b97d19ed946f503,0.036823141066227305
ck_37139b41c5370523,0.029812470300740274
ck_8c346eeefa9ce692,0.00892839136231383
ck_2ab7eddee2d8c49e,0.00411935642713594
ck_29da59ea3bffb9d8,0.05937946246850847
ck_c1d05ef0ec6e4be7,0.00339910784182824
ck_3882423b449f6291,0.8759389178125501
ck_5647030283171ed5,0.8700326679960501
ck_efbdcd9c181e72ca,0.0059321008476785385
ck_192fdad892782daf,0.02269355747663905
ck_0bf2e13b9f2601ac,0.005424232125935638
ck_3d6046a533057795,0.005924775784978601
ck_279a1d3a3836e5cc,0.009375900294308228
ck_c375e929becde422,0.006044840354894751
ck_a59e90219939a1f0,0.006967288135239893
ck_4e9fba1ec54c3ff8,0.010400592039914563
ck_bcbd8588a13f5eef,0.002150256438776259
ck_5f9a7ff990341bdd,0.003918527461191336
ck_e0403d507519b7d2,0.01321392441930854
ck_c9490cb61aff5112,0.03329657890873146
ck_41dd44308e6a665a,0.03708356999455324
ck_76c23726cd7ca947,0.005775016653864944
ck_9be551300209fa83,0.013908885053978266
ck_a98848eec6c9581e,0.014596845507864376
ck_61176dafb33b2d8a,0.8031990099731704
ck_92de019e05971ce3,0.011246829199102979
ck_5d644224135d7c65,0.004264724745301643
ck_c767fc454fa215d0,0.0030608038832812337
ck_5df85a8924e11f27,0.01440283313572296
ck_da2729307af06ed5,0.030458476802873523
ck_7c6b577174af7a78,0.014068633984350085
ck_893b8afbe11301e1,0.013177311787429757
ck_e06f6fed020ae014,0.008728032989862404
ck_386680372fb54857,0.005618825325470805
ck_7a7f3c4fe0c9d2ca,0.004470497570373951
ck_f908b527c4db422d,0.01927852790151678
ck_ec2eee6a133e9a6f,0.017934101300476474
ck_d98934f9fe0b02b3,0.0027607780900739424
ck_398a1ed77b0130e5,0.009729311818947147
ck_d960af7a55b892b1,0.011737314192903133
ck_4637e54a9f79e2e7,0.009307450625063612
ck_02b9f418524f6650,0.013486620553673714
ck_d4b23804cebb045d,0.008150621249615233
ck_35b1939c48182a9a,0.034938643640157634
ck_2dcbb71e39d64305,0.01401293935586347
ck_47a884dec960ff2d,0.008836418653525947
ck_71fd8c346fde5cca,0.023626745845767783
ck_98e1992ac8e7d2de,0.016253377175114554
ck_ae7780327e210522,0.022890346785648642
ck_e6c584b4b1ad6d9d,0.006672414777500019
ck_344b2e326a6c3dcc,0.0034682096065792633
ck_9aa899a5230b0963,0.009129448425614407
ck_e48d14d5b70ef5aa,0.01945506876775637
ck_59d380a0973b3951,0.015645477902806397
ck_11318f7c041a5ba9,0.011216821941890281
ck_7061786fe2f22f5a,0.006703545499916519
ck_e77529651c416cf7,0.011751177635769702
ck_7f79878197340435,0.006128058457336693
ck_b0a0fb0ee9ebf106,0.00583359001497849
ck_70c7679199776a90,0.011433809144785399
ck_b9facd2210daca5c,0.04616542653526163
ck_9949f53c155b8dde,0.026871570524880494
ck_1c607e24f2c4397a,0.014907662825751011
ck_aefd1ce3ce093cbd,0.004115979948356418
ck_5a29b7018e43280c,0.0026271739198606065
ck_69eb0b2ccfbe5f95,0.016583201145036
ck_fe037765aa465c58,0.011382521218710324
ck_5e512ef5362a3dd6,0.00884021664587029
ck_544a9e80b7fdc279,0.00397530692004103
ck_7825494e654d5695,0.01730424279082315
ck_f1f2c3c623553f0d,0.0027036931795308425
ck_52730906e5b461eb,0.39321663413876073
ck_01e0689157fe9617,0.2005883768070491
ck_9da82e567074da9d,0.05952997283584164
ck_6a17384072f904c0,0.01180878583470881
ck_8d84d771a21942a7,0.007422954707268193
ck_39638880292782a7,0.01881786600151176
ck_7d51c86e0eec72ac,0.007514761614516275
ck_45f4c821c70d134f,0.6150602250620923
ck_0af3c13ba56ce57c,0.00530978379080945
ck_0789a05e061b2784,0.08848057231686247
ck_6ba091eb42ffa9fb,0.030408228329313468
ck_265accb3c5c32620,0.027760284817200064
ck_179039559ff7566c,0.011256678403751655
ck_17c0a6a92b5765cf,0.00582955912888469
ck_59371c9140239fd7,0.006811956283130657
ck_f9c4f8b4ce2691f0,0.007301736749480448
ck_a2637e4872cf4811,0.3980699234076417
ck_1de43fd6c6c22a5f,0.08032237112064587
ck_6e4f31bd108571f0,0.003274838913961637
ck_da06d97db0b18851,0.003547421946393262
ck_e0346d5081e640e8,0.023002895647451418
ck_c1c7d4e62c9fcded,0.03809001903721152
ck_2595669e421299f6,0.036173272321647194
ck_3b6057d51fd4c7d6,0.007743985502160549
ck_c5f8ab515840a0fe,0.011725772501335838
ck_435cb24538c6f77c,0.018710084291391475
ck_d84b5403da4cea7b,0.010020546682082404
ck_c2b61a98d1c8f6dd,0.755630259374597
ck_c9dcd92b2f836b61,0.02187565844056736
ck_9eb5b3f5f672c2b1,0.0042718560388709265
ck_e4cf189a8d31649a,0.006775553990823771
ck_6b114f2a48152b96,0.007833594753623427
ck_3fb95862b70f505c,0.015081299921093342
ck_7f780f465c29398e,0.008503200480193537
ck_ee387f9da79e67ea,0.0377329379469047
ck_fa3b1e85d27af2ee,0.020397334047183982
ck_e739eaaa7a1822f2,0.023547060147207092
ck_dfa0ac11fcb1dabd,0.0027840442837780916
ck_6e8751b571ea54d1,0.00804486067355281
ck_2d695f8358383092,0.021598674104324356
ck_e7dce27edb700f27,0.006900190372919271
ck_e322da8b213eab52,0.004081910061294866
ck_d0b32e039abb8200,0.009298024607804076
ck_b354003302b272ca,0.0070359904216280135
ck_f7485cba392bc294,0.5613524490519662
ck_d6a290ff8362c7b9,0.021879016246474186
ck_c56a44fe315c0389,0.006136748320543431
ck_f77dfe6512eae322,0.015284253339233656
ck_35fe969c58b9e70b,0.01450681514322209
ck_4c518637db2322d5,0.7583950522511724
ck_cb61902798ecc4fd,0.01935530637745728
ck_56e6cfa32156a916,0.007255031617366301
ck_343e6ed2b9d35c01,0.008446323794696453
ck_51440f64f7250ad7,0.053494612554387935
ck_295bca29c34cfe2e,0.033664005422539285
ck_dd30558576b45e7b,0.013346401360251193
ck_3a30132a57181fe3,0.014972594750570561
ck_4a733aeb833406f4,0.006674790312986001
ck_1b0b7c3d35ab1259,0.016105028159443008
ck_962c3bbf27cd4b80,0.04522727664710908
ck_9528e1d6b1707870,0.013960317918624007
ck_b3263e7f31aab45f,0.007921775353416222
ck_e69195a3c885053d,0.0034042453338681013
ck_a907fa8795cd4baf,0.003095469010323809
ck_205c3405045bd835,0.007308249392906962
ck_e81fc223bed3c46a,0.014048223311463371
ck_363751deae40edfb,0.03471985806805569
ck_6176baea8cbebbb6,0.009075835067554218
ck_633e6579f5c74a5c,0.9247675399985068
ck_ddc11fc481eef58d,0.017781727318331483
ck_e975002c979e12c7,0.028208159308394383
ck_8e039b23acaaac00,0.05876418558016022
ck_1d6990d94a4d2ad6,0.006328204724952856
ck_e7b583acaa3171a2,0.012555670504916017
ck_c0133f60d39b2fb5,0.007460136415590467
ck_7d6bff85e7a694bc,0.002490160669855505
ck_d305b4d82f63f647,0.00370744749782729
ck_22bd0fc71f95e048,0.018434673913458013
ck_9a65fcfc7916f93f,0.002655227883060558
ck_d61c837b0106085a,0.03175217855847069
ck_be86a1db08dea456,0.02285456552938816
ck_90489c405e6886d8,0.004580892841845879
ck_0add2c321d579d75,0.013231477474805834
ck_482dea6eed92cbbc,0.008816694651354977
ck_c24b47184534cc2c,0.9707847093894653
ck_fa04ac31e596e7d6,0.013366708856004647
ck_084322dc5a3a86f0,0.01387976637421679
ck_ccb72a33cc1877b7,0.03582129419278335
ck_afaf374009d3b248,0.009400387196531256
ck_b53084ffede19a8e,0.0053539602086536235
ck_4760216154c8cac2,0.7544287081203676
ck_37ad3a65db673e70,0.0042761836643739224
ck_0c2932cc0d553694,0.008597967015239679
ck_86b853c52f20fef5,0.007649049500986689
ck_38703b7546d35a80,0.012668599027155728
ck_218b7e6e6dbd2da0,0.0061379626635856355
ck_402db4184982fdf5,0.00787469719585625
ck_f917c82af80e4a79,0.05427726810519349
ck_3c6417a233c68c73,0.029241632523204796
ck_98068c397d70dd3a,0.013014279844558038
ck_b1cbd6679c0f8d95,0.008903958364118758
ck_9e962f9bb0e7bac2,0.01758514579262172
ck_b08247c3ad567d92,0.8658933026494504
ck_3ef7a03ebb81cfe3,0.0028878037232503316
ck_5d7ae0e3562e99bf,0.017671665023047324
ck_c91a628236baf91b,0.24746477890400667
ck_7f8e816ca51755e3,0.6772340849267652
ck_5aadd286d188f5c3,0.011767957558694067
ck_a037aff5f8128c73,0.009195942331334531
ck_5df6529ce8290906,0.0070796170725896486
ck_5f3609511443e5a8,0.012154635760425614
ck_a6f61864fac3c8fb,0.02334761106077047
ck_2733fc6ba23ae46e,0.01087019001447801
ck_22bfb9246646eb41,0.7616040903520569
ck_bfc2a57d8fd1610c,0.5399519192245852
ck_49839e761d0e74e9,0.007607238477302321
ck_aa4ba931dd37481d,0.0028578922164448246
ck_2f9fa0d61829f815,0.02069758815524821
ck_5b82c774df10d49b,0.003237892015696234
ck_411219470d0a195c,0.011742187409166622
ck_d07485ba10514a2d,0.16249291883892958
ck_219bef979ee21bdf,0.003957194364313211
ck_eb1006e7285184a6,0.04257578349956332
ck_fd242b18575e3063,0.053733473999010094
ck_95188150ff059c70,0.03682973358599475
ck_a9ca2f447b984a6a,0.012011413137518367
ck_2dd39723c4088b64,0.006696071808663284
ck_aa2b4c662ff213b6,0.017153892768974516
ck_1867b1199c864db5,0.14973694850579378
ck_850ec97a5a0dab9a,0.014691292664612585
ck_562320295fa35875,0.0034557123124865606
ck_bab5759b07fe2bea,0.004372542577757923
ck_b9f1465d803e57b2,0.07458578966294188
ck_8f21f2690c32c691,0.023282768637838257
ck_df87d6f61a63eb21,0.008777487636017729
ck_770475876d0e7e6a,0.00918343877936778
ck_b4c014d5c0cc9eb2,0.005758077932557325
ck_3add4d23124c9290,0.0036445765039334515
ck_bce5b7fecfb6264d,0.054142392849565416
ck_604c17cb97dc89be,0.05563948587323331
ck_e52cbcd9aafd26b2,0.015933520087367963
ck_0ac9114076f5bf3d,0.014612713849842428
ck_dcc125b178b79566,0.002777405494677498
ck_4e333c09f0c37dee,0.008590269510865717
ck_ff7e31ff8ba731e5,0.009389167663869916
ck_8d0532d24f1070d1,0.003217541723615859
ck_3689fa41748a6f6b,0.03154474740351092
ck_7509eb97c1948b16,0.004298717975693742
ck_a9161cf1ca22a6bf,0.005977666006760319
ck_bed3e3db135b782e,0.028595667129506796
ck_9040edd974ef8e3f,0.7234778218501879
ck_fac32d76ed40f683,0.006643453298212148
ck_3d7b1078e2d57c69,0.005611169258652777
ck_dae09c4e074af5dd,0.013045658822383977
ck_fd84507228467b40,0.019734927126519444
ck_e2a2ce9b8cf44c63,0.011913294572136487
ck_cbe716f351d660d4,0.01108273124303516
ck_cba4162ef29a6d27,0.009769105997102215
ck_4f1e962ff8a29732,0.0023380864715710267
ck_39a81899dded61e4,0.014319701608395689
ck_25382331551d22a5,0.01447392689277556
ck_6d64e1c07b19856e,0.01113581611023337
ck_165a868bdef28ad3,0.026012868193168698
ck_88774ae52e30e877,0.04488165776604928
ck_fc7a9d0643570053,0.004473624574199369
ck_c2017120b3b88a46,0.005219633988148462
ck_d115ac6b9fd62a7e,0.00805047697940181
ck_439cf7d51ec7de0f,0.015243141251779746
ck_2468a7e9e68a0927,0.008304601224649035
ck_7c418947124dee8f,0.00913787844106173
ck_fb0cf32c4a56f740,0.04587719796748981
ck_694eb6c43193afd4,0.02130944979050569
ck_993beb188dd4abb6,0.00921522124854493
ck_77fa39d3b733c226,0.8036059954826976
ck_49969a9abc47cb69,0.010221604036062744
ck_d3f44bbe2f7e9b2d,0.03615043507053606
ck_fcf5b8216d0c18ef,0.009432570219151592
ck_daefe1e2d2bc362d,0.00413447616640934
ck_9c9287cb28950eb6,0.019478854888026042
ck_c1d1a625b885a975,0.026426246490354542
ck_71b37fe47490b4ba,0.00426972300663513
ck_5d16e257c0635f7e,0.8164138804666543
ck_15918075563eb074,0.0030686975026842627
ck_9a15fdefc47e8d11,0.022949484561276302
ck_6f04d047d1dde75e,0.003546983355635267
ck_1af2c0b3b8d202c1,0.016316875822326098
ck_174be2231c5fd2b6,0.003801804248315597
ck_bb0713a2a1d65982,0.011723610643625187
ck_0daec63bd5b0729d,0.014989042357471321
ck_c0b5cc3e8ad2ff44,0.006726549948182746
ck_35bee1fc12664644,0.12068729620914428
ck_a1c7cf63467df4c2,0.006429698947784413
ck_ecb1e15f0b185ceb,0.03166462385465235
ck_f280d31f54a4710a,0.03530308776445308
ck_30f4b2ee8abe1342,0.028489656778303334
ck_66bed631354de5b7,0.006006391834197431
ck_c2d3ecd7278eba2c,0.003423600936055998
ck_e901dec0e09eccbb,0.011834791762161812
ck_5d038ecb3c8748a3,0.0038363998837482073
ck_283c5bea94b21e80,0.005704413642429249
ck_7956c251b85f009e,0.8388710439287914
ck_9f5f81d771146aa1,0.003262572055626639
ck_9323e6fc1e168eda,0.9175125619460971
ck_10495d3a635b8d69,0.01024336695660188
ck_1982d571cd36eb0c,0.009650819933555852
ck_4f5d7985bcc2eda4,0.003979732002820573
ck_7df526b2b4410bb4,0.009722250202862081
ck_dbb498b1a346a402,0.003924876152205717
ck_ef059997563e3330,0.02150134390163778
ck_02ec4e06709e6b82,0.004102909283267673
ck_9782c86ba6485f88,0.0037994058178002924
ck_d69de468b44143ca,0.007015954038008779
ck_6430a8792f400e0a,0.0034988469775433803
ck_8285bd3c90af94f6,0.008500191574717278
ck_985c9ca112000e9a,0.012448139154589467
ck_e679fbf4f4f4aa07,0.005429121479929152
ck_016e8c8eaf9d511b,0.0294180462408954
ck_bc996c523944644b,0.017095326148593704
ck_5b8315726f6204e0,0.012098219375523429
ck_78181f8e998e442f,0.0035396688763584135
ck_71c68dfd011dbbbe,0.8467959460771375
ck_db32c95ce2b6f502,0.8482705850215778
ck_755010362a9b1bc4,0.021938852165125387
ck_114141d85256c9ff,0.0033244456073560197
ck_9d1a5cf5a3b87e48,0.01593763939724887
ck_ab640420858ab5c4,0.10813309275005449
ck_97a8dac48dd62488,0.124664966289282
ck_879cc3166fe1bada,0.0030737600385773818
ck_b0ed11080076e381,0.006885008269960108
ck_7334a9ec656263b2,0.012183795025968672
ck_6494f0ef13ce44d9,0.012481585493215467
ck_724e459b9ece38f4,0.03925064847339503
ck_7fd8b1470401695f,0.4287610302346268
ck_292f81186358b0fa,0.007983791813474129
ck_fa7de64d37287615,0.009336959158173034
ck_d00e09e66ed6458b,0.03520871794431618
ck_b8d210e741be186e,0.012359281894761017
ck_3db59982cbae4410,0.016715662382504434
ck_69887d0a9aaca6df,0.0032640418792741835
ck_4feb21e2fb0b3977,0.013852298885107172
ck_08c6cc1e143475e3,0.004072128216851811
ck_fe6e168cdbb46b9a,0.07410009581967306
ck_07f1734be7fac56a,0.013175982175569024
ck_d66d59981307db93,0.01647591450085005
ck_f928dba0d587d7c1,0.005166742671390045
ck_786448fe3004cbd0,0.00766399516520073
ck_29ea329fa40ace62,0.011101887873037883
ck_7ea52b6f27edcb73,0.04426156680153859
ck_18bc51bbf3ef198e,0.011360398504469795
ck_44950df09ff14ded,0.002660432953528317
ck_c1466b52c0a10b93,0.015382479013966093
ck_6cdac067cc4db5c5,0.020146977467633564
ck_53f55c6e8cf2d432,0.003445503444327214
ck_95945f48453ca532,0.018014332718854806
ck_87cce4126e215153,0.007893688353561508
ck_1ecd5516c92caa4f,0.006189000086800938
ck_819b482bca14c068,0.8031406192404849
ck_a61a879dd46fc9f2,0.010854200826902987
ck_af70aa32c009c3c9,0.014029998279269332
ck_f4fe78e249092ab1,0.011890629692384814
ck_12c46bc52bf45b36,0.010873314648164411
ck_f05f5e4b40afa52f,0.029557545815460627
ck_0f8cb09d3f4fc980,0.043963849967945945
ck_80a64a7f0275a71d,0.028017821900585365
ck_683af7b1540a0b22,0.029442568563296145
ck_51fe0b613c076cbe,0.0035468723078295045
ck_da1a2450219dcf19,0.017839218792345585
ck_2a7eba01ceba6c2c,0.05200709468586769
ck_4e329e29dfa743ea,0.22959332690963247
ck_0274d881d6db82c8,0.0030596066355595064
ck_0af5b7d128035b35,0.012856002160451251
ck_ae0a7be6b0a0ea68,0.011778952481492147
ck_de5bb7a4d091386d,0.04315213407549086
ck_2bb7c17168a9d17d,0.011069332350663836
ck_0ffdff7b2f5fdfe4,0.01691680942248169
ck_718a8390b3d42d7d,0.02272909536755721
ck_7c4f12d70f184533,0.003943385424641789
ck_d3e2c26b8adff099,0.005317657939655378
ck_ac9d3d9754104cf0,0.003507035835674118
ck_3b1766a1d51f8f0e,0.8599437704667885
ck_a9bf75bea912027b,0.009422776427082783
ck_687eab3ffe1f8cfa,0.013002671298430371
ck_25dd0b02af5b2f37,0.026795540486435503
ck_1747fcc466f0ae38,0.0039020221090495842
ck_f6e9d14dfb6f3c28,0.03889661584059192
ck_c6a7bbd0adc4d5f3,0.03604704822004201
ck_46656a23f4456d22,0.8750496774554387
ck_7519260415c2998e,0.008986920232825222
ck_754f30ea19df857c,0.01582209394865752
ck_ba88a244d5f7380f,0.007836266496857718
ck_f268416945316815,0.012028383420006958
ck_21860dd2159dff28,0.0038309201499438714
ck_7a86ef4e2beaec38,0.004467055382926719
ck_0414507baeea936a,0.03411680319971533
ck_60796eb60fc3043e,0.01026653576384756
ck_1e0841ed17fe0562,0.00633342776022013
ck_0d641d32658d6e0f,0.0037364226924563293
ck_b36086ae6d87eec1,0.013454707019375359
ck_962e65ab33b5c311,0.9447029857583817
ck_b046a42684468e63,0.00977251434998996
ck_ab3426435b0017d6,0.006614937177382485
ck_fcfe06e44d09a344,0.010338485403542295
ck_0f6d916c92189516,0.016123233139269406
ck_d4c8f0d957c3965d,0.03154708625994653
ck_2ca83dbd728af019,0.009954752461516234
ck_2857a4ce9f72fbfa,0.006512958298055202
ck_a60e6edc48e3d0ac,0.38818091950948796
ck_0cbd3b27063d4415,0.014867293200793354
ck_612089ec90c37219,0.013558966462884408
ck_ec4e597f17f473c6,0.007861374217632052
ck_1c93cc58f314bf71,0.011814355292708141
ck_2b359a979520276e,0.004055586603438547
ck_1496568ddc3b2d56,0.23034081076223453
ck_41d91dc9f5063566,0.020535886676997222
ck_4c5ff58afe3d7a67,0.0025533976758498867
ck_81709736281fa3eb,0.004015766636064492
ck_d89abbab3d4957aa,0.0064828222876529545
ck_52453401f88935da,0.008836259189010527
ck_a477654d34783e06,0.0042806719395257296
ck_72dd0dbdf808cb00,0.010184525583555546
ck_c183dff3781746cb,0.033526102096862784
ck_c8b7f241810b45e5,0.002411816954653194
ck_f88028c3f306bc70,0.013100183241996202
ck_91d48d69e4f5d9c2,0.01128856727200733
ck_b74b9ba6d7c9aab7,0.058114145176049126
ck_03e904682dc73bba,0.005108721529644917
ck_fc6fed6ea96a004a,0.009441123312112398
ck_51efdd240e34c642,0.01637172227186203
ck_e78ab4ff52b5fd2d,0.009390134423501057
ck_4af7b97c24d89a45,0.019546365371034685
ck_295c0072eca7f7a2,0.0070003377959833345
ck_8abd1a50a9227463,0.07575880544646543
ck_ecaa6f13304e3dc5,0.00311453451424293
ck_de436e7b319be1fa,0.9571321979925316
ck_c802cf8f61466027,0.003289216595629289
ck_3d83e0a3c1cfbf8b,0.014862381264976085
ck_28d2003c2d16e4b6,0.0033032438842624918
ck_8ddaf745bbb9cd62,0.0033114102040999473
ck_493b6256091014cd,0.7549193104541574
ck_a2245822cfea997d,0.004009981429915684
ck_f7305b3c64cf8a03,0.03906510686270529
ck_9937dad93a0ed3c1,0.004239529371187238
ck_d654449f9231ad76,0.0036268310475444003
ck_850e2b59bc535490,0.011629569929162364
ck_e55e5bdfc0242aef,0.23907257520633052
ck_d35c51e981b98c5c,0.013587498582999059
ck_27cdf9c5e6f0915b,0.008240959461529182
ck_d328db1e1052d820,0.015763240502168024
ck_0ea30eff5f361cba,0.01006979373929815
ck_9994323f97109f4b,0.9775249860357468
ck_09054e97bdf9624e,0.004887076398263125
ck_723b4afc388113c8,0.006318315932463073
ck_588f6e6a6a6d93e8,0.012741408870048978
ck_e1d563fab4d6116a,0.008373812897546313
ck_53aca610e20598bc,0.008314432936578334
ck_c8131ddc7ed33448,0.00618139446687736
ck_899f88464305824a,0.017754153701132987
ck_1c17c65804f8889e,0.005841696782081261
ck_45a16ce12893cf9b,0.013747353087307488
ck_f9d481aa4f9b2808,0.18972987501921607
ck_1d5d74169cf892ef,0.015200081590763559
ck_aba32acb61c1aaca,0.013939975870147623
ck_ec4dd3675a8d28cc,0.008119891015252189
ck_5dcd443fe0bbdeac,0.004358560799810539
ck_3a47e3f54475e854,0.006572913107040984
ck_a9aa5c344c315532,0.014488266936750455
ck_9652283c9f61fcec,0.0031060194259584298
ck_752dd3d2487f78ea,0.009477188509944284
ck_a821980ac4db9943,0.048705295703823606
ck_93e0d6befb67f7a1,0.01764587106145024
ck_e7a3881c3e36bd51,0.7688342857820534
ck_12631b78f8a03df2,0.003996943290848931
ck_57b8226610b48854,0.01409831113440049
ck_352657008983fd4b,0.015452035440510544
ck_0841a5c24fd3dd28,0.039197436376213805
ck_db9b9d5d30f74070,0.01653923411085125
ck_a9dded7f6294e44f,0.06105429319610885
ck_91a16336ce3217dc,0.016571627075001115
ck_371bd9388b287677,0.003068935621285215
ck_f285e5e1912a7c62,0.002837040850193337
ck_368b65fca69fc415,0.026825683603011425
ck_d27a73596b6500c2,0.01112297385346638
ck_2d963f9b2c4d11e1,0.01939288068090452
ck_7c500e219af39486,0.0035555533033266224
ck_7d025dea5951cba7,0.005979017248463994
ck_32f632706608859e,0.006930854572778158
ck_53816231f3ffb48d,0.00984565236876132
ck_9dbe184e81c1ca8d,0.021986845532137887
ck_d74123617f22a21e,0.009577372454397822
ck_275386782b1606f8,0.012696838001514995
ck_0b0e79d33e50cba5,0.004169793349622142
ck_ba93cb604f792915,0.05357013877024376
ck_a86cd653472eccbc,0.00544839798057202
ck_87771861e0447210,0.05932126823989914
ck_212380e0371d8a6d,0.041261054501733486
ck_ef0d702d7b0ed745,0.003461683457825921
ck_2b8f33e22f939372,0.7702331216404745
ck_480347ad92037105,0.005441400197610307
ck_20124c3a16c53ce4,0.023119147463907367
ck_c9e1e3229baae708,0.008580211776774942
ck_b1befe967f7a5ebf,0.015446945968186137
ck_4672167d7c989bbf,0.011414711800387759
ck_f0c44ee5e3a42e3d,0.00656596239749096
ck_c416357d20238a4e,0.008740463746643511
ck_d0f470f8078c91df,0.008312754810671818
ck_3a70b4ee59084715,0.00533008495217825
ck_179ed66cdfc1ce27,0.007514763656070023
ck_387e5a7f163c7837,0.01894286132647624
ck_08fb463e69f647c8,0.9745117132797946
ck_732f725747393ec8,0.010916283648512633
ck_7cc5e0fa3ca5a713,0.0034040898548909175
ck_ad4a4daa826ac68b,0.4453869376623979
ck_472e0be7a3b533bb,0.016329972624096533
ck_7190177963eafdd9,0.007829892144832965
ck_647ac26c5900f082,0.010387546074688623
ck_272ae2179bbd8e58,0.013559866614992361
ck_09b0d8af304646bd,0.003794570626878739
ck_ca0cc8ea9f344408,0.00942211125156921
ck_332ad134fb909869,0.019365404519971378
ck_fca2798914627dc8,0.0862931075197409
ck_4450b55f462ae134,0.006477755790965945
ck_d67d9dfb60b286b9,0.0037683662832872092
ck_a9d2bb4f2bde7052,0.008253488518105036
ck_929bcae878a3ecb3,0.8239398508835001
ck_59a9e000fa275e1f,0.009175685957960188
ck_57f17254e2688637,0.021102996543061362
ck_0508908697f60ce3,0.06825388083596667
ck_946afc2943298d26,0.006730065474609102
ck_7176d12b18f2cc0e,0.008883576852326108
ck_5c47b49c26cce286,0.006414216891114069
ck_b6a2bdb2d335e1d0,0.9649690645798646
ck_1d58f6caaa4d012c,0.011521163192248201
ck_71c917295020ccc7,0.004629816263882485
ck_bc89644ae3688995,0.004900848637839116
ck_e7c212f16d6df272,0.009769937275380275
ck_c6d2e11a368184e6,0.010258599200173527
ck_eed7f1f7548df15b,0.002913381649136705
ck_75b69034000ca7bb,0.03928188564301034
ck_38da3bf629458682,0.00737542773935507
ck_90114c891239d821,0.004390762763780724
ck_8ee08f6777cc155b,0.007400383175169932
ck_bd86132499defcd0,0.010669412085842421
ck_b95fbf2b5640aa82,0.012842373622990516
ck_c530235393360e3b,0.017539150437928953
ck_be52a7ec43241ba4,0.06279458240401549
ck_d96eb3cc55f2772f,0.00949912240692243
ck_dd34f0a844fb115d,0.16275819299242505
ck_17cc7b411f448e66,0.055450812707754114
ck_856ea65fa27d06dd,0.00968834733765658
ck_056d5f0301c30902,0.031127761281562333
ck_e662b14b2bab23a2,0.022738453415635924
ck_209f574c8d92274e,0.006475601789813856
ck_62720b81617896cc,0.007952742782126149
ck_041614694b77e599,0.008836858202234229
ck_461e3f7b97db8d16,0.02198826971279066
ck_1b74b798eebeabdc,0.012242741699547912
ck_0ed2739384f1d644,0.00798190795458769
ck_5a4d19f1b83feeb8,0.005595858412897179
ck_463937167965a1f8,0.011030869870332128
ck_9d7151dbdf100e0e,0.011871301555578875
ck_20a7d1ce6cc27312,0.01133084274331202
ck_6031211ff118cf0f,0.003998271682158173
ck_a6fc92aa91e99b77,0.8258614954796144
ck_0aaaa9d2f75a0518,0.010240852845530614
ck_ec26e327cc1848b2,0.010080459654447654
ck_0e6bebf8ae9b9b03,0.010303599728415023
ck_e107537a4cb738f4,0.006897607011748484
ck_e8ea56e122a5a487,0.016811228326890106
ck_98149ed45d38c4d3,0.01913248708052188
ck_0e719b3a6906b8f1,0.002952074527064621
ck_0c6e7bd357e4a348,0.003975158021423977
ck_d3b2b250da61db19,0.91660616295246
ck_8bb6b0a292754576,0.34085815415126586
ck_87d70f5fe48a6128,0.031103478652709626
ck_ea9edf9c107d429f,0.015344516082516848
ck_059806c52cebe4f1,0.07751488491473828
ck_a72d6df666e1c21c,0.009346622453292543
ck_1d2b80ab6c4944b9,0.011362166541373581
ck_60557f077abc42ca,0.04396177457775359
ck_e5f5cb7dd6ce4a37,0.014016506108602564
ck_4c4a939154446053,0.002953069057937524
ck_50ede3eb561a202c,0.009499392998426334
ck_6d03a542922b2ae8,0.016643686480698555
ck_d6fe761ed0db3270,0.007212165113650448
ck_7f0cd6ea3096f985,0.010091574056636014
ck_23edb6d938a3b87b,0.0040598320800890545
ck_799aaf9f2b9ef621,0.008771203992041949
ck_f8f6a03613b6dda8,0.014640479866536332
ck_7cffb189f4f514ec,0.9817826440028107
ck_c081e1967dcd811f,0.04213515603199715
ck_583d6ca78c97d91e,0.414776948620511
ck_9332bbc7125219a7,0.0025117637009655254
ck_956b5af6d7d86c65,0.9538105522510681
ck_2d634e3f24681c0f,0.018357767386840612
ck_7b35d218ed0c5a60,0.02109499720966084
ck_ca5b1057f8248f73,0.012600105694371552
ck_ec5ea81cf813597c,0.00972278563916337
ck_eaebaf4d28400fb8,0.011779019756286781
ck_ae2ab6be219219aa,0.018078397488725077
ck_d99a8b4c820eb46b,0.01119298890588123
ck_bcfb7ffb7cd428bd,0.005551997006624768
ck_3dd542c2d31be2c0,0.009156383961726917
ck_c7dd84401e29a7fc,0.002177335810173267
ck_c4bcc7cefd40f8e2,0.002552089540068582
ck_c251898b5d51e3b0,0.011253786130027709
ck_36d37be780c1291c,0.009041785464658461
ck_99b4f266b61ae7ee,0.013363001228789726
ck_c37f03995f0f0169,0.003427754035485609
ck_65a23ac8e44eb901,0.030449991126713122
ck_644b1c1149eea9e0,0.007856858002796252
ck_9cf44eb0237c2429,0.009582220807636337
ck_20541686a94fb71c,0.03363835403488195
ck_c18245be844680f3,0.00916828920498044
ck_56de216eda6b7fa6,0.0026869528453892684
ck_406c4442dee45cd1,0.0038177037557059986
ck_df1585c7d72a96e0,0.0035360376569605542
ck_b8e8dba20676d87b,0.01193814820331435
ck_0ee6965e68efc177,0.035128033619049634
ck_c2a5c54ad8d0d297,0.01358562924177901
ck_bf6fb7e6470e95cb,0.004304330326443005
ck_27fa694569140345,0.00852437519402664
ck_e04166b0ce66393a,0.00567491349574262
ck_8742114f4f0cb22c,0.058993871262548084
ck_6eceeafd56b42576,0.10959521539234099
ck_34f9951b0eca1965,0.009943989555391091
ck_384ccecd342a24ad,0.004016531156902146
ck_49c98bebd1338879,0.004892969694430904
ck_6c26c12071c91ff6,0.007676320006112623
ck_01e5986ebb9a78f1,0.008850113833788089
ck_121db7ba3be29ee8,0.022256447515054362
ck_039e6d5a330cea1a,0.0377402857324388
ck_ae8c9163cf957d7e,0.009383060040520813
ck_3f5e8f3f1df0c8c7,0.02485218136757219
ck_b1c51fdafcd80122,0.018427132880301657
ck_12e2b5ebfe8986b2,0.00845202373930894
ck_d55eb81a4d543c59,0.006883047303685744
ck_f85155ca5c312c7b,0.0940857695302496
ck_133d8a1ac7c0e301,0.9802138818502627
ck_04212a9bb9b28696,0.9664246382323929
ck_4cc11c7d3ca61f73,0.0034681351778493206
ck_2df4854186ec515b,0.010565065579682068
ck_aa9b28e7fc43af79,0.7194797494839384
ck_47cad6c3def4c9e4,0.0031601853496418092
ck_fbff7b5da8111567,0.01809429614664767
ck_bd25ea782e375b22,0.012989971330820718
ck_7989376f8cf64a9d,0.017629849170584598
ck_675c0ca1ebb1051c,0.0042381966191771415
ck_1436f6e11d4008f9,0.005939588124177114
ck_812cb3a4482cc618,0.005077720716881088
ck_6e606f73a1094afd,0.1845343583996921
ck_1b708e2a4a0584dd,0.011280679301973443
ck_a60d6b324bae0330,0.0197002394502235
ck_706a4f673a9fda3b,0.3514104547366611
ck_a75ece9a9044eed0,0.007066785597153083
ck_9aa45c4e03c8c57a,0.027327260979347484
ck_9fe9bdce982b312c,0.023935891725710756
ck_c6fbdc5ba68a8466,0.011209214335221571
ck_ed0cc1b1c28f9511,0.0352086189876214
ck_a4e2607b4c8021e8,0.0025715781719757393
ck_e02f93f51cc8caf3,0.004370830052296044
ck_7084ed3cf20781b7,0.017445044416135425
ck_cd4c63155570d6ea,0.010995414445347462
ck_d1b9e5d32d2d789f,0.0056635112030946335
ck_68f56f6560a7a933,0.006106850524707869
ck_8bedacc6233c6269,0.011581325472405753
ck_ab7cb50407d6b13e,0.03588846452200448
ck_f17ed7e0fd687742,0.048863020760865905
ck_b0fe4b92fc70f72c,0.002449369385061999
ck_84d62b8196da2452,0.013247903738815492
ck_9e298cae167f4693,0.007844029499058127
ck_405b20ef9ad0ba5f,0.1695221501468998
ck_813e02e1ababd177,0.009592911621656939
ck_f234ab47061ba7c0,0.003558984416747085
ck_22b587c18363899a,0.0071109945055680135
ck_4e862c2f48c38aeb,0.006696139278452823
ck_b89cb90a420c9075,0.005132188119621418
ck_be2251640f27a3c9,0.03066342738373302
ck_46bec0bff167ed3f,0.01986125932684426
ck_c0032232c2868328,0.010513159806097913
ck_030cf09525dba4ba,0.006192660258417715
ck_6ecf56236789fc09,0.9592045462536115
ck_38d4ed52cbe6d123,0.014780460878411422
ck_2d923d957ffd4d53,0.011957836820481066
ck_3af1eb88728ed8c7,0.01552078618731487
ck_2f8120ca80a1592c,0.0064488681395862115
ck_6cabb1a133f0b151,0.008711057839594409
ck_bb6cf7e7b707731d,0.8517859853840886
ck_c8307fecafa90140,0.008759171341611888
ck_75f968be67f46d24,0.009674989796311362
ck_df6fe4ec5a233213,0.0070030620926048535
ck_b53e88c0e927d896,0.0029544633113406165
ck_f0093064aa28f4d0,0.02403152442705065
ck_ec9976cabc63ff92,0.003330460257100637
ck_30dac0a58c5590cb,0.22277873355559707
ck_348a525791ae6475,0.016867758943672737
ck_b898d912d1181ef9,0.04317308845979536
ck_f5b1200dc6f95760,0.015397952962676329
ck_54978a073e7a0b1a,0.006763344310707393
ck_55933936536a4071,0.00344780083549978
ck_d6ba7ffd2ae08863,0.00968847366098025
ck_404e2217fd87fdd2,0.005023846964357211
ck_dfaafdaefa5716b6,0.025786614961727666
ck_556c62e92d4e7e5b,0.04018787720773896
ck_7ce44f4e06d58111,0.024699780944312584
ck_465cb8ce232c7670,0.007051997392026878
ck_237508ca4fb37268,0.01801598301510038
ck_ba4a6b9aa63964ef,0.012141608431493776
ck_4802a0a7a1882c88,0.8405717223882082
ck_9478dfe4114c30f6,0.005509064739698215
ck_5138f6c575dec64c,0.008075784852329503
ck_aebb42afe430e2e9,0.008396389784189644
ck_004efa95555437e9,0.011644365645407181
ck_11af112667c98394,0.13388803284751882
ck_44e9a18a8645c9d3,0.004479561334428347
ck_2605fd571219e28d,0.0030694052621021047
ck_dfc933493561d84f,0.01073613627576317
ck_67674348e68d1f25,0.0048421797203811925
ck_dd97429277a2fa00,0.015288003862581185
ck_d3eab7a06eb48348,0.042567371017324725
ck_0b9fcff9667ec05a,0.007214855406276879
ck_fc4bfd6e739bddea,0.0024202792059912224
ck_43292f70a03ddf2b,0.029437192809571466
ck_5ff6108056a3fef5,0.009818172227733207
ck_767e0be086b5f601,0.010944274801386097
ck_b8465b1a5666155b,0.008918307915857576
ck_ab2e3fc56f5b3aae,0.07125683029736161
ck_1833c81d693c1e07,0.8186559208386889
ck_0308e0602b856445,0.006007572861037115
ck_ccbdfe744acff8bb,0.021971563171765053
ck_b294aa27a0b586d7,0.0022058367597994873
ck_a3747201f377626d,0.9597239751663323
ck_edde1d7d1db24725,0.01994683295905258
ck_ae3b47d6e1063704,0.005952789723091529
ck_3aabf5e0f4defb41,0.026577895886196412
ck_f034adb57391f3d7,0.04058418356998441
ck_533672fb40531607,0.0494676977075301
ck_2a244f1ae08ef83c,0.02852131037397127
ck_a35d81bcc54ece2f,0.027800181177069467
ck_78a61215675b38f0,0.008664163529346408
ck_e013d88ea7939616,0.00993894517635866
ck_e5018f9418e0102e,0.016379409864178022
ck_d4e024fcda401a31,0.0034388609703174242
ck_f736cffbdb82db34,0.0023391556038308294
ck_1507f5aa50cdf3a0,0.00985969702857811
ck_18270fee7c8fcee8,0.006614650401314521
ck_95ffa1a805a1c9d1,0.0032293373542438665
ck_11132d245b94d045,0.007645168520774875
ck_7b93a622e40d8b14,0.02034703197360667
ck_3854c08d17704347,0.06622911841279532
ck_7717fcb100dc4b5f,0.016150884182207708
ck_ba54e0a1c328119b,0.7954883315559441
ck_a7afdac4ecbf2de4,0.27928721663764555
ck_ecfb771ed2352085,0.010607529650746456
ck_68be4fefc85a6b64,0.04918622274201052
ck_dac7c50bd6d0148f,0.00501575996478871
ck_87cf36a03bd63c24,0.748396066938052
ck_8adb40b168b59d7c,0.014012504991884037
ck_8d2f62930777416b,0.03810582981362317
ck_9958b58da9e3c21c,0.039730580647316396
ck_9440335375701f44,0.012926225143919123
ck_e2f88e202b6f700a,0.017899230516081492
ck_4c7c50684827a2cf,0.012899925999579166
ck_8a6ea4a79b1c7a8e,0.004830066919750015
ck_186dbff4b24a3bbf,0.04233720643989271
ck_220fda3c11c59b6c,0.04860513415418856
ck_3acccc69f8b1fd14,0.021925752413880666
ck_9de191bf79afd676,0.00900785243352373
ck_6de6b1663f9457f4,0.00502262435352333
ck_062754f8b79b86e5,0.0031126414970419477
ck_aa153a89a52f7eb5,0.014305940985521511
ck_34a6bd3be642f15c,0.011295214159059428
ck_9371c700d9830326,0.042036658898861566
ck_a99e0c258ad7576b,0.007672378747386843
ck_0a7ba51d626e932a,0.009124332392012425
ck_852c50bbba1ead13,0.0440681219908355
ck_43dc13b6b6d31297,0.07051343269922766
ck_7d81b59d615a6649,0.010181986135757676
ck_39a3f1da060e88bf,0.012110750414039044
ck_6fb2d142c09ed3ed,0.03272803982919569
ck_6e5752b87324b58c,0.020837907670007497
ck_9441d48a12e8a4bf,0.06453157304999024
ck_09e9c51eb538b255,0.006602800859988075
ck_8d0cd981ed3a183a,0.028690278403606235
ck_57c07c45269ca8c0,0.0071438023772795785
ck_ccfc9ab888ba933d,0.006784760548725002
ck_9658a6ef471053f0,0.006824653477770379
ck_dac3852758f4ea89,0.0038433184050075363
ck_b1ed2278f5f14d82,0.019759476188885593
ck_333544d173524f70,0.033139519154078714
ck_fd4582e3853ef23f,0.013366225122552136
ck_614d936cef98db04,0.004512709662885402
ck_6bc351a3d57aac54,0.004862287520167285
ck_af5842fa7202ff25,0.143601242844957
ck_81307759252571be,0.00898702510798344
ck_b4d2f02d2cd45720,0.6494462502615057
ck_1bd753a4681946c8,0.9475874699692255
ck_46d8c029d46867b2,0.003890345938347707
ck_b7da6640fa2f49cf,0.8146846711758426
ck_9ea3d5a5a91fef9f,0.4860028304248041
ck_7b922518f667f76a,0.002503350580154323
ck_2a5b31594206eb30,0.17853770666863544
ck_d9506476ad3f9e08,0.01275660062225312
ck_c8791f7ebd4d93c7,0.01103388584669689
ck_b5a3e20fd210017d,0.007665493837800061
ck_8e54386f4fe22cad,0.011484259249022431
ck_75296704f5806f56,0.03773143714857287
ck_0fbbc7a6af300368,0.003352576574165836
ck_d19bf4dc0627113d,0.002606110662255184
ck_7951bd4eb99a0175,0.0031468476009417225
ck_059e4fac6b7f704e,0.0285452562649876
ck_2ce8931af02a2ce3,0.014165401621296014
ck_9e665618a4860306,0.004513963317091997
ck_6fce5a893613fd2c,0.0033382795474672607
ck_9e3fbd04e3532f32,0.3351508474071127
ck_55f2ef0de3420e3e,0.009354730188681295
ck_8d87658a6f5d204c,0.24509862380838365
ck_6d6ac1f5dd882aa5,0.008589334833498576
ck_55d0c7012d7ef236,0.010877078132654625
ck_7738eb085e5753d6,0.0181820574053716
ck_0e6e05c3cc8c8242,0.006824104805522649
ck_8d27ff8383d48132,0.009185122864685194
ck_9afc3bb849f3a64d,0.007051228988246195
ck_27eb86a9898cdfe3,0.0043006067577055565
ck_1d40e4fc541abe93,0.05113018327543271
ck_4fd9dc00e1913587,0.9533091826849296
ck_b26cdb2b7b165d2e,0.01983931438752464
ck_a79a27767a02e31f,0.02804602994859894
ck_f0c18cb9f951a71e,0.008006380217324197
ck_50460e0189de6274,0.873748812666378
ck_5e5280539257c986,0.003953883114463512
ck_eeb854318b3a6f0a,0.015452688531410106
ck_943f66f28dd24750,0.0028821867388627203
ck_984dd7452aee372d,0.015392232110165719
ck_ecaa6de0aca5e9a0,0.00683500882260574
ck_8f1cbc432e2774f8,0.0183264328276422
ck_d91d9f8445b9769a,0.8597052220163167
ck_73c18e03e3c7612e,0.0031578837100017694
ck_aded05ada490da20,0.005348407638030826
ck_f744e208183971f8,0.016135738949553242
ck_02d4cef6358ad3b7,0.00832957876449459
ck_08ff5bd467226a5f,0.00366142529603686
ck_f824b326d5089885,0.06006944885150345
ck_3420f2fd520890f3,0.01255998574218346
ck_1838cf8d00f5b1e1,0.012158773281495228
ck_a85182ad90b6f1e1,0.0035292106106711275
ck_fecb39c82c43e76d,0.008385646718431596
ck_162513e73782929f,0.019386821161974942
ck_2c27b77c59d8f23b,0.2801318638872531
ck_4221e07b17388fd3,0.06138306405079608
ck_adfb8472d5c3d669,0.019376206372622128
ck_0742fe64055d686f,0.004052235121279647
ck_5060aefcc8b6f958,0.006723064481275315
ck_643f549b4ac78a26,0.5859218493265652
ck_dba767885bd6ad69,0.008212837823387874
ck_0dda35c0c64c7073,0.9743125799922071
ck_38ea56d43afa5660,0.01006770036602039
ck_d813e15ac91f487c,0.027783849136058775
ck_4c840e5585a7b167,0.0583248539116308
ck_cb8551453a7bb929,0.004060645827667607
ck_05a00b1dd5a03359,0.011302524149142084
ck_837cc7fd48453a01,0.006442963238183702
ck_49dd816b31fba6b6,0.2176087481881736
ck_86a61d9a39768e87,0.030390581448320998
ck_cd0e76f0e7bb38cc,0.007396919183909762
ck_dbe58392635133ca,0.012284524654198294
ck_3caec7dd6f8d02c9,0.029533212357632378
ck_bfd9bfc5b6ab4a54,0.07189795212279618
ck_2103399bdb2898a6,0.007480824244772736
ck_329f7de7279e74c5,0.01291978927005348
ck_9bf0d28119fc42c8,0.014850975049458509
ck_f781539b1042dc83,0.00568753638360735
ck_9986c7d781ac6b4e,0.012964977535885705
ck_a627734880aca848,0.0031679745302538352
ck_2106e509d77fdb4a,0.8246722602595762
ck_420d1a9c604293ce,0.004540779818309044
ck_fce0610c527e2b56,0.008735127728662037
ck_073da541ec3f9d3d,0.008519411206422437
ck_aa5f3ab48c17fed8,0.041598706414682565
ck_0fc1086e1c9e04b6,0.017740411093562503
ck_5c33bb46c1a5945b,0.013014071730889087
ck_500948a8d4bd8e13,0.05559632154224249
ck_19becd44f2c3d2b5,0.015033346924594255
ck_7d0fe77dd5ddb656,0.023644885385550846
ck_f158d9e5f101bb35,0.023913946285851567
ck_cdd7c77823c2257f,0.03294473681871416
ck_6c7b41374f9b2e55,0.02051910533826798
ck_417090dbffb1a63c,0.016282669490892056
ck_dd0e17605f970319,0.0076509131291804065
ck_3646515079e6be55,0.018164555964918457
ck_89c8b06aa8c84b2d,0.03589187288889954
ck_e4d6dedd97233c07,0.010541955138919205
ck_bc82fb1895fddde5,0.008892161878259534
ck_88a8b1d442ca3686,0.007477326172957595
ck_5791f8f76a629a4f,0.012485776645398326
ck_9cf5e88e97c8c7ea,0.02061965009377638
ck_58fd684aa5a6f289,0.004970007701923286
ck_9800c21dfbd8e811,0.0057931165734717485
ck_8ae64df60ab6ccda,0.008807628035932687
ck_e535fb0f0c00418d,0.030770826079314646
ck_48011996d54855ac,0.6376486497343217
ck_ac79c72a8fe3fdef,0.021034528688442227
ck_b8cc2df5192bc49b,0.018106755904975715
ck_e96a5e1f08f8a867,0.009043771165033784
ck_84df6770549e43fa,0.006166669854231215
ck_e5f7b99ba6ec5767,0.015771051534336392
ck_8347455ab53ff620,0.008098897352849866
ck_a84f2cdf695a71d6,0.006180366503352977
ck_90456160115f9ef4,0.005822347380219802
ck_ebd178b3f3a9c50c,0.014091160376236972
ck_e1140be6157bacbe,0.0030394475033425805
ck_744ffc11d32b96bc,0.013238849912612174
ck_e12a9f7d027e3387,0.014825863095616504
ck_cbe525da0b69f18a,0.017324381482206896
ck_aa59702537557ff1,0.012722692627409517
ck_0348cc6908f7f3af,0.0030269823310551678
ck_120e995d50956bee,0.017493489784944454
ck_9fcde1ff46cbbea5,0.0050102923601622615
ck_54b0b070689c50d6,0.0023583412095417146
ck_966a167758fddfd4,0.07686094614396188
ck_d5194f2e92fd6427,0.013872436599482346
ck_2ee84f3fa27f2cb8,0.0031189528192300197
ck_57d0a7eb7eae2eaf,0.01030417573447969
ck_6a2c4edd82e10969,0.0036532161147904653
ck_96e4d38ef670eaff,0.010583093350683763
ck_52cc2fd5095b169d,0.01337863057233126
ck_4b088920f3a844c1,0.01420780297501376
ck_8f3ccbd20d59f1f4,0.00291073483829406
ck_e5e5dc431bed6f9d,0.010290931275541313
ck_e8b5bfa6838e28d1,0.02454321682625267
ck_4bfeb78b47b7c6a1,0.035883314436081844
ck_a705c61bd679496f,0.006533809256247758
ck_731869a0c39cb2fe,0.02420650064662066
ck_259eb102342057ea,0.004586161294977546
ck_47a6005fabc33551,0.008646875885545125
ck_682262b455a9edd4,0.002532998701571943
ck_e839d104854945f0,0.006874325798738759
ck_761989aa4c47d746,0.017245694995443744
ck_44211dc210139ed3,0.014355255986691809
ck_9915ceedf63a5289,0.011145997831195088
ck_da59ab47cb6284ad,0.003748596183008665
ck_e5cdbfcca2456652,0.004218513398881461
ck_13f2560c6a1ec62f,0.008300162845496289
ck_a0543e9b3abe1001,0.026916256473297585
ck_11c7a58e09e6547b,0.02093930573553516
ck_69587a134d43a4ad,0.07369703511662713
ck_28dc0de0ae291f37,0.007836731163075863
ck_298922703c5bbe05,0.01861241467908284
ck_fa5ba9ed9ed6a343,0.008125838771932185
ck_c08e64d424e56c05,0.03899472942169245
ck_598e036a28262aeb,0.0239088078561391
ck_3f7c870510083a51,0.012971152266410204
ck_364f8203a3e98d36,0.5889093558705312
ck_7333cedb61506ead,0.011181917107808739
ck_1d96d7fd65f208b2,0.04026707830569802
ck_63133a79f23e2627,0.046845255532361296
ck_901d820e0b72abae,0.002933392087058488
ck_5dd80b3c01457bd8,0.01215617895951612
ck_c0b8067c144ed6c1,0.024650450237048767
ck_cebb8aa8c8f62c60,0.00468413595467104
ck_79749eca42ff1f5f,0.010547305544038856
ck_2cc1d9b587f6da31,0.013726213431416345
ck_ccc7916b56d42195,0.008066585065668628
ck_e43e53cc7b8b8e41,0.007059939694028648
ck_4ab74a6e7450416c,0.003922214203806156
ck_6e44024e9de301c6,0.002802009391876524
ck_dd78cb6ae2866cc6,0.015435357501563255
ck_c363d3b050baf3b8,0.01221373686175604
ck_2d46291975f0dd08,0.0049548380331728105
ck_76ebeb5aee42f041,0.009721180530609108
ck_8395f004cf4d4c08,0.00957426829045448
ck_de7259c3741db179,0.00999605955493368
ck_3938e92585df2b34,0.01881914817045975
ck_af69bfcf4f07d932,0.024402277985004894
ck_1723900ab9afe374,0.02934804572825301
ck_3d58628d1c853c8a,0.006544459468664138
ck_12a074db100481cf,0.015475832991186914
ck_8716cbf892c50e29,0.03866622053799913
ck_fbf7351958ad9615,0.003831012616673865
ck_a50370907e6b397c,0.011050385999449141
ck_937402a60df0821c,0.0030607010686593836
ck_8ce9c5807acbef48,0.011617912060973354
ck_acf7d65eaaa4c31c,0.003087291563044106
ck_ec3eb6dd0967cac5,0.04057289953329021
ck_fc832b0c90c9bdb9,0.8491371745857308
ck_8129e81cde280131,0.021912232199495695
ck_52c0ef68aa2fb8cf,0.009245133624788737
ck_06f042e9b1b662fd,0.0799659365693499
ck_0bf35dcf7b38f650,0.008158220051793511
ck_615763afc2e17a7f,0.003458469835434697
ck_e72db9d4b2fc9997,0.9677121856053834
ck_13757bf0eeb353e2,0.004948982565496105
ck_abaf371ec8249c4a,0.024488563912777345
ck_9b7167da0920c37b,0.022718771459479356
ck_2e824b0b27494a17,0.013425178949243851
ck_9a0b605e9c3220c4,0.013847784495269822
ck_a5276af466b681de,0.003996943290848931
ck_9e0383e1fb6e214d,0.4184769743072646
ck_6a27c44b691dbfac,0.002646395311918025
ck_af39767cf583905b,0.012604005493488186
ck_243b1b9fdd3f9a74,0.006366649299003778
ck_c0422e638a9c6046,0.01471032798967239
ck_e0f3ea3373dfc4aa,0.01246131364750485
ck_d56ee1654378ffc7,0.007448159551466762
ck_20cd2f5666719baa,0.00330930119400001
ck_4dfa1c1e9b69fcc8,0.010609706715207664
ck_5d22e9ca1d15180b,0.7859131943125798
ck_f4a7ac178fd55f0e,0.0033798418777052598
ck_fd5609bd23a1eaf8,0.00813640705817888
ck_49c3bf13dc9471ce,0.016630989718835913
ck_724085c3452d4693,0.2951078180075357
ck_e5d1462846154a75,0.006818096538700117
ck_c69ef0f3e7d6acf9,0.05116043283219884
ck_a2d0417791d4132d,0.011935052409173873
ck_00a07fc2a9183c3a,0.005263439550353173
ck_781b8288e54ba8f8,0.03487821183457017
ck_d74a62ab3804a81b,0.008800273478345558
ck_abcbde211b6267f8,0.05836550483441829
ck_16dbafc035574654,0.005221268294379696
ck_018f780215ecaf38,0.013819589207896837
ck_0b259620eac51618,0.006987023729502157
ck_4f875342394c110f,0.017634534598846265
ck_399e45e5fe9beaee,0.007970617710665807
ck_36224a2d394ebfe4,0.04742957210258347
ck_c189b551bd111332,0.0037831481974766657
ck_125c5a720ecb177a,0.02989959679659533
ck_76d010aa02eb477a,0.004376482080123855
ck_1071d14c46c92379,0.8073271599998801
ck_61d244b2cde483af,0.012014777456080879
ck_2ff1860da2004c84,0.003324324496156257
ck_c5b583490198672d,0.007910708698997812
ck_1294f7af22fade11,0.04031043852944752
ck_e3a22799716df39d,0.006465738834147174
ck_c77e22834ef97005,0.7787782100869745
ck_73d3689728270a2b,0.003994607719627041
ck_295565fbf77ef885,0.003946391689342145
ck_80c0a7f54ff4895d,0.011470730839268651
ck_f1ef5cf7f10b16c8,0.010049055457609233
ck_a958b2461ffc21a2,0.024067690757131936
ck_0e7899a57cd617d6,0.003699783522175937
ck_9d4fed252718f58a,0.00718046253386014
ck_83c2c34add971d76,0.002929737321238678
ck_9ccc030ba2de9fb2,0.013090826595761846
ck_cd691e3466fb3742,0.010279353531474404
ck_49df70f908dfd069,0.039578820638842604
ck_362ce13eec1e33a0,0.0034910553434179805
ck_2452a30397dfc54c,0.01000640553358817
ck_a443d49c2b4863b0,0.008136004160814827
ck_c8b2e2cb349dd0ff,0.00907215943620007
ck_354909fecf5da8cf,0.008476146695491392
ck_841f598bbd54c83f,0.009428384311562388
ck_cd6fbd4e8724f994,0.029863226108500424
ck_e0b3158111370118,0.019951197097885665
ck_4c2f2eb657c2c60e,0.005128401221785475
ck_ef346071f0b7654b,0.008763263085259793
ck_f3bc10e3decefce4,0.0045478384887392255
ck_189b6fbe9b9192e7,0.012798147556369646
ck_5245cbc5ff4d4fa6,0.006774512006855228
ck_cb42e3be6fe87f60,0.005611062048563262
ck_966d4d713cbc7792,0.0028018133518288254
ck_1c8c969667cbaab2,0.8536805141029156
ck_d35e3aa9ef5d405e,0.05223421130259633
ck_a1c39df50a5873b3,0.07084773924939498
ck_a152165caf295b51,0.012371480664070908
ck_891eaedae139828e,0.0035235597909388052
ck_1a46b56f4734d52e,0.011298585532406254
ck_5e36042cfad96c99,0.6445855381946003
ck_02a8582c2603e675,0.009004048647413379
ck_6def9d0429e4ed4b,0.018888087969299118
ck_e137400825a1e3e6,0.004596239612117777
ck_d91ab840848a54fc,0.005637091325313942
ck_becb6e1c608e0078,0.006665534879055204
ck_6fd8c86ac719d7eb,0.035020758047478985
ck_3ed4d13f12fd9d0e,0.014148403546776978
ck_007337aa99a4891e,0.0028514301844180597
ck_60c3d8306527a08d,0.004459189188627643
ck_95458880a54df0b1,0.28130179379680625
ck_b48cd8593533fc1d,0.7717416206406924
ck_021c6a4a7e3f1f0e,0.004956198443120778
ck_764d40f865e710af,0.012055760529271906
ck_4b84357ae8ec7777,0.016373416185467015
ck_3397c7856b4669a5,0.0048769131608153715
ck_920bb003b42e6310,0.004002577215115379
ck_8f59f11b512d5b7c,0.011270093451743696
ck_a3acf4b986afa98b,0.7925940054846796
ck_e89d25ed7bdeeaea,0.0052617160804487514
ck_70e6bca473bf6902,0.006424524984946466
ck_186161ce152836f5,0.009488458011455297
ck_9191579254663f5d,0.009913560238711224
ck_1e6628879e9d653c,0.007189993185523257
ck_b498fa91a0776ff6,0.6476834190258275
ck_cfc2384f22954830,0.02517478108028128
ck_17673a1c2867888a,0.003385201466213388
ck_523dce06515b072d,0.014101656197701911
ck_c20638a325ead2e4,0.006622594778892814
ck_d3877e1f907cc148,0.014756478577326945
ck_e9a2495dea8675e2,0.019474483429061402
ck_7e561caa5fa1f3f1,0.011563572792119016
ck_455672e652fe1abc,0.8893117954970264
ck_7f8f864fcc90ca82,0.023765902720145733
ck_1ad36046aaeb816c,0.003948201447007075
ck_de056e37c82e8e00,0.009807798115557698
ck_7484c214c889fe7f,0.023293476383678922
ck_32430e678c4f9f53,0.005432763405519332
ck_6276ece8f80ea799,0.014125332116537747
ck_ae8e5dc4b725bc25,0.010492344689479526
ck_f01be92dc78a2dc7,0.010974298787196229
ck_233397a8bd40d38d,0.005603067423598456
ck_f8124911450fdf31,0.7774078588134167
ck_aa0a3179f1111674,0.0074661865608563775
ck_2366b29ed9887a5e,0.006028441245431142
ck_1f22f04dfc08cf27,0.008206118838308412
ck_b62276c3426d680c,0.011108339894816306
ck_d099fca88691f66f,0.017463749138821778
ck_166bd1dcbaf4d6fa,0.004567075353585309
ck_7b1660e942436e12,0.026430618979525793
ck_4a9a791a1d409a3d,0.01577844148416339
ck_b003e5b54df65db4,0.016420159941929656
ck_64b4dcbf436f0b75,0.009127256911019335
ck_26e9a7bb2061a58e,0.8266780677734985
ck_08b77ad5f8f73007,0.009814261170309369
ck_366616a725afc6bd,0.016210311771106708
ck_934fb5064b6eefe2,0.00318495852215121
ck_c6abd5d57b1009d2,0.004421191591575944
ck_edcfa9e1cf29d813,0.01652057977826387
ck_c30201ebd003fdc7,0.007348269549049559
ck_c54643d94d3ce355,0.0597728446911658
ck_02adda6e91e49650,0.005717989261027163
ck_5b73d7c5255e58a3,0.07317047444738786
ck_129ffae92dc01408,0.00335223504230332
ck_fa321945ebedb916,0.0071012310173167725
ck_8da980cb2e1e2bfb,0.011120303610944906
ck_0576b00d728bdf19,0.008597139417294576
ck_c543d82e22b3c8a5,0.0031794381088161286
ck_0027ba644f9ae2cd,0.19525470665523292
ck_8dbf61df902a6bbc,0.004221156805109261
ck_90eeca1cda79fd41,0.0029892261473554635
ck_86d7127391d4e01f,0.0028502817010421485
ck_73762038c7ff2f6f,0.003971068328704276
ck_a1484e6215fac651,0.8737787003734077
ck_cb83b9f806e90dc6,0.017791785981717413
ck_8c6f059c95872126,0.0037747879556753357
ck_3174419a81e7caf2,0.0066537509985109735
ck_6a0f8f8fa4a3c2bc,0.016930471884075843
ck_b5777605668bfca1,0.0029751354968555327
ck_27e4de495abb4d15,0.011606778020278558
ck_7f6fa79c7a107161,0.011606198121871348
ck_c36ed9f8e6792ea4,0.010429040304094523
ck_67a1aa88d2ea554a,0.01238206845931068
ck_09748dfe4df3d540,0.0038996428471053646
ck_27fd85b1e38b675a,0.002759336975971429
ck_2369689bd795ee10,0.005854993479765112
ck_4eb1c12f7d092bac,0.006193472609031496
ck_01fbafc42c8e33f5,0.006006754631723357
ck_93c4e05699b3b7d0,0.009352190667756907
ck_afc484d1b6907983,0.007288822809355293
ck_1b2d9cae92a1aab1,0.030667611606829154
ck_73b729cb161487f2,0.005370422106016147
ck_fe3c1d0ac090d960,0.04364086551322944
ck_408efac1d3885ff8,0.01766068471358908
ck_ccb4dd9d0a48a76e,0.01036983557280312
ck_2987eab34ca7805d,0.01683089091984189
ck_1dbf1f15193197db,0.07312436729453708
ck_4ed711fe4053e74d,0.045007606609441315
ck_6c54adce174f45f4,0.003653058218285532
ck_a6c740041faf0bd5,0.006794582968702676
ck_b05c4d33c4f43639,0.052070071343847404
ck_032880f1114dd51c,0.03509283292619092
ck_22311b037456a76e,0.010050390822534004
ck_5866b413549765bf,0.007158897311531609
ck_0e808afe2570ecac,0.010134817957744393
ck_634276b05f4381f8,0.06244918309164886
ck_5d8773badd0d4740,0.01101156865706221
ck_82b5b79ce3517102,0.8230945408497897
ck_b378b8d8100ee4b1,0.009866594636620032
ck_54e581f71be5430d,0.0033707622897509275
ck_798ba4b8aa544fea,0.00789754257421739
ck_3fe86b6331ff95e3,0.03925103276005202
ck_81275d9d4c559e6f,0.008553741159288164
ck_99a4e5ef02d89493,0.008053213664280821
ck_54e2eb018d947790,0.010737620661568525
ck_966901ea9c77cc02,0.0026489255150245515
ck_27d69ff4e0cb428c,0.0436036959138171
ck_2cee2dd7bbfc09a0,0.8220890346280196
ck_4136b00924695ab4,0.0030651079133129752
ck_59a164c40c03a45f,0.0029676753884586024
ck_3e24b026bc66789b,0.003098247590101533
ck_8105bcf69a75ee47,0.35119397006390696
ck_7a1782cefe26a456,0.0324118794393707
ck_970c7dc195161272,0.0037978321340977764
ck_a48ec0c00ae20e82,0.030499140058296542
ck_54b374ade34e1dc1,0.004523716494605391
ck_74e5dec189761d14,0.007504742269814307
ck_4717f24f2c6f40e1,0.019513897611899655
ck_fc8cd8a8209e802d,0.012222073710318419
ck_71db4131d7efe218,0.005080116715703722
ck_45424ea6f0bc4650,0.037373031166363105
ck_3716c6181a5035bc,0.01609326971726673
ck_26de14b96bdad4f6,0.004984935345072642
ck_99c0a41ac9c73857,0.002888594158463366
ck_645f15bbbcff3b4f,0.9623277275435795
ck_b7e25ddd41514d4c,0.004188670433821158
ck_d5c14e877ca7b755,0.008412584823894276
ck_05ea4440dac6cfad,0.00986347489349145
ck_c58bafff7b1955cc,0.013772531091739306
ck_f0cf85b67a9b840f,0.014591336575539654
ck_ce1500a7f0d03fba,0.008197239848419361
ck_d4972a775aadbbc8,0.009879750684801203
ck_3eb6146c262e0fc3,0.004901542234733182
ck_afb23858a4ef42ed,0.9714451787191111
ck_2c1def5c91c52a5b,0.7412349767027077
ck_72e550559487b919,0.009953544388738085
ck_0284dc2b4f856b3a,0.2807019264029235
ck_03be334935e999a2,0.0040132654054286935
ck_e35a4b4a3cb4cedf,0.013502491861047175
ck_5abe57dfff4b735c,0.003247217498069694
ck_f5f87f772388efa0,0.021456739487270046
ck_5a22cb36d612236e,0.006762964986183791
ck_8ff1e6028e764472,0.8465743082588892
ck_2ab28149b0986642,0.8404529344008951
ck_c88fc1bac79fa6d3,0.06709392056114856
ck_5b137d74bba6b1b4,0.005066814620840172
ck_11f362dca2dfaf5a,0.011410736666110585
ck_7f960541e5174565,0.007612553970679262
ck_d5458ba39ae94498,0.009279115790310332
ck_0a921a73a90c2e39,0.025315985974109917
ck_6ad56ef40086dbe4,0.007077023502205836
ck_b68199ecccf2350c,0.003621349044821612
ck_6dac66c8198c07d8,0.011362751089400549
ck_9b9ce7bebc235fe8,0.0033178731762671192
ck_6b817117d87063a8,0.02800267870055818
ck_900d62b3184378c7,0.0029162304136528235
ck_eafe9b89857149b5,0.008982832586872441
ck_e74716a525ee5b24,0.014038553435533896
ck_4e9a6f06ab134102,0.01079532629971
ck_b0d33b5a3716661d,0.05371020873976205
ck_8703543bf3134306,0.032107015522038956
ck_923d6a0f83accef1,0.01070709574048543
ck_52e37e2170532e2a,0.052630625013586674
ck_c1c5ea839c58958a,0.009669818544305337
ck_660f0006780e87e7,0.008079629398393717
ck_830b2c5d1818ac07,0.044930182214396805
ck_b080ff636932d1f1,0.0034342866094996235
ck_38730aace405f2ae,0.9742546235219246
ck_9790138467a06223,0.0035935972571404127
ck_10de0b0d86b17839,0.005289980340448206
ck_c3e37a4d3382c32e,0.008120483673931615
ck_dd8edfefa1eba531,0.0035956376557394433
ck_8153cdadd300d234,0.003975024408989659
ck_74d0e7c2c6b63d36,0.5584846643764705
ck_c478aae3031bb328,0.0071178718575321525
ck_cf301f2194975866,0.020343377265902907
ck_f4de03f44e3a5bd5,0.0027280240078907075
ck_b06ce826e593b210,0.01632971770371878
ck_2fc70b6baf6a0e26,0.008498605541008397
ck_d208494cf5c90047,0.015396057482303434
ck_086d29ccae565e5d,0.006258430009140795
ck_d5ef6dc116dee408,0.006746018996448602
ck_fdf0c5b722d83464,0.016202799342042187
ck_de8494b13adeffb5,0.005077458496341274
ck_556786868599143b,0.007643778945702886
ck_4940e78cbdcfecf3,0.014408917202637522
ck_d32fbbfe32c00416,0.012529692740967685
ck_bc7710f7e9fae649,0.0028512943061517852
ck_416f7ac57da081a3,0.014327454191797295
ck_6fb39b60c67d5475,0.006722687995615118
ck_e40a156511345d6a,0.003229207053842835
ck_49ab879b5aa7fccd,0.05131561149199972
ck_bb643194d1cbc47c,0.9773027538009245
ck_b3ce8f1bcedfa043,0.013007651560615022
ck_558ebde8c29132a4,0.015501650186658172
ck_e6222925762273b8,0.028739205300029158
ck_bd80546b4807dd59,0.012839587091596652
ck_bd21164bd2bbb635,0.01164188770919812
ck_ea835557d7043667,0.0063480125935396784
ck_1411a80a157ff39c,0.010102767978929336
ck_ab973888c20c9120,0.05717548390712327
ck_95b48972061abe82,0.008239888166678049
ck_fc4a43f8876bf10f,0.6041589218751549
ck_f34fb7ccf82f41e5,0.007156600162325685
ck_5af9934a56801ac0,0.010994901825413513
ck_fc7445ec76389a58,0.7357707990775488
ck_1eeacc26f02fbba4,0.059761520921635926
ck_4f325dd15c9bd45c,0.013195073993096187
ck_5009a6c8bbaf15ba,0.015020193628244046
ck_0f3de7f074bb33af,0.005553569673140556
ck_2cbc2f93a32eede8,0.028171177039495853
ck_4bb90a61c21a303b,0.013187477075296166
ck_3ade9eac7d7b0dbf,0.04238784408366946
ck_4859a58629622915,0.012533518270247693
ck_5fed957287ebca03,0.0042310309718595306
ck_ec01ae5351500355,0.0041444782916824656
ck_703b41624ae6a5b6,0.004485749990384631
ck_97c38e7f61c27e47,0.009757330503160572
ck_db2c0908150cb2cc,0.020759871776966473
ck_64ac5e6fed86ab60,0.9675840469839591
ck_da1c853b0a061e83,0.03823513442235797
ck_9a36916b60178ded,0.8494367650760374
ck_3715bfa7fed2c675,0.006705490994226906
ck_dd3feb77d7d4f6d3,0.03299690654633329
ck_982ebb24174a4ade,0.014044831895179053
ck_f6b7a10d47dd9a1f,0.006785935112858436
ck_1f56fe99f250cdf4,0.006459370546633342
ck_deb3ac0606d6f6db,0.04262258815466636
ck_e666629e5a41b39b,0.008312705413376191
ck_756d2c13d02b3e09,0.005143354771110329
ck_7bc752ae7cf5d55f,0.007088781226340879
ck_fc0cc4b25e6a8194,0.0045622528126447225
ck_9b2b0e286de78a1b,0.024940861151102063
ck_24b0803447211bf3,0.018150034790780017
ck_82eed68d05a42128,0.011015770678237091
ck_c8a03c516ed5b05c,0.021107269985124796
ck_e914974cee1bccb1,0.010907193193510552
ck_0c533ff2d0f9962a,0.06522923618642719
ck_c12805fa5d970a83,0.011426433910056995
ck_fc2cb29918631f10,0.039057008710892974
ck_c20e89afe575549b,0.005105037026146029
ck_e1ff9e31becc27ae,0.019867786338816324
ck_18116d0ac08f1996,0.7639957742245544
ck_885a83975cea5e64,0.02313913833827208
ck_a0c3059a959ba5d1,0.017818869770270376
ck_75257ca7d7da2861,0.022164489102468148
ck_2210f7a0d13bdbef,0.013816409589139513
ck_9cbd9ecf8374f65f,0.006594431332322159
ck_18f67c00ba21fbde,0.007209361728061739
ck_2d28f14d3973d8fb,0.004422690362271686
ck_8b3401b44aaae728,0.003606589052838632
ck_9d8e9ef37797d3af,0.2232353925298471
ck_9f50920c894f64e1,0.009034629794146421
ck_4737e0d56c6fa0a1,0.009178570253711568
ck_52c311f29ca3aca9,0.0033430275004567946
ck_6a4981bc721df37a,0.013250758113447966
ck_823539d936c55fc6,0.0028589318326735897
ck_df5aedb4118020bf,0.8109849115427137
ck_a911a066ff0f7b56,0.027578320160542718
ck_684609767df4a14b,0.014456289436366062
ck_f2350bf355dc919e,0.019686995901796008
ck_8452b6cf97c65a5e,0.008657060140651308
ck_084cd84501012218,0.36291752339446715
ck_ace6b72e5bf3e93b,0.04891240916424008
ck_2afdd69094c955c5,0.02274608326016287
ck_fa7d5be26bf7b31c,0.03612929691741847
ck_4b041217690fca2f,0.012515549194313733
ck_9fb8e3d38cdf276d,0.8305489511599126
ck_c1ee56d65a42f59f,0.010702149108282695
ck_fdeaa1cd085691f0,0.02171548433468424
ck_5de33a7a87e9aa62,0.03799317923903289
ck_7476e7fe1ff45545,0.01431164888349313
ck_b0a947b498e47018,0.009210119905774772
ck_e3894ed88a7977e4,0.007008788777091745
ck_c7e07ebfb0bc15f6,0.01654896656730013
ck_3a3daa8b376f2a18,0.003255479627230181
ck_87809324c2675b0a,0.01892380916195044
ck_7eb4f33260f1dcd4,0.012408145779695349
ck_ab9f0e08af030060,0.04071936996826361
ck_5b8fc4a76f340797,0.002618120084193314
ck_0e7bf10ef49aa818,0.041235806353743264
ck_a44462a3853ac67e,0.9750572810967256
ck_2d14bcd2e0fc043d,0.006243494541058041
ck_df1f2dba802296be,0.9673038760675418
ck_466a7316eaf149b1,0.015478638339164238
ck_50df50af592b0c06,0.015467721572149085
ck_5f9e34c849704b95,0.0028810148595211854
ck_7836bf6def26aa87,0.007670871418329089
ck_ba175b1bd8efaabf,0.008273894531840405
ck_1a0aac7f7b94b1be,0.0886807682185004
ck_6768c4b2aa8ce586,0.014141706917229463
ck_eefcf0ed15897898,0.015289547095044482
ck_7a6cb27e390b6ceb,0.005493477861859432
ck_5275be4e1577c1c7,0.0037816823778916613
ck_6bc0e5b8c0b7d2bd,0.011523655820284268
ck_4874bdec79f9106c,0.020686623081198605
ck_a678731156ad7bd2,0.14991433317918526
ck_db906debc36a5d1e,0.0472552956564703
ck_e87897767c612942,0.027442337421917602
ck_45ed5ee496ef8a67,0.015456853308063007
ck_ae20e28f9854f3ee,0.057362489836359096
ck_9ee044b73943a90b,0.012896811996532805
ck_dab34cf6f0626c9b,0.008787500923559358
ck_64a02b7b96149810,0.005045439982420294
ck_c417d06f3e94685d,0.007887228288260491
ck_3e0149cdee4cb294,0.008611776078471089
ck_0e6046fc30f81705,0.013097010144442917
ck_c383aeabd53e9c89,0.030857607708173456
ck_2ef76f1f36e8b869,0.6313593110894511
ck_43948784650bb9ac,0.015280480830222015
ck_bdb966f43ac350ee,0.0421317211052308
ck_5bea0e0ee0b094cd,0.007359779925759409
ck_dff090f03ca5529e,0.0027723594848344827
ck_a4691b57f837d88e,0.012400175743906953
ck_99ee90946395d74d,0.9484838859242604
ck_cc81dbc83a8879fd,0.010460328788273908
ck_f3dc0725621b3a35,0.003985401224743508
ck_1bb212d1288b9689,0.020688038892961162
ck_9e7278fc7679f002,0.040607938615574546
ck_3ded7a8720d7e311,0.007580166192480425
ck_798157bcdb9453e1,0.0033251847637767893
ck_9fba80f56f357fe1,0.013997406604502985
ck_f1e1c8491f16f912,0.005787136528674569
ck_7b1319a5ca2f63c6,0.963500624248286
ck_124432fd5c92af7e,0.8051746371813451
ck_148cb0c723284dc0,0.006742680014461998
ck_b56c62c950eda009,0.005226106441411464
ck_a0498755cd8d7188,0.0039553997948430595
ck_5379452a9d74efae,0.004087368191471267
ck_6c2453229d608183,0.023583410105905655
ck_f9d8b4813a88c1e6,0.010127783008766274
ck_c2c7d1e45a521857,0.02529144635629609
ck_4364a83a11743888,0.004298504431193782
ck_2cdf5fd97ba75e06,0.7184541877514703
ck_71bc01291e0533a0,0.004656110373874075
ck_a725d7aed2a0bdc2,0.0033943259765630298
ck_a9b0c4dbd7db6a91,0.025834565113717834
ck_a4258806a533efa9,0.010763820102149688
ck_905e460591d9a278,0.0536123921728486
ck_20de8abfd8960ee3,0.01744313847705258
ck_252b0a0f1119b220,0.004017746830873422
ck_95e4bef65c36af1a,0.0023483271462212325
ck_5ab68b434ad53fea,0.009524430176442633
ck_13677a1957078827,0.0026078969684639195
ck_d251e9fa09e542dd,0.9736432359291243
ck_700cb620f300dd47,0.016390340107445164
ck_39a68c55a1bd3ace,0.06734239901461023
ck_61a59a7944d6c53e,0.8871390508695466
ck_db6d1c6d31da967a,0.004079898505369161
ck_650020c500b1b50d,0.0071226216417310225
ck_d812eb6930192793,0.0029021560828354073
ck_92f6ebc11ebca89b,0.01738255338152652
ck_d87e26eb5bc84b01,0.0057002510917733475
ck_66439e697695224c,0.004871453611160906
ck_f21efd504faa654c,0.008288404946511434
ck_15eed0f5652f0352,0.010905958448728631
ck_bcdbf57d98dc0d27,0.06061176534486418
ck_873ceb8004d3a9f7,0.0378501512460119
ck_70bef9ddd4bab005,0.014974995318901693
ck_7560f1891d66f294,0.003230143030961118
ck_f439f16f8693883f,0.014147106859535435
ck_14f9535e53f9c7a6,0.012635205626479662
ck_5984be472d2bc267,0.06971825576761792
ck_ed01be7504dc4187,0.015422103136610396
ck_dc3d8b5c17b67ae9,0.010085103941252834
ck_9dc23031b6b494af,0.007346838532090849
ck_fbdac0221bc03f66,0.01729517509042382
ck_863708a99b92ef0d,0.009801049323371946
ck_22b52654776a1ea8,0.8155236518376441
ck_a0714f98001efa0c,0.02484766514596989
ck_9c56114f84e9a541,0.01140240478945978
ck_e155cf506b2fb699,0.007556876466479154
ck_65ed7e72f24731e7,0.00895131032047353
ck_822d6e8e43befc72,0.7639915607402098
ck_b1182471d9ac6b26,0.0030147829192711958
ck_821446adc95e6da5,0.005670951487616168
ck_ff182f033134dbb8,0.01678686118852173
ck_9c5feef7647b0588,0.037663204143878685
ck_df935d8bdd44883e,0.009553145679644184
ck_01eb24c18ad11fca,0.04903346617431677
ck_00d6730134a1eb51,0.008055995975056521
ck_79ba8e85678d0224,0.01532230225110302
ck_97e3b04a1350f6e4,0.045189644798550185
ck_74e9747954a46eaa,0.0029579764376380766
ck_397d5fcc9972f909,0.054098583697323496
ck_9ede89e8a43c3f53,0.04306128671230656
ck_303b33910d67f306,0.002290538660443977
ck_3c17841636f6f7dc,0.005204508505648385
ck_78730527f8ba1438,0.04399799109779284
ck_5ee32bc6bb5d1d4c,0.050071887942284746
ck_a13fee8cd925d0dc,0.011517427879691726
ck_6f847263379f2e43,0.01828918210224369
ck_9b9d9e579e7b55b2,0.017763755839600943
ck_87c1d0a79e79c84b,0.006893903198542395
ck_bfc453eabb472f91,0.0031721941928036673
ck_978c21bb5fe3171e,0.02717886761567011
ck_dd882323474431d4,0.016262445053856645
ck_533c4f7400d5ab22,0.022672996906227115
ck_5f217bfe28954e75,0.9231640433438992
ck_ae96d35465b3b4bd,0.008742310349434521
ck_512ebe97c0af94dd,0.05903527813341136
ck_f558fe02bb0219b8,0.006860678985310581
ck_84092e23d5ef4d51,0.010601244649576966
ck_17d3022ca12eacd7,0.008306748770884836
ck_8a8f81bf3558fd9c,0.006829418998667129
ck_0ada6fed1864e7c4,0.010074832014129714
ck_21fe7bc59dcd78fb,0.007806105854273953
ck_e136e20c1c74fe38,0.007177935751845029
ck_e7a530e09d113dd7,0.18376712641837975
ck_7cb0c9ded4d63027,0.022308381440858595
ck_102db9615e722c9e,0.042725633464715196
ck_129e39ddfde92eeb,0.0036381340040954383
ck_d730ff21bfd7769d,0.010062243103219789
ck_54459b45d2be8459,0.0059687953498350575
ck_7f1c20319eb60aa6,0.978435401074989
ck_939fede90473e412,0.0062521565960281566
ck_e0f9506a6d5f4a1a,0.004228825442404496
ck_9a4967cdf49265cd,0.29690654888142254
ck_b9eaf03453ac7d5f,0.00595600314986188
ck_522477be6376b450,0.007303454109164551
ck_9b6282e3bad50710,0.036113598207743625
ck_a0e3a2facd508e49,0.06275574019939387
ck_97ffae702f7c3d08,0.0038520923045224863
ck_344a95cb7115ec67,0.00816324167453934
ck_1f2760764afa45e8,0.005932768382149399
ck_720cd658d11ea428,0.022816001238218035
ck_04e32ee9834c088d,0.7164184118997403
ck_2bb1389e5e72c8f4,0.02996463940186602
ck_961e7dbc217cfbbc,0.0027522774074152856
ck_f3bce4eccfa6d6bb,0.0021224060509769218
ck_e0ccfa0d689339be,0.006346225981414504
ck_98217aeafa0bfefd,0.016311831577034315
ck_a02aeec1914c158a,0.014372645047486194
ck_20a17e8f206a14c8,0.015389051722117294
ck_114c32aad4b6183f,0.03153152004153169
ck_79f5198f0decef20,0.004290878376259386
ck_2209de229b4c71c5,0.026961530152210846
ck_6ee939b7f396975f,0.0036643419505084595
ck_202f0c14b07ace01,0.012770607208645517
ck_fa24db9d416ab904,0.0038753781330737626
ck_cf6aa24b92c4d33c,0.7412185158463999
ck_45f57fb8194cefc8,0.007762334410748167
ck_d5eb179dc45394c6,0.01721932380395824
ck_efb24be983342f75,0.009168552504129547
ck_245f5d62ead5ef28,0.0077513195144758365
ck_15fe2a47fa7e92ea,0.0034623254944770943
ck_b6527a85fd682554,0.022963692375855084
ck_11f9390a11ce9ff5,0.037230374790588314
ck_ffb4d892c5158201,0.007327649033995261
ck_d4c1da5a1427fd6a,0.0318930577431492
ck_2c041b1efb1c5063,0.018278597112424754
ck_ecc18f40b33be769,0.0434678549048592
ck_0525349f3945375b,0.02978034646662044
ck_0bfe62e0c7eab9c9,0.015355807233978152
ck_b7c37d410b1646c2,0.006545088550854522
ck_4b15b0746318cf42,0.05769373858644113
ck_e5ee006ecd8ff661,0.01608647964704094
ck_ccc83cf66365357b,0.0119131292011561
ck_34a33ffe8339f66d,0.8977996365505397
ck_4e39e3b165edab58,0.11332381710969526
ck_1a71f8081ae00190,0.9593384320996625
ck_ed8f1200fc049c40,0.8972747769710043
ck_8a5a57858e8c77f3,0.014878206570148553
ck_fff9fdc2adf5100b,0.747622106333798
ck_c76f1bf40f3b787b,0.0021075275718575545
ck_1a6ddfeef82b1b1a,0.00717535379877495
ck_478d2667aa9896d9,0.0053792264468209856
ck_641c8e7694b21f3b,0.007460930908456556
ck_293581d879f6663b,0.9010760202304157
ck_1bfa8abdb22be8f0,0.010118724629141247
ck_05ab5b03d0bf9ce4,0.4383028623776413
ck_35694db37f0cde7a,0.0062765384577938895
ck_fe33eb743d714c03,0.00464381210581898
ck_abd10fbcbaf2b038,0.00744019709889783
ck_46d51648c1bf80e5,0.07208560838654952
ck_5c8390017fabfaef,0.027604766512043837
ck_87d55ca333f22072,0.0045633553697911385
ck_c39c6a1453e2b92c,0.003996943290848931
ck_69ff1b0aa143a168,0.004232835393648671
ck_e57c79eaab35ded7,0.005597141353186852
ck_463ae759e2b6ad1d,0.06555671547742625
ck_0dae4a7eb587f3ba,0.007710068559249562
ck_9b12fb56529ebc4e,0.004471983340909929
ck_1af547077ba2dd03,0.049786983878454635
ck_de13de941bebc7cf,0.0023742468447284716
ck_83dde7da2bf647ac,0.011318068299917236
ck_c80a94d4660041fe,0.0468627610564387
ck_f39cfeb277ef6528,0.003082316056157042
ck_1cec1ed1512a2d3d,0.004021028977809446
ck_7955a359b6448799,0.002981180261777053
ck_8c0955dad13c3ca1,0.003996943290848931
ck_6d4cd2de601a2308,0.020657812284150315
ck_f4536ba8dd2d551d,0.01622501906066235
ck_b379c198d6db2d62,0.013920396841051707
ck_76ea90ebc74bcdc7,0.01028663541907208
ck_734f06bd4aa92781,0.01179294638160039
ck_677e1d0c14cbf569,0.00547691301702131
ck_259271c70f3fbcbe,0.01548526628872562
ck_c0b744eb9e7d4eb7,0.009649440253866094
ck_3d41faeb96802f68,0.009476958420018883
ck_8f604fa70fc3c8e3,0.006545648974847667
ck_0b3c3bea0e0ed339,0.00808505582682653
ck_be5df076b8a86409,0.003119937523673888
ck_6a475fe324d7d790,0.011745756227622159
ck_3ba3fa5387bacee8,0.003536879877662647
ck_324b9939d9c1c31e,0.0037195911229756023
ck_a7fcf7b592f68ca1,0.022833193698070547
ck_5b2728f7cca414ae,0.0036322936341531818
ck_5f4a25ffd0b85a47,0.011498241782231997
ck_63d4f5076fe4406e,0.005731071081598046
ck_af528d66c86f0cb8,0.2527752758615799
ck_ac7cdb9b8da7b5dd,0.03694061103132219
ck_3bece63711407e25,0.018898763706727727
ck_d4e0b2a12fcfc35e,0.006298522147745618
ck_ee3e7c9d3a9c74b4,0.028220353271617798
ck_50d7c4dab837bf66,0.013885834316280207
ck_ebcb93a2990fc914,0.01155194625646903
ck_2329cc9702cdf7a0,0.03410455645592557
ck_db1fa53d588bf99e,0.014324311075265725
ck_44e57a0bad5a0745,0.010107457352245395
ck_472c81a144f4631b,0.0027674459218550744
ck_1658429acd5306ba,0.01138931869917113
ck_466103ec5bd9444b,0.010475891925787495
ck_9757163e25262b74,0.037371856664136324
ck_34ed59bc2c9b0186,0.01641817385869202
ck_b7bd3a7f263f4f29,0.05093719793442568
ck_149662b09d632e41,0.011084828004303406
ck_a9ffd6b3957bd41e,0.007004136680788889
ck_ab80466ef615e85c,0.01407075154522247
ck_f2c824d3473db24c,0.009175262575667437
ck_a4a01fd45936b078,0.027118025793486093
ck_8f6ce158c2902877,0.003974609205610163
ck_5189a302cfa7cefd,0.0024197595336355924
ck_430a3d03be588201,0.006408416531443206
ck_b5f9dd00914b4db4,0.013743094942300466
ck_52dec82e9cf6135a,0.0034531273465399073
ck_95e444a01e2ab4a5,0.013848356601155413
ck_e37cee7b123692af,0.014226844317611592
ck_d68d42858a55adff,0.016818505012335404
ck_3abfc010091d679d,0.009855616795724161
ck_cee4e4e1b62bf82f,0.02202839229355593
ck_9ccb17c35e636c5e,0.004426178328919575
ck_f72a5a3b0d6c1177,0.0038587601352378237
ck_7508aa554fae6afb,0.04832441220675174
ck_003aa842b7ca1d77,0.10055074233483645
ck_83b2b192f41ee2bc,0.048114112474389334
ck_64796b6b2c3c7f06,0.026031169721849757
ck_6438ae81d43cb196,0.004142586437728886
ck_2bd73d9098504760,0.034980288266093104
ck_aa8b9b36a099e4c8,0.04723858356576567
ck_e5ece47d0dd10526,0.009473029289913008
ck_16077ac345472e6a,0.011881715189624885
ck_a4d6e152b0076964,0.008462275140899419
ck_d90b1d03ae151f62,0.010596750563504873
ck_18b36d342b530af4,0.016140926420861124
ck_2a01e610348b84f8,0.018936253748288036
ck_0a93ed76bf36c8b6,0.03396586827562565
ck_3d56b477fe2370b6,0.017634691681618915
ck_17ab3068fa303682,0.0033237561045291533
ck_592a3520d841d11b,0.051608558565329546
ck_84d07028b5fca2f6,0.008451940993528946
ck_f4a2bb10afa85743,0.008946433433132237
ck_4fe4b072f03f2c1e,0.004617980959112254
ck_9ad08fcc183ea1e7,0.004312810437449726
ck_130d3848b9dcdb05,0.007344044575830981
ck_bb399ed6bf28c230,0.016214112887678538
ck_a31a64a39a2c4941,0.0056566899401364334
ck_c49f25dfb39909cf,0.006342375299909197
ck_55f50a9ae2db8ff7,0.006964914892421609
ck_09faa4e771cf876b,0.006165909664765755
ck_df520a7a6e405889,0.026743592830165287
ck_8c8c98cc694ac900,0.029153360139699342
ck_7f0c4f609673ef62,0.01357095635472921
ck_f51fe59cd445d2cb,0.002902927360536379
ck_b3fb83f0d772a831,0.01457572410102139
ck_d6e7e257751c299b,0.005950389167334897
ck_0d362ddb4a1cb6d4,0.0067621357508021816
ck_a574a08edaf81781,0.005576819790258689
ck_a823f5bcb0e4b9df,0.0036818088494035748
ck_f792586ad0381eac,0.011180570545746223
ck_54bfd70022c66983,0.010131234843690601
ck_fe0a9372c9372de9,0.007802883415459816
ck_5691cd6fdb6d8147,0.008872334854866699
ck_a95f212a02433d23,0.0190381570021927
ck_f5adad75e1c06731,0.016606429295240137
ck_e09c97520eb0533c,0.006038169109355062
ck_a1e13c0d58560340,0.004264010686609882
ck_cacc2ca410cbe80b,0.011323849516898769
ck_c0dde2a6ef1e08c5,0.004167883584472778
ck_a04403073c90ce38,0.0026329513097308314
ck_03d3026107175dae,0.017410636972781748
ck_50176dae5b1b716d,0.011272966272501326
ck_6c084bfcb38e96c3,0.0238301536974607
ck_36d2be9012f7909e,0.03819226187545351
ck_958acf84c6137a22,0.011383997238091473
ck_114722e12db90a73,0.01595177702967744
ck_203c2a22c0c165ac,0.010646168467489225
ck_2c44ca550e5cfa82,0.014876237699889511
ck_df0a8f20ab8f14f4,0.015248701815464177
ck_826a27ff7555192e,0.020089577196014705
ck_09a988ebcf062297,0.08746003805141918
ck_5c82444b3b9160ae,0.020284544061727174
ck_f6a4a7ed27fe76fc,0.020366706652448555
ck_17de46314b5c6a92,0.011103390610999093
ck_335e63101b1e6c4c,0.18606725257538356
ck_c5eefc0697451de9,0.0101955779984217
ck_49a0efb5d4067b6f,0.029675081505317384
ck_c1f4509c8f5dac5c,0.002783490503799758
ck_57658eda1c59bc52,0.004514270323578457
ck_0d5c0736ec76385a,0.0038704604477735314
ck_e0239e6ae30795a7,0.011072117627429075
ck_e4459115cd8e5e4f,0.009794479897385378
ck_bb4aec09d4968dda,0.027089963257033445
ck_a1b4c96faed3e0db,0.01080750441059133
ck_8247b79ac67aae7d,0.005790705049380888
ck_fe2fc7d6e5d83f09,0.09310695442707004
ck_f6aea576cde8d592,0.0035411826395376537
ck_b7e7f7d0cd886412,0.02014282942684443
ck_ca7b993e8286af7f,0.009876591958745991
ck_47de038381a9cd65,0.20425698127398687
ck_d38f941d09eec820,0.03315088846857395
ck_d9ba2a6c0d926b4d,0.003602473523542816
ck_cda72f597330d0f3,0.0041597033901609555
ck_16d2d27fadeeacf7,0.012096238821917665
ck_be05447853d423a9,0.0028900132240413145
ck_cd92852d7376a4a8,0.005103217531659811
ck_2faf7ecccc9fec58,0.0038004547454125294
ck_db8733fd92f20cd7,0.020362717349765705
ck_a9989a3a94c26634,0.011820351047161995
ck_957fb25437c75e41,0.052193843296466126
ck_e6a6caf6e7de17c2,0.005678109812083989
ck_f7bc569b37e8bdda,0.0077704748915236
ck_703b375dd86a6124,0.009893221261756124
ck_d3cfb3603f2c6ca3,0.042107142520609715
ck_07cb2b6f2a4303e1,0.01345000942493899
ck_31631e2028d4f855,0.008841254580776762
ck_1631bab0ba1256db,0.02651121921312462
ck_5fdafeaec036f016,0.021671069194384378
ck_6eda4c36aecad602,0.004877661354099701
ck_bd1bf9e3e29de281,0.049352236711114564
ck_bf378ea558a4125f,0.7695778114844317
ck_7aa2deeda0e57412,0.9700131377342454
ck_d229cf7f5a3f38ca,0.01092852211811431
ck_9e109edd124492a5,0.008310587252302213
ck_779491819995625d,0.044025491328602784
ck_b89c6fa2ad0a12f5,0.009289081484194061
ck_1d01b4a609918c4e,0.8418237472973604
ck_714c5d7cb17bc9f2,0.006214128776671417
ck_269f1746f2609ed4,0.010719269428169304
ck_4be03a2aa62b93c7,0.003836446699300879
ck_cf920313f6dd28fa,0.005975132425605123
ck_fb00aae4e17740c5,0.009912045041192774
ck_085d8c42739e2b10,0.9669405908406116
ck_c72a7d0d03cf3e17,0.1136979198517269
ck_8f6ca5d3b17eac6e,0.004353006744078949
ck_d9573100bbff4014,0.2068813963651519
ck_79d6793d1d0cf43c,0.006094232522116665
ck_91fa5032f7aff0f1,0.017844665064942707
ck_87110d84872c0fed,0.010448943973852666
ck_8220da627e9992a5,0.005936684036413587
ck_2ae44938847f3852,0.011018525886782463
ck_b0f191e44f9b6f35,0.043863851102666766
ck_3049d744b527f4d0,0.008553008800170311
ck_47d3e8d1dd3fbcef,0.017910701050778098
ck_ddf787359d2b5deb,0.00819219268102899
ck_b27a9e39726b26d9,0.0071157981137976115
ck_80c4e9274cf976b6,0.9696314148338961
ck_c6afa913168ce8fa,0.0037873931762347768
ck_52427b3f8478db19,0.010134898226012042
ck_3b810f15ca0eaa55,0.004727619076369842
ck_0c9e420f97baaa06,0.856309756003063
ck_f8540cf3a8b2f8c9,0.018678054821134882
ck_1402d24dd623df72,0.01232185075569836
ck_eb4f4267e24d042c,0.010426584054539792
ck_6f661b428d6fb8e4,0.013951243929187104
ck_519a26ecf3d29c90,0.0028723220789102994
ck_e886ba71d4a6fd73,0.009206953784664514
ck_437f9ecd2016a1a8,0.00928699986815705
ck_f01af1b0c977cc06,0.0070644440102056545
ck_614f777c2eb5d537,0.007508609410337394
ck_b804e784cde9af8b,0.009331644722561854
ck_c2dccbc1b24b137b,0.8606274211372034
ck_1df4a1781a0f6999,0.01415373853524265
ck_bd2cdd53fca26171,0.017989403893692194
ck_424c254249a109f0,0.018030094893046043
ck_cf2ca4f286e289ba,0.024471951412309734
ck_6c33cb15b0d8af54,0.0057649415331510545
ck_311d395fa9b8550a,0.016947160474954287
ck_9f792e7e721ff7f1,0.0034236374719362403
ck_4c37586080edb7fd,0.002746589415563887
ck_7c4f42c5397113b0,0.007216953054143526
ck_fc418f53ce4aa579,0.9666905206457235
ck_1ba28fb7ef726ce2,0.01627211663545055
ck_d932f98bf6b83956,0.05384936188005065
ck_248b3659a9239240,0.032688512528917815
ck_6a92cf5f4cf5de38,0.007236084641961249
ck_65519d0fb137e0c5,0.008198306832229912
ck_ddc3fc99eaba2064,0.011354128148941345
ck_7310cda3bc65a73f,0.0037473271782294754
ck_c01c85bd631d4054,0.003261415490193653
ck_b4954d16b9749829,0.009241694889129334
ck_f301f6758e170d66,0.016618703677184914
ck_9bf95f8c47e7c7b4,0.008005392962725632
ck_c91b7fccf6aeb4a5,0.013071587172604805
ck_785fa45e86bc5e95,0.005901617821550716
ck_2a65f1cc23f1180e,0.003379842169441772
ck_a49a2c1f881a3560,0.004162107708592236
ck_def344d68f06d749,0.03712813741943735
ck_abbd1465fc730d78,0.00754559780057479
ck_07a5610ed28162fb,0.0066301630035811064
ck_7ecdee2d7127be8b,0.015758353541471225
ck_67858bc00e81490d,0.00358527063751705
ck_b4ad165ace910222,0.009141072107671145
ck_30753ffe481a1b8c,0.1375965910722247
ck_c401a26725b17177,0.004707034191471443
ck_819988d8a7f26415,0.0073546640154995135
ck_3364a1d9261b3638,0.007034470648149957
ck_c484c5bda389bf20,0.0027808759972707047
ck_ae416325fef92c9d,0.8477040626344394
ck_5517b9a865960542,0.015669550528726612
ck_a0e96fed380440b2,0.018738765759285875
ck_e83409471d2b0b44,0.02604843656833312
ck_127273af97d7827d,0.008853754919052815
ck_aaa9861c91bd14dd,0.0071541280276256215
ck_a378c58294001a36,0.8099196211589852
ck_abb9d65ff1f95b64,0.19481712970690582
ck_a5ecbefa849ae569,0.005169746829339064
ck_aa9953c0ca2bed7b,0.0028401814692971825
ck_40bc6de252865f32,0.004323308729794152
ck_9fb11688dcfe1513,0.01288383190607277
ck_ba68841ca2ba073d,0.010734423012040936
ck_1d3e561a7d20be0a,0.97000720590163
ck_99a92d710a29c1d0,0.023489307010754988
ck_ede2e887697ffac0,0.004308170204383741
ck_e6de67c0d82a7b83,0.006511552533302814
ck_6b38763bf5ddbcef,0.02257331563876913
ck_8dd44eead7d765a5,0.007855211126933475
ck_30bf5b0056eea9e9,0.6989181781775744
ck_2981d16f8a51a8ed,0.01253537542136974
ck_fc60f42c68c7024f,0.027716573657433317
ck_8e2b2251ee224aa4,0.006352358979499791
ck_1906f0dfaf6e9bad,0.8620026340402873
ck_dcbe6814fc4ca0b4,0.021475419658772497
ck_f7e958a286ae3b57,0.006722549378048508
ck_713649668a7ca824,0.011246400586325636
ck_6f73cdbf9305e2ea,0.02306619978782942
ck_dd1c490050cd9051,0.009213917603953792
ck_e30db36e376606f7,0.059617712982963623
ck_740d8fe8028b5a2e,0.011302026909982355
ck_ebbc9418cd41f692,0.002715435500606078
ck_7b3cc6cc3f250f39,0.03971473563476591
ck_1d30eef7110809e5,0.5016610233943567
ck_77e0589ab339ca66,0.0036386064780591946
ck_15ccbf8ff7d14086,0.007238043220744313
ck_246989b0c288664f,0.009805614712994773
ck_fc2a6e27b10b10e9,0.0024087256023962484
ck_8afc1112c12f5402,0.007873699007342722
ck_a76e8d83b9141364,0.010296240238299958
ck_51d3e8dd7465c015,0.0033955876182899963
ck_e7b4016909405981,0.0031766424158150126
ck_e7a3cfb9bf908e80,0.01199817320759424
ck_2bb49dc2388cdc1e,0.0035455941618463883
ck_94f4266ee7871345,0.007240977840935385
ck_b2c896beec146477,0.008788509278981014
ck_fcf5d4a4748cdd53,0.006364912145130219
ck_fd0483639811f62e,0.10184353995460879
ck_9a21d183524734aa,0.01321696346284483
ck_1df4b46c0a4c317d,0.009885552394143035
ck_638df9e8a22dfe0b,0.01087473588886155
ck_65acc43a6dc3e65d,0.007350764697958599
ck_7c67b73196e3d0d9,0.005812328851004101
ck_b0ee3a98175b462d,0.006543097616038375
ck_20fad010969f1abf,0.0035142830228415884
ck_54b087bd873af8b8,0.008054728376192432
ck_8007824431fa803b,0.009754168205223247
ck_23aab322810b9fec,0.018516823301573598
ck_c8001bdb9aafc8a6,0.014445163620187117
ck_3a34c3ac83cf84b3,0.0032639250004068534
ck_60187ac2c473a662,0.9621462267104215
ck_6a0ccd7357979f0f,0.0157511199046401
ck_27f20337bef5ffe0,0.014088962409125785
ck_f9fc468915afe49c,0.014287892947734148
ck_1eabc15a94bd9009,0.009657187825245309
ck_26896c494b2768ef,0.0176741580136889
ck_348c874eaf0354f4,0.06767995739847524
ck_be9c46acd216b45d,0.013163783003655833
ck_a3cce46d15cc20a2,0.027947758363217463
ck_70804f60d9704128,0.029578640283084177
ck_a019151ca8e7527a,0.014026114315060406
ck_571133b2aa8ead51,0.03989415609618121
ck_0afa4449f20d5196,0.0037621876195314805
ck_4d503c41cf4e5034,0.00780831018848205
ck_d6fb9cc5171e3e9b,0.8612337143657
ck_05ed92a7c3e10e5d,0.021659832301401522
ck_bfb067986660afe3,0.021444934854527958
ck_c1a31690c8573226,0.00825691701722035
ck_cb88ef3dc1f42225,0.0032603185119301978
ck_21e3b3bd998745e5,0.053814336211572764
ck_cf52e46fa54e4540,0.003556490881867237
ck_b72c7ac4208052ab,0.0062102549928514505
ck_e6465c56b337e6c2,0.00766346449646199
ck_5f87eb05d18186c0,0.019488270634795656
ck_263f6c5ff26b5e98,0.0038584043687568933
ck_e0b7e2c0bbe228d9,0.0094750807966517
ck_b657ae3c146cb7bd,0.0024926732244521807
ck_abac514d8167ea58,0.017723501920631664
ck_024dcab126876002,0.042248843908475685
ck_5d8481e2b38bd99d,0.09074594399049055
ck_edf229c17d25dac1,0.016113173674092856
ck_6cb7c97b72d6b5d3,0.014722136008512004
ck_c96ae2c28086a059,0.04699913122458134
ck_2f241b97c0f8389e,0.023969664158593605
ck_9158bdbb63ee8987,0.008460995123934237
ck_e7b40b60786c1530,0.008446010602742412
ck_66d38518f68e6194,0.004190511611824697
ck_8c9b57ad2a991416,0.004042498555177401
ck_cc91bd7152d3e9ba,0.03683735829588965
ck_0d846660c7957a88,0.008645323181462796
ck_60896cdac2212bea,0.06605977144079295
ck_dc4db8b932df49de,0.01809898677037598
ck_2dc31db181150e20,0.004586650329789797
ck_2f138fce1171e277,0.031797193308392736
ck_68b8b859a6ef505b,0.015716261246452787
ck_c3fe0c6c5e1f40f6,0.004823721489478423
ck_15886fe84866de92,0.015872802564359707
ck_ea269b35406473e8,0.0037924098217838945
ck_3ce7cad1f69b71d6,0.006579862002905991
ck_054ed4288ee58d6e,0.01742390034206659
ck_3d4913a86f207fee,0.05578721068154609
ck_23ff85f9d2355e8d,0.010027202869266347
ck_d87ab3261322216a,0.0028776692290773875
ck_fac046ce336fe39d,0.013369957583447634
ck_beb97e498e6cf8e8,0.0067115120550443625
ck_1f517e0ebf397b51,0.002576002874853002
ck_0af57ebaa45877a1,0.004201237552813918
ck_f99bc1732ce5e999,0.015183613278546065
ck_abb056a9deab275a,0.022193041712277324
ck_0bfc394c5faa65cb,0.013874700120566352
ck_ddc865af1dd5670e,0.009941451847856423
ck_68b5542459638b56,0.4698339875871979
ck_0b1d84252c0b46c2,0.008323971542966659
ck_520ec32c4f253604,0.006741004718311541
ck_79ffcfee599d77c7,0.011412316109870067
ck_eb224c0fd146253f,0.021761409200857593
ck_0e477084434da450,0.020412198409920514
ck_07840bba5570785b,0.02783164666955596
ck_6b67fe8e310ab865,0.00689606460691203
ck_e2a1068c2fa22525,0.013044428685408957
ck_b9c6b32f6bd92a3c,0.0035743739295550116
ck_c1e7d1021ae58f00,0.0030355244926568957
ck_5d7801201749ffde,0.016493306684920373
ck_c8806749e263f70b,0.0034053955943181393
ck_c9eeab826781dc91,0.007780198727845737
ck_309a432c160a17b3,0.014401587760142776
ck_b22e3337b8e3dbb2,0.0041899953491609165
ck_79c30169c71b8033,0.9280252844174985
ck_5a6593d954085775,0.02701914214820413
ck_70b9b79ea1aacba8,0.025711306031198422
ck_63743141ffa11f45,0.007041486039621561
ck_dfd3dbd0d97a642b,0.012921209918551741
ck_635646a661f05b4a,0.010470252815183382
ck_4b123d6931b6d0d7,0.8059086907653754
ck_f2b0e7a47f442557,0.8591550636416964
ck_1b1df006b81d38ba,0.00889878309976008
ck_360237c1bd30f4bd,0.023503016308655623
ck_5e84bca0e362da20,0.013039894308472333
ck_142dba210ed2f3b5,0.00632475596306196
ck_a3564236069e3524,0.12306713064425487
ck_cf36d8b070ded782,0.014578309367459723
ck_ddd6625c5eddad70,0.0029083871002466184
ck_ad54292a0b2f44ef,0.013293507008893243
ck_45cd5ef6b359e9b4,0.008293834998545547
ck_982c2392238b7be3,0.36656182977863727
ck_083e4ac78685c3bb,0.009834026747259647
ck_729cc0b46cc2e546,0.059652398680968145
ck_f2b8995fe5402759,0.006312858432107468
ck_73e24f5a8da289b3,0.01327220853071372
ck_bd85f30c36f5998d,0.058455251034711955
ck_ee4ff3aeadf912c1,0.0035221239787132557
ck_63d2978706e193d2,0.005043463000268497
ck_6a0684436a1e66c3,0.21720040374905764
ck_182dc4a2f5a366da,0.0029771614295439077
ck_e6fecb82fc2a82de,0.01286360967807514
ck_cfb06f07394dfe64,0.0028413406633350908
ck_7bbe1dc8add17ef0,0.00898031175271687
ck_5cacad76e02c8e3d,0.9264304409763291
ck_ca68dec0c7df5a12,0.00486972077012234
ck_e4c0fc52c82065d3,0.010113222031938566
ck_f9197b070416f443,0.0044242772501778774
ck_2a07c7021b71cf65,0.02686597748146836
ck_4fa85cebf707de2c,0.00567046892189108
ck_0063d2a9507467e5,0.006992377991017572
ck_ec986285fff05b7d,0.0060185795417899155
ck_279d43303708109b,0.009058604129640522
ck_a406bf11e48cf8c5,0.015350175101199423
ck_064b2aa3f0bfdb6e,0.032453189569152906
ck_95790440bc4bd2d0,0.0066685693001068734
ck_70066eea13b4c34f,0.011171655350559806
ck_19468fe07e26f992,0.9799572692458396
ck_86bfe328e0a533b9,0.8857546528070344
ck_ace3b96c977a7560,0.48832659144061275
ck_642344e5c652d8df,0.023243026983731877
ck_074be35c951ae10a,0.036799437563466306
ck_f14dce41036486a3,0.9661895962697941
ck_5cf67a3a747e684d,0.0956974314144932
ck_f7285b92648c1c81,0.003401365922968723
ck_bef3193f124fca5c,0.06079181777486901
ck_05c4dcbb45de1f8d,0.003650594891344191
ck_d7c28eaa05bb7144,0.01345394136543179
ck_320df984791a1b99,0.0036793017093423334
ck_f45bad1606fa00a7,0.009948647304914505
ck_6f81c199e986d9fc,0.011478921530833939
ck_d0c9633fed57c344,0.01323863035912668
ck_a3c25d6cc7478068,0.00782786802113749
ck_4185506d12cf9fa0,0.0028461984870685143
ck_7a02ee1bfba7353b,0.012034649998040447
ck_1b52590757c0fbeb,0.0067662630370733485
ck_a0e5656e1cf9cbf5,0.0067091586136323695
ck_ace21f6daef94f6e,0.008982745863916468
ck_646d8d0834782d6a,0.04983613283343042
ck_1f136a4476b5e775,0.009139918780654607
ck_325c7643cce02da3,0.019740573202628706
ck_9b5e7fe28208f5d1,0.006025834867837192
ck_05d81b1a150f31c5,0.002821631419191295
ck_0e9ec486bff403c5,0.015487802620553793
ck_ee13c091bc379188,0.009094697593887315
ck_f7a7f8f5903617c5,0.022905023435753825
ck_96c3a3517153390e,0.011607339576239892
ck_538dad7f096458ad,0.02325689422926677
ck_8758fc6622bbb7df,0.0293484088649884
ck_f7e53af3c91fec64,0.018055170840278627
ck_80b50fad7f255e1d,0.0030955519328845723
ck_9645e7adc08631b5,0.011691399241332787
ck_e007aedbf37d6ec7,0.009096013202940227
ck_2951d76c41de2569,0.013428701129149165
ck_9439bff87e616d4a,0.012458030155678933
ck_a73045e96af0e4fe,0.02301465801324492
ck_7b382e533e2e925a,0.011328076667913401
ck_730226c2d216cacc,0.005667403872164753
ck_bdf837d761a7cec2,0.04634369730706396
ck_0b34197335ba3341,0.0058974981349326746
ck_49170c4b31a20f5c,0.0030122583846405723
ck_cd553ba6589d8bfd,0.007884529424298674
ck_56b992c6f136fa5e,0.019990546547142142
ck_8beae3d7328fa41a,0.01840226283431317
ck_1a065ea906ae3d6a,0.0053496118392781615
ck_e9e3381d5e0e5051,0.00823274362613041
ck_a6d4f998dadc90c2,0.4909187995845933
ck_d36733da917115a6,0.04938740577138867
ck_e738e920bbd74a7d,0.033180829375406076
ck_af65eb885a51048d,0.0033893511440519497
ck_73f4eb09af29b1c0,0.008034118100327763
ck_8fc641b1750a2542,0.05743774232193107
ck_41b954c7a948c060,0.008819182812246671
ck_25fc3010e8a0f6d7,0.003463458132453835
ck_a2624e0387974e0e,0.010465040033921803
ck_5cb9d7b2329d5ab6,0.038582633587748216
ck_6c83aa1d100a7cd8,0.22913286187496645
ck_67025c64588abd1e,0.004727751871684624
ck_f5dde68f6f0468e1,0.00324651196039825
ck_46bfb2cfc29a6d2e,0.0035851373279279413
ck_49dddb894d33f6db,0.03388208499175658
ck_f738b633b8862d18,0.0074958876180764075
ck_3d6c3c00d854f5a4,0.06711318416743947
ck_cdb8061d8d1a6c5f,0.0033296734699628343
ck_5e1b81848718bdc3,0.014803243827020574
ck_8def763034187436,0.00790981348065431
ck_8f8e4fb9c6190272,0.011720620755496004
ck_368b968b5f33431e,0.0024751718120579686
ck_ba7e347251ea399b,0.021555209167981832
ck_9075432001a64e75,0.0135802153039737
ck_73c5371635aca173,0.8438257247508189
ck_81793387b38047cc,0.007375237636810803
ck_0cf220816e320ac5,0.0025428518167246268
ck_820219bb9c761b52,0.8508807687280824
ck_70a932ab39d86a24,0.004272503439642883
ck_2c4be237a7ed79c7,0.003114995681555952
ck_acc764b49ef02826,0.07141073782714422
ck_74c3c3452e4e7cce,0.003923036125362838
ck_34dfb57e5bf31d2f,0.04275047744119419
ck_6ec39903f765956d,0.026364842626606565
ck_5986119e7d81e831,0.0338752200275795
ck_2ddfc948b8eac752,0.05562771984668193
ck_921ff5ceaf40a968,0.008094681834440395
ck_fb3b68b4424b5f92,0.04595401133614642
ck_c3db1b3ad4f16679,0.050524205668203814
ck_124a197be41687f5,0.012969836677982747
ck_c58d9151834f5bad,0.013642793055090849
ck_389607982eb6b701,0.9564289165672146
ck_fb0c138c003e933a,0.003226989856883802
ck_50d0bb7edd8c69c0,0.04199281761033039
ck_c6cb651149dc9a8a,0.0031128544269999722
ck_81e21354e477eceb,0.015369496432116441
ck_7696e38b3e4197b0,0.04701554002444769
ck_586001d3ed9e7fbc,0.004821955164479137
ck_bba413492dc46f2a,0.016695456088079333
ck_95b894380ad2702a,0.051631812389665896
ck_277621473369614f,0.9745370399722365
ck_a50621b5eeca84b4,0.01179438162316462
ck_bfa7ba218b988cde,0.01619941220506411
ck_5ea89567dfe78e4b,0.007429261254542534
ck_6c679602a6476ab2,0.006717288469278099
ck_d3885e286b3b11d2,0.02245640188993272
ck_cdcf6671b37c9c92,0.009471338244922444
ck_b5c93e6d34f8d366,0.003374851941795951
ck_c24f61925dc158d5,0.03905820065233886
ck_cd09375e6c81d2c4,0.04270450099509806
ck_a95afc7a00303a26,0.030093282065399896
ck_8e89ca8b39f3f8ad,0.003946859112362608
ck_9a84b396aada3fa8,0.08624793414199801
ck_5124a2e415384945,0.02241487675698208
ck_d66bb1f063357f99,0.0030583796592055196
ck_0fd9312411b0ac55,0.012055866336333168
ck_ad8cbe6e27e47ede,0.017896517932339984
ck_8398adeaf41f9cae,0.011815974596281326
ck_dcf851e7bb5855d0,0.004838595114078368
ck_9affb0f26776b642,0.006131156657245061
ck_f0424b3b36bdbef0,0.03077926554674886
ck_66746d1090d6d9e9,0.007105210831623482
ck_e5f8c8a5824db594,0.006470131220352638
ck_3e91dcc209431984,0.028042853088925013
ck_126a82e8d42e5ce6,0.003747311447495038
ck_38e4a74ab256e2eb,0.012805262493006533
ck_1225a97fc413a419,0.026796810718255376
ck_9b5ec0f78e160e65,0.0029150133356603113
ck_7c5529bcc079600b,0.05028488117370533
ck_29640fc2fe81c251,0.005079043187595779
ck_160e9ba0a3f7c1fd,0.00364661572521635
ck_bff090cb4ab76b9f,0.008641534395215134
ck_aa06ed358e43db69,0.02663089295386928
ck_7264486eb512d84a,0.009799490978137312
ck_f5a32e6160b28379,0.007684040616859679
ck_4ba8bec14c2217e1,0.02552862022783084
ck_610815786d729d2f,0.004399851353695596
ck_e267999226b6321b,0.003136158264141234
ck_f3996a3c8eea1ea0,0.01553845117711659
ck_e9b75ed7567a3f23,0.010092070454979915
ck_d21612d48bb4f7b8,0.004969880541564081
ck_1f871df76c6a995b,0.05973700533972909
ck_953bd5de48ccd70f,0.6836902679376349
ck_02a9104419a6dbaf,0.007992031763647647
ck_1eeeee651e05d535,0.03290762007486956
ck_e2ab04136a442a98,0.004434229466469249
ck_f0d806624ef3d359,0.013308686961321925
ck_4b68b38c1b3326a3,0.009433633576710041
ck_74e60495f8861156,0.009121057887797795
ck_398f3f4cf05c721b,0.005696025579921121
ck_f761b7650a0c1a85,0.022615104306526152
ck_7dadef33f5e2d94f,0.9707674169148174
ck_6ff6883633b8c7ba,0.0030559543250278016
ck_4d2159603045109e,0.008518774724902065
ck_a38bd07a5fac5c9a,0.002504845014933779
ck_f517f06551e69507,0.004448089527576286
ck_a7ea00a1760ad561,0.957452788818715
ck_31fc51d5a3dfe16a,0.00773444583924864
ck_bac5233623b25ca4,0.007354532604177934
ck_385188ab27784fe3,0.028358265487446698
ck_9947a323bab5cacd,0.09456055819799218
ck_7973edc9f22ee7b6,0.028078882653100844
ck_f97c477986043755,0.007199413222550075
ck_1a3fd2cc4b4de196,0.09120942439028137
ck_e18ac29ea62cb435,0.05192184385248966
ck_9720a472a3e0140c,0.005775397963768475
ck_668c7fc7d7e47c0e,0.01365619506146135
ck_214af0806470ef48,0.014902949871070645
ck_a46c1773f01f0be7,0.03956930509316248
ck_f2bdcfb4203ffdee,0.006597424285917345
ck_40e84e6ffe788a4c,0.011362657733983345
ck_dfc6f5712d8d6678,0.0450375284515249
ck_01ef1036b2e66a4b,0.014469085684429584
ck_3acfec10eec32f9c,0.00877828964055918
ck_084a85145c15ed77,0.007263811166766694
ck_fcdb4fe2f095fba1,0.01240658490930816
ck_023908db0a193076,0.0645741638559064
ck_fec0ff92fd622253,0.013468834253763298
ck_c009c97d5fafbced,0.04468207807021138
ck_eb9f0c06ee017ee5,0.014072613846938073
ck_d7792b429620fc24,0.006003110197040517
ck_5e9e149a3b69c726,0.02378832167049243
ck_ce927322ef8f651c,0.007206879709521772
ck_b8fd61a8e82bce32,0.8597454927372421
ck_9aafc33fba1474cb,0.006298259930864508
ck_ce81ff9b8b35562f,0.009669465660406723
ck_25bfca1d8eaa152d,0.008237499378656046
ck_170c65860e2a7e23,0.003969879656632712
ck_952da7ca9f33decb,0.004256795364066762
ck_1ebd574406235957,0.008845787073829148
ck_589109a188adc2c1,0.005780386380568337
ck_f0cbd5383bb07778,0.008006401944751955
ck_242521e261148fba,0.004962782409122878
ck_509cece86a558de4,0.0033662909135653814
ck_0dd7c5925d28755c,0.009536263021587521
ck_a7e669cf1c3985aa,0.008934210141634341
ck_acb84dc2351eeb76,0.004720948592366221
ck_b837c7dac2a9b931,0.010040370528975004
ck_18eb1f9181f95df4,0.007007710141993891
ck_b0b9047dddb1ec84,0.7651977750981984
ck_43aa136bdb0a2832,0.7718954933474331
ck_3e47f8c56c811700,0.006211645103694471
ck_77c587d24695ea15,0.019602477997619865
ck_20578ac693ea4e93,0.0949575790140554
ck_b9f6040eebd1605f,0.06203267240686169
ck_ca9d86f65cfdf018,0.00968389151359565
ck_a4fa8833995c716a,0.004981515930611247
ck_f589f1e29301b5fd,0.041269384137359165
ck_961ddb8ff55d868e,0.00533819795954791
ck_5662492a54e6688b,0.020650771998804655
ck_ad48826c1c26eb78,0.9010270361214076
ck_621c9ddde6bf2eca,0.010683196134348972
ck_417a3500b2c717b3,0.014426981845328004
ck_c7e129058beb3ac1,0.01460092910981855
ck_ec1c902b9b9b9c5f,0.04571402373956774
ck_317360ec0a67d27e,0.08311303170618979
ck_3e3ea5d8c4a229dc,0.012474588840705642
ck_d11d27de7bf0b973,0.7811699316763295
ck_d37d56e931105db0,0.006262577582308014
ck_4863077723cd6ce1,0.003281721697448086
ck_479a065d5903e9c3,0.0029687792371403373
ck_e66ae4fd586fedea,0.01552241674286163
ck_192bbfd0d5720134,0.007205064853008513
ck_3b436cb29af99f3d,0.01114954433527202
ck_7c7ca54969eed187,0.027069896588014942
ck_826ee896c9f1144d,0.7878909912361586
ck_ba1f6dd43fc8a0b1,0.007671591424230928
ck_49685deb63e4e8f8,0.00765899456321021
ck_687ab5d5554bfa79,0.007113565138936568
ck_41346ccd9242cc8f,0.003499761838123145
ck_8f8e5e2b9dfec3d1,0.0935192400143273
ck_94d5ce61a0c50465,0.020329803239878062
ck_6b954c75aad8c012,0.012223888341431996
ck_748af92828c9d288,0.009233683440200374
ck_dddd14091ce812c2,0.011709597028530833
ck_723323f6870fab59,0.015184724352950743
ck_dbdf8d0708cc6718,0.01081371208522359
ck_f04938570a154de3,0.006893548518501169
ck_58afa1550b3b5294,0.013032683292304692
ck_3b150afde386ecff,0.03233969331218675
ck_666b95e75d99ec4e,0.8417781124161356
ck_e00332597cf1eb24,0.010360812372204497
ck_9a9e3dac79280d7f,0.0317924675877657
ck_e8d37262e859d9a1,0.03800037709527438
ck_895bb39d24bc1c4c,0.0047522619573158635
ck_b367449195e36499,0.011883195406574894
ck_d23f9a50d1135ce1,0.027875659748835036
ck_670dc4910cf476c2,0.0028798910667602704
ck_3ecd8a5ce65e21ca,0.014904726791891431
ck_8584fea2df4c6317,0.01070397732888357
ck_0789ff4562202b20,0.016312404205692264
ck_749e0e50c3907be8,0.003225118198689078
ck_c3ff6790cc6d7e34,0.007298116554527155
ck_75fb7e56432ee4b2,0.005880231354641683
ck_529fc3170fd11abd,0.021738105282352305
ck_34a69b3b4a681796,0.15059406427636715
ck_255f0e5888ae9e23,0.029188677547468726
ck_65be698386474170,0.003990581051876237
ck_5eec9ed855c26000,0.005770995062322424
ck_5ab39bdc9610f6f3,0.5480851663185567
ck_1b5b75762f033462,0.012792081484662137
ck_d3e208671cf37f91,0.931117213531215
ck_5068ee554ceff971,0.06554257956860748
ck_d7d50fb57fcb2d0e,0.002861243059789166
ck_ba6e1115fceaa067,0.014659665983631175
ck_d07bfb16a4a7dac0,0.7758556030298742
ck_ead68310311690c8,0.8880963025857647
ck_ee53ce862bc9c111,0.008743107118344565
ck_97e56e6037024dff,0.0032492326238501004
ck_80b04344c98ec072,0.022521552649427245
ck_5954f45a2ab45f43,0.03162603867351965
ck_18ddf7e836256e3b,0.005783244216538847
ck_89a1a780144d808b,0.006332161765030089
ck_a7331e8b808c39aa,0.02691854624720842
ck_a1fd0ad03ff9b776,0.022406820214194788
ck_c0cf50eef030b401,0.0037489343569795885
ck_074f20921189e7d6,0.004081910061294866
ck_e2aa7be60794593d,0.026488908887687318
ck_72771757dfb7f7a8,0.017953773648217243
ck_a9cd84a6dddfe584,0.006968006568966548
ck_142c00f9f8557504,0.00808417846255545
ck_221b5d40358230f4,0.03914766581480472
ck_a2d7a563f520b7ea,0.0064670857356623895
ck_66cd34bc568d95e0,0.010900707843691917
ck_a17128972d3e507d,0.04139853231310587
ck_bda299466bb2136e,0.00940632872171544
ck_2b699066665abe8a,0.020214835209198496
ck_0ac9848bd4ba0c14,0.004659917725790333
ck_98d2f9a6ba3a3077,0.842853646940245
ck_a872df31b28a5f7f,0.07009848685913092
ck_7e73e1d44ce82ed9,0.018958982091846068
ck_1a415416f620d49d,0.0180043218394445
ck_c95c786d2f8b8edc,0.007369026521059955
ck_e45012f22b7f91d5,0.0032233620765576452
ck_aa0b083e2a6813eb,0.016138163933576845
ck_4666232ddbf77756,0.0040395294839804
ck_e08e9c8ec5f23d8b,0.010511262596517346
ck_31d4c0518e5f52c6,0.008123813910109485
ck_c1ab40638f04cb02,0.009017406787964043
ck_4c1fdd1669c7cf51,0.007941158167219358
ck_11662cc7940ffc82,0.03856326727834143
ck_2e679af24adedac8,0.006093092524895039
ck_454b9e21b7f25a4c,0.00504859427563033
ck_355c4f29089731e8,0.8135358916762566
ck_507e40760a24d2d5,0.009481940983571741
ck_0943e0f305078e34,0.9777641018495853
ck_abc54ed7111e9ed1,0.007578334920730484
ck_a60fe02fc04407a9,0.01651865396159934
ck_244b897bb4d57c1f,0.009493568039616575
ck_8c84fcde93a04334,0.7791381152832443
ck_9eea37d2de633b27,0.0034723959802557608
ck_b2cb9e6610eca967,0.023676996368064637
ck_09aadb4c41b166f1,0.033375779712081576
ck_8d94fbb4828ef326,0.004357347384509791
ck_089e3a07abbe3b8f,0.00642827740069474
ck_dfee9de05e3971cf,0.005584360788106162
ck_6abf8302ce052451,0.043717295704330944
ck_6ffa90143838a4a2,0.003401645918877471
ck_325caeab5c7a9c3a,0.006056246518508867
ck_1964ee9db929a173,0.9317891448940296
ck_942b95988a6245a6,0.04662454581189125
ck_913ecdeeb8e21a9c,0.012960774436582456
ck_ecf9794349eb4b3b,0.02260607285301399
ck_b6cb8d6ae828eed1,0.010802087123013083
ck_2f82ea66c4f53b33,0.00965729965496042
ck_6e676daa4855b58f,0.051541403871978655
ck_2a37fef48b44e9c8,0.02333999356070783
ck_3bd12d468fdc2450,0.025733616719064274
ck_1a28b6a40a6bd3b4,0.03847932913038884
ck_61b79dec96d15713,0.005344020449130562
ck_31d5e3daced93d3c,0.014343814937926153
ck_e6c8611c0cf233d7,0.005627075354433797
ck_f04761b4a937ac3b,0.006915289485429038
ck_38c1c75cf055031b,0.01271480022599788
ck_59a561f3df01441a,0.49271099089522685
ck_04e40f556a5062ef,0.009782224124184042
ck_8409716d174635b6,0.012732568189005134
ck_3019afee83342701,0.019363400476617228
ck_b51a58e7f032c9a8,0.01648623279731804
ck_5043e474f848346d,0.012767955667562999
ck_4388abce33ecd01b,0.51303507345467
ck_c93def7392f0aff5,0.04269760825818543
ck_72e7b1acc19df820,0.00542946682224164
ck_f253130dc3ca5b3c,0.006861767726669491
ck_eb264d1b180d4b4c,0.028050339438932554
ck_c2504f5a113433ee,0.003799865399860028
ck_c16ab1e4dafb4910,0.01877840615864835
ck_4bc42878fa180991,0.04114700696781483
ck_1c771a7c78f6622c,0.01960021527576391
ck_d523f0e50a2747ad,0.00863591545247559
ck_9060f4e7ab7a1b0c,0.026184686150709312
ck_6b55ec4e87a5e22c,0.8221362808855626
ck_55fc62a5f89a7251,0.0065027560955065525
ck_bd2545c62f258231,0.022395394386197136
ck_1ccdc69d0bb712b4,0.02638586907067191
ck_710f867a3bd5898c,0.0030878402276348837
ck_f91d48c40337d375,0.005630684416612921
ck_f76d929541ed41dd,0.018034196627656485
ck_e26a6659c237b650,0.026054455637077846
ck_184983177b73dea5,0.017410214745643145
ck_6d0d081bfa8a0022,0.011652028416333643
ck_2f6e64f638da0f97,0.006509281631815145
ck_15b93103ccd38609,0.011286507741792195
ck_094d10439b7b4eac,0.006193704152450096
ck_d2ca47180a926ba2,0.2630923967121913
ck_a69ca7b9d70972bb,0.0059971759865937125
ck_68914e67343a7d32,0.010322607314258304
ck_8176616132458c0f,0.014112599687325474
ck_eee99af3598311b8,0.039718618542336735
ck_94410eedfca91304,0.008616078147396983
ck_cfb11a0a2325bff5,0.009102463079729044
ck_75217ee144b715f8,0.05657296082914567
ck_d56fc799542299b8,0.005884284080781667
ck_4c352dd3e7c81269,0.047448820669121775
ck_e23e50e02cb3904d,0.04230405173889766
ck_b921af37d500e139,0.01426204329148296
ck_82181b935360dcbc,0.9600825644667642
ck_22a7cf3b99c5e5fd,0.027172213567480626
ck_f67ee7910d532216,0.02097816795654809
ck_5f48762a14a0326f,0.0028635477827449476
ck_1757fcb0e6e3f88e,0.01779406134319068
ck_2c2f080ba185016e,0.01047765616086997
ck_4c25570eb72711b8,0.0041684812784645465
ck_a3be871ca22ac416,0.013681913759939176
ck_ab70961e7c6695b2,0.010238199120456586
ck_a1cdebfc42a52448,0.0038840938460461944
ck_f1b80b821a20186d,0.011371194114699534
ck_ae668e4564cd2aa1,0.008127328659041541
ck_0e2bc3a5afa439d8,0.016244882348648643
ck_3dc378f37d0b74b8,0.012240330199243898
ck_9f9555197480d1cd,0.00718029906593846
ck_bf4e7d48770a4a8b,0.05439522305006711
ck_614ef655f0685060,0.01282629487687296
ck_04d2ea38ee27770f,0.003597739349858431
ck_e03a9d8ac94161d5,0.004717960920553292
ck_d4007b5b26d9d854,0.002572918632113017
ck_2dd147ce6d61749f,0.01897748607721271
ck_ff45764ea7d6619f,0.00850878138839062
ck_dbc487cb0a6c18da,0.789637300365051
ck_791d5392bbd80447,0.03756796109073696
ck_b4068439c413b150,0.012919660062454801
ck_85df7b7de9700aba,0.0035000277314491493
ck_001e42551cd06e40,0.008422590397145522
ck_a6c02ae50932cd9d,0.006396305676490061
ck_9fd0be2c018ff5e4,0.00901245186061771
ck_32a495128395fde5,0.004313341374455629
ck_b6f2a2fd232c141b,0.009470690269391468
ck_28dde633692904b0,0.056053364399076086
ck_a1a93c5f375f6021,0.0033878292189040995
ck_e3982142336782df,0.020087996878318946
ck_a9812ff3c111ea94,0.015564136082327365
ck_f04062216f95fa00,0.008775065612317038
ck_7c560467daca735f,0.0027290084216892276
ck_76ee10d6e2dba70f,0.04617330799761541
ck_3521243bdac61178,0.012131934939255917
ck_28588fb03b320520,0.03479572000278473
ck_580dcec33ec232b8,0.008594251480972157
ck_7109923fd7dab20a,0.010786774508094569
ck_7c872c99481c1e9e,0.007255624015018261
ck_46f4e1f5026f4d1b,0.004499953250900921
ck_00d1ebc31ec4653c,0.021740877697404917
ck_aac70764dde15168,0.009169427391167762
ck_648c03f9aa4e45f1,0.016590741636889977
ck_5478eb69ef912785,0.2138164381922678
ck_79b8523137bb2603,0.022276077024494176
ck_795c49f312640019,0.002983388769685924
ck_89184bf7b7fe41cd,0.09490930541973548
ck_97d4bd922996fa10,0.0032493711894042445
ck_1cef30d08f3a598d,0.004083596425572639
ck_2f9fd36a4a40a6a8,0.0031701437519160284
ck_40780fc0f8d6f309,0.01375034531461298
ck_9083ca9fec2a7f4c,0.009662871077021122
ck_62081bc35aa59931,0.0041318717473673066
ck_2e1b46c5fc56b863,0.011010590620120216
ck_3d139692c51b604a,0.06416592437320764
ck_b5e54e22e3d6960a,0.01344553815124926
ck_c0c4be3f44311b04,0.005138517558584879
ck_82a8bdd2692c2a5e,0.005469687664318063
ck_bdd2da300b530c5a,0.01077173266744304
ck_ee40498cd97183d3,0.007564267999625607
ck_70b9274473bd6dfe,0.004239832386640995
ck_473d6314ea614b29,0.008954468405871135
ck_7443d6dca8cd1352,0.002866433531664325
ck_3b49768b448b071e,0.011034189898458608
ck_b43f04431c267dea,0.00781927392387025
ck_4424a5223ba2fe00,0.012186461173669368
ck_819bf3e8231f4081,0.00714284741151446
ck_91d417507a8c58cb,0.10822985009734507
ck_e88e86b19cada4aa,0.03286935430855745
ck_59684167f9c6bf4c,0.03184745828622422
ck_d5f5b0dc97b9dc27,0.00646125838220867
ck_13d1b192bbff8f32,0.007104289049448815
ck_b21d8630387cabce,0.006575998983226349
ck_e4ac22046699b99f,0.004804971394961728
ck_74b848064f2ff45d,0.011324950567794123
ck_166aa980cc87fa77,0.018923140940738645
ck_98e337806104dd88,0.0035676356289471066
ck_66eb09be007f0755,0.020538195889761843
ck_3ec9b9d8dd7be11c,0.014892167139787837
ck_8b8b9de339d75d0b,0.013319393065866875
ck_6715139e240007d9,0.008592643131249024
ck_a0255ab46e122d2f,0.003171799238667051
ck_66e81a4190c33510,0.013232930691016187
ck_5d75ea4f5c9080bc,0.8020451342749955
ck_df69858b8a8b3165,0.008159166050823397
ck_e15252ebd7553422,0.006677405740718419
ck_34d6d74bb3ed11e5,0.0032884212720567414
ck_c2608f78f6851d10,0.051528433405200746
ck_bb99071e8f58c8a4,0.8224527368089861
ck_06010f0df5b7cef8,0.01311023029321157
ck_8c582eb0f6c0148c,0.011613582917590353
ck_0034d010d28aea78,0.02500716272370439
ck_01c1f06692566ca1,0.01638958656949418
ck_4807726e797fb893,0.010540353699351166
ck_edc9668282e3c8cb,0.03919223069278582
ck_5486768475af7bb5,0.8368249080167545
ck_3fb9813849e51837,0.006266129245606771
ck_861af5a9a9a6d619,0.010262627604515013
ck_da39653add0f1109,0.005397550059978391
ck_74a4244eb1f162e4,0.002945153945154446
ck_9a930faade55b8ea,0.003120282821696677
ck_fb6e06ca88519dcd,0.007016330811418314
ck_9776cd8263a9f415,0.008110335336352236
ck_b3dd1198ac5aea73,0.0166799640023144
ck_b6675a04df1a4276,0.006799359611860997
ck_5c7ad6e731b69333,0.7633119956117955
ck_28dc0fdbaec00580,0.05372291906258665
ck_8e7a32f7e3905f4e,0.0052033896702503215
ck_8563fed6674afc77,0.023179132984208487
ck_9a2fcccb82da663e,0.013685982899586563
ck_6a519bdac0d94527,0.0033732663455698685
ck_a0dab7aa9c4a39a9,0.004024836881659805
ck_a3ce05e9e5e32142,0.01316871731846144
ck_7a7e40ee3f97c035,0.03296093398205533
ck_9e9a830785112a73,0.036503255084664114
ck_ab1bb02f6b189304,0.5019192713649359
ck_7b8cb0f90fbdc8c6,0.006128309531464299
ck_b138fc249e659e60,0.007939954217512557
ck_e73caa3771ec5e0f,0.0026817730516946075
ck_18a55b06ccccd88b,0.0121497874247127
ck_fdcb1d9265d8fec1,0.020799044608696034
ck_e21a900556b382ad,0.022593217438572295
ck_c6bf67470f526771,0.008155751906945199
ck_b568ba3837afb39a,0.004025909134161503
ck_a2858979dd5645ef,0.010197291604919256
ck_1da9d40837ebaa57,0.013119911543349825
ck_9341c7959543c542,0.0027783853356089447
ck_c8ad86806b9a2369,0.008049689256537323
ck_5c85d93ecfed4b0e,0.010888999406223624
ck_f07b09879d697b82,0.0029514004239106738
ck_fe43da07608b1749,0.0055846314512633406
ck_4bca22b5926b9c28,0.007949013274892535
ck_aba573aa942b1d41,0.008549625954020501
ck_57c14e32fa4683bf,0.003976154811186485
ck_891530b489ce402b,0.007693211059744867
ck_5e74fdadb93ff293,0.008760776592938802
ck_14436a409ebcc90f,0.009959683841236983
ck_00013fdfa0bd37dd,0.007540742022388367
ck_7dbe24ba01316775,0.013265699283707633
ck_0e3f80c1553c591b,0.005187031315259624
ck_3edc45db58760d76,0.007055783046848889
ck_29076a13f539187a,0.06188119865563566
ck_b1e81b58b9a545ce,0.20699519352041001
ck_3f8571d4f7420b2a,0.058277476721957024
ck_7dff6abe4bd644dd,0.07309603519331007
ck_2884bab237af16b7,0.007862953479323382
ck_231e6dd1fe708000,0.013445131554667774
ck_33ecaa7b892e73df,0.0034823631207383183
ck_b109ec4c63503030,0.01282324487239434
ck_a7f522382509cef1,0.00483630749757894
ck_748b3ea941d8b3b9,0.008449267927046073
ck_29f3a1737a2d9634,0.019507475319514612
ck_cee8d42475a0f020,0.003355018965242148
ck_c6b6ebe145a8ffab,0.004444403977762822
ck_21c99e1d6b881894,0.004877429498454741
ck_5ad798286384484e,0.01817984146070733
ck_b621b6ffcc7f4848,0.0030485735457251137
ck_ea819e337233475c,0.3622040298913459
ck_9e3896c2668ce06b,0.012180334683020317
ck_501dcf1ead036d2b,0.006909564367981206
ck_8d5eda29a2cffa3c,0.007725744431014693
ck_4d3aa36ff83f1132,0.5026247200089493
ck_8e9faf94e3e6c757,0.00270008735207745
ck_ce0ec41f96951048,0.011090350003641274
ck_f09165d73ee903b1,0.006579351670718543
ck_a432b1bf1d3b3d5e,0.01940967884453296
ck_ea618f720ff0b4b0,0.005362068248028552
ck_7584e7bd755cb28a,0.010988398145449118
ck_e14681aad43e1a72,0.022552102167888957
ck_5e18870d8e30e379,0.012121853093391727
ck_ff7c26a62bda8089,0.0027980735840737398
ck_cc5a35175d381d5a,0.010494780332316784
ck_3c25029e40aa8a84,0.006140358975922644
ck_771247b5bc16c12a,0.009063076001500223
ck_664b5e02759f985a,0.008799409396474413
ck_692a9e8f504b9762,0.0033078175546348704
ck_df8ad2deb0a4ffed,0.010779531046016894
ck_eb48c0bcd12ea654,0.018663234382298055
ck_7c77e597c951cdad,0.0070111018914503125
ck_4f75144c6f3b13ad,0.012648205304019583
ck_1bcff399166d7c43,0.010510862089985562
ck_975c2aa3d4a8c51a,0.008888728653849747
ck_bc6f07b06aaa4ce3,0.917748369311188
ck_80b072b7f3c7e8e5,0.004683831933584891
ck_471e4018a23b4e56,0.018174064494819488
ck_53cddfba570b4a3b,0.018415495420264227
ck_630530e50764f229,0.008562542546985047
ck_dcef7887a4f1e435,0.01768038838140726
ck_2795921a055643f6,0.00516524036354345
ck_7456df89f3792235,0.004718717146300355
ck_5014a3b07e1f049f,0.7541126523589294
ck_d4ec44760cbe03f4,0.0069136116151373005
ck_96810ad39d4cb7b0,0.010023797374990998
ck_3222ea25aa29bfa6,0.0030546511893229404
ck_f6c42001b84a10cb,0.052629818062357406
ck_5ac86682385c86b8,0.013764336074264926
ck_4280c33af57eb4f4,0.004222854989731493
ck_05f79ddd8eefaa56,0.013489598522699153
ck_3a57a13ce032a6fe,0.0064998135057720745
ck_a721f0d635fad68a,0.008743694156748916
ck_a3f821bdf408c326,0.01141738497748132
ck_0ada63008be5685a,0.028371814661906452
ck_8c949bdc6e8720fa,0.3163450194855982
ck_c0d2c56f9c722e99,0.9532988698893983
ck_5d2b9e6e087b8dfc,0.9752292398109781
ck_5217b55593a332ca,0.019806128596180004
ck_7a7bb9be5a7e48ad,0.007500871053251828
ck_24cd0d779e866287,0.003183574681936232
ck_7367917891a63771,0.034664280977032565
ck_4b31a8862a857e6e,0.6873879865920544
ck_81429c4910ca46cd,0.006381430211500773
ck_b35d803568f82d9a,0.009118484274845835
ck_4b00e75c2d2d0522,0.004426638723828169
ck_77fced07f6dff42b,0.007276818568295903
ck_3c9a06eb07c300e4,0.004741786058187473
ck_b3867f7f494db64c,0.005443421091730903
ck_0c45e54897ab34e2,0.03953138968571766
ck_507a6a580ab55c76,0.009348810841132937
ck_291bffc7809f896a,0.041094445933719956
ck_3753cc5b9d02e2fd,0.002326719545189484
ck_4f63d5245b3ac1dd,0.009046091470297685
ck_9dfb2ae78659240a,0.043919745481255545
ck_90f6f5ced708aa75,0.0025924116211342146
ck_8b5b5a6b5539e39b,0.8152278963701635
ck_4719112b55d20161,0.010506262284967713
ck_fec888a7108ca52d,0.9690934939428528
ck_4f5d022c99f118b7,0.054695270982680635
ck_e967ff05514b697b,0.02752792305344799
ck_839ce35819bfa4fc,0.0033556659344182566
ck_bdee1221b9addff8,0.011188224451280038
ck_9cde4036d0914427,0.012448639255053472
ck_5ac959cbcc5e98f3,0.006101258613542214
ck_619842688294dabc,0.009296853519105645
ck_7373d7b04c7799bd,0.011437753472310928
ck_c1dd3feb9a0b6471,0.012450871954894952
ck_0324a4812ec319c6,0.005082496763646255
ck_7f3685aa2933b251,0.05488917860247574
ck_06aee5a62a67a84c,0.027514631709605823
ck_3428910b44b9d08f,0.01005275986454831
ck_c3ba7534cefc1de8,0.006326013724482689
ck_1f1273a67cbad5e5,0.7752235174544853
ck_124565a11b2f8bb8,0.007559205114700153
ck_38e46bc861e0165b,0.011397002618288092
ck_c8ad3f01319c065e,0.019812506483155544
ck_3f94a34f5038f7c1,0.7057036252813231
ck_cee56be5a502fbd1,0.128090962717858
ck_2b90b76cf4d162f9,0.011353583397672954
ck_884b2e463ff1d54f,0.005202670944479801
ck_fab4f2f8531b4827,0.022533247739439387
ck_4fc6256e0e60a926,0.011309153341187685
ck_0a2f8b2f8a5b6f02,0.005128718750742969
ck_9c0deab8a8367c5e,0.003397793551217885
ck_d3a2a4c011fa2554,0.007060781779503126
ck_4108b4038f762817,0.014164857521497178
ck_4df036e2aa7e1056,0.010861154008723466
ck_ec094eb1cbb3efc5,0.00500618538029005
ck_09f8f51bfd2492c6,0.010851979979252174
ck_b60fb9a10d6f4489,0.04106247691099031
ck_3638bc3388dbc1bc,0.06450812633413183
ck_7a58e0cc9943c39a,0.007788484913264469
ck_37dab6a0a536ed49,0.1554352555367357
ck_adc576690df5b33b,0.024576745915144194
ck_1383b2b1875000f2,0.012682747086939455
ck_43c1248db37a2eb0,0.008570077794991865
ck_29c11bd68858e923,0.0029708627628154786
ck_9401f9e11f65337d,0.011056613170031242
ck_ce5ed372b1a2ed6b,0.10040236912373676
ck_08b4619490e751a8,0.7501288388458371
ck_44b9125526acb05d,0.010126144711599588
ck_ef1a1de20d2124cb,0.05683641130252559
ck_e5e2624b7fc89774,0.007771148220375579
ck_f5100511609b92c0,0.004958742496949185
ck_64f3bb17101b7c42,0.013365149450712094
ck_ea1e5b5128ecba2c,0.013942690868121032
ck_516163fcf04d5e77,0.008013467537680946
ck_7f9a748110d70005,0.01383070291731712
ck_d263b55f0a681cce,0.010411146965367045
ck_0e962eacf98a813e,0.00235185390163063
ck_0406931800e0e2e6,0.004444998358855994
ck_0e9b982afc88a3a9,0.9589855018300938
ck_8bbb625384edebd7,0.002742026673313337
ck_5eaeb87bf6207406,0.9722641394100711
ck_cc3318839c4b0745,0.004117064112147742
ck_08a0355d1f1890ef,0.010508591776775522
ck_af7ffd1a822460d3,0.0493577467529326
ck_2a09c7aa870edb6b,0.006960418651680039
ck_bc04f51c23290bcc,0.017869931929067055
ck_d3a8333cb389f4c6,0.0167828788407235
ck_88e3dd3039508332,0.01494705069031294
ck_b8c7771de9b57705,0.006635141208179563
ck_585ababa02383b50,0.005536720573180621
ck_e988c108754cee9c,0.006180607617604496
ck_4a691892d9d6cf89,0.00766959725686017
ck_7cdce37d895eefb8,0.00722310348924266
ck_483fb981a1fb4317,0.008041492618522762
ck_c1e5182bd99e0e35,0.6989776439432671
ck_9a1e3ec9a1839939,0.01864908933639326
ck_5c3f13de0dbd5086,0.01771807347613012
ck_f4f6f0caaab70040,0.004516531753389485
ck_791be3378dd7d64c,0.009099313309709887
ck_956dd784525f5886,0.013644743756575057
ck_098167eaf124c279,0.012573634387873383
ck_33ecff7914349ebc,0.0095238684983031
ck_e05d44e46c7174e6,0.013004498709514995
ck_1b2ce474fa6582b4,0.02802196247152619
ck_ab581082e8f72e3d,0.011958589695600347
ck_e63256667aa19070,0.014428064219484593
ck_f568772b6cb3febe,0.023175914527757142
ck_dd89a282375bbab6,0.015875580202518724
ck_a39d0bca345b492d,0.007445317328394647
ck_d12d2924d0f7a64a,0.011969535502188261
ck_6a548da1728b5823,0.9441426387684475
ck_6d64193681d2a94f,0.029448694288882304
ck_ced6b6dcdc7c201a,0.01383991053706354
ck_d1b0699d26282871,0.009140723763198374
ck_58f757e40a9b8877,0.01446776842640449
ck_3272c2c4a37d5220,0.8686628060309621
ck_d94dfde9e03c9d1a,0.04096654187349347
ck_08a6d4903a7fbaca,0.02461198806322298
ck_6c72a36b05fa0f4c,0.014123095772801764
ck_dbb4bd4eda97255d,0.04265036919996031
ck_94b59bbc824b307a,0.0032757425733827505
ck_0229a07185f15469,0.011998247329039185
ck_11bf1039f8b3025b,0.007128825974061406
ck_36789ca11459131e,0.02577081813762745
ck_8572c5f5c1447c62,0.007094886341709175
ck_9e75c6641939f4fc,0.024108948578288422
ck_b45e47c39d4dc7bf,0.014098308977448109
ck_02903c48b6cfd65d,0.007686836846844414
ck_b153386f1729de81,0.006228993197323676
ck_36979996f33498f7,0.7948780557387136
ck_3c02d4dbbf6716b6,0.004157527248970276
ck_66c9a19963957531,0.022102092313853957
ck_bae8dae7cfd8baba,0.003973422690128961
ck_bba0ccc6cd968680,0.015884827624749243
ck_3267fe3aac05c71e,0.005186168756694959
ck_40052cac10562cde,0.011314453558956513
ck_d973444855403e2a,0.009903361304318768
ck_012519bb095ad36b,0.960218440905504
ck_ad7c256ea10c4a00,0.2887841958497101
ck_70a60e095e9b706f,0.003225592198408684
ck_f2734417c0db4ee3,0.0044384106237712806
ck_9cb89cc3178e0172,0.010542918647315777
ck_779cc0f2de4d5488,0.05181460176805188
ck_35f8656bf93e3b3d,0.017545699859230025
ck_bdd8eba728800e29,0.005615339714224274
ck_002cf760d173f0f8,0.013783607417475082
ck_b046067c6ca3831e,0.00729654977017747
ck_a4a42d4bff8af645,0.017192844333259648
ck_bce253d2396681a1,0.004549027166490259
ck_00dafc060c8de32a,0.01630525421372527
ck_968a99e097ee78c9,0.03451860364695724
ck_66949171b387bb93,0.014207651493305185
ck_ad305286702b1958,0.0031375551021147648
ck_4732da7e0d2dfc7c,0.008998233135480285
ck_17a95bba77217d85,0.007479926095933643
ck_3e2516a3e35067e0,0.005143843158849247
ck_0b615ed566da1f58,0.01232366513592847
ck_d2b3ce1ebabe9f93,0.011861478852088863
ck_a892252e4e0c2828,0.012941336096086647
ck_cf606fd6ebfdf9bc,0.07952371100650715
ck_718865237134ebe8,0.0039069366903281815
ck_878522cb775b904c,0.024772248067967906
ck_9ed53de6ef779ae0,0.0032576007864214217
ck_3f16e2cd7e6874cc,0.01069771324051776
ck_3c59df37895ead2d,0.007067023930288954
ck_6821459b626d492c,0.0031074004627815745
ck_11c7667920541587,0.007327918209689342
ck_23a016cf6b98d89c,0.01381085278837047
ck_7137eeb394d200f1,0.019847090500921084
ck_9c4886c5c90ddbdc,0.006883978444210269
ck_1422a7bf7756294d,0.9079827602441279
ck_7ebc5fa7f0d3b8f2,0.014426236850250521
ck_fcc2059a8d5c41fa,0.08933363448830767
ck_00ff7389d6a83e29,0.03405270016440111
ck_03129b41457795d2,0.008946409581020588
ck_38ba64efa7c38250,0.02624917527520036
ck_57a6b56b09bff24e,0.012682645395971326
ck_e3b3c5a80a567418,0.005578595892107208
ck_fc40a16adfced018,0.0037651881151124196
ck_9d4b5e6b43bad4d8,0.004019756132585702
ck_61129937ee466b49,0.008577618966939586
ck_74112e47b8629c2a,0.06151600451774982
ck_b4703ee97f94d7fb,0.0032699976426219016
ck_e560f720a988d8a2,0.6277936266602497
ck_708fea345f68037e,0.005222374585497338
ck_25394c1b83e0b803,0.13071806561756977
ck_17ab24fe914ae44b,0.0035635802496949984
ck_16c501470d9bb006,0.004426463428874062
ck_628f449e248c19b7,0.484380294813808
ck_6d64190623dea714,0.008418647552607171
ck_504a45ee08db72b6,0.005787240296560669
ck_6cbb011e0c70bc7c,0.0060426889582537845
ck_b3225a98acd04f83,0.004081910061294866
ck_aa37993f1c17cd1e,0.01375100089563916
ck_558cfe5f77a55a9d,0.009868757875549377
ck_0d0a1a021efea5b6,0.0072274449374058036
ck_daf7aea023b7a8f6,0.018330415395900412
ck_d75f25184ece2b51,0.010286633474377421
ck_466d4b5366c50b98,0.004254605860221113
ck_88f27ab479063852,0.018557774211028596
ck_66779098e78c1760,0.002953641236470185
ck_b150fe4efb449b05,0.005851895510474625
ck_9c3aa9f23d01fa1c,0.010925446676995944
ck_6a01c375fc26705a,0.0038440710780277667
ck_002eb6552b504ea1,0.008777902981301931
ck_affa5aa0bff9bb0c,0.01702195157311081
ck_027614eeba8b1a4b,0.011389751352289288
ck_67e075c982add719,0.00695942876423916
ck_399b0d510be98bd2,0.0065056117365787204
ck_e9b0bca7368555ef,0.0034137685512783344
ck_59c29d9c57b4f994,0.009812454785787402
ck_37176850ed68831e,0.010210615874171273
ck_a0db4ccca08030c3,0.7059895784048854
ck_aa188e5c25f7f42a,0.020657447393302792
ck_7de6997178207800,0.00785485462612001
ck_c729d19053387be9,0.01577785727190386
ck_f2d3e3d90608596d,0.11228538748291532
ck_2db3fb565e0211ee,0.0031934290043546002
ck_bed8a480e27e911e,0.018775667621013625
ck_d7ad9921a4d25926,0.01589040126872389
ck_2a59f23fc5194699,0.06853397632306715
ck_63601a58a6120d8a,0.009177396809286548
ck_efd7b9e22c6317d6,0.024592588031434787
ck_9ab42875a0f95b43,0.01308901540580749
ck_85cb5033fca7c846,0.018044956169077378
ck_5249b223000915ec,0.012969025860028354
ck_3efb0e9bf25612c7,0.009460030614689802
ck_678e74532ac19700,0.018861895267124174
ck_a980b296c95153f9,0.007434596863608237
ck_01ac687ce0d696a7,0.010062016424227096
ck_52e1418cf1aa9871,0.01007610667037224
ck_7d28da4f1dab09ee,0.8231927898683876
ck_010d0c2e6c1657fd,0.01847583234606352
ck_b524f7a2e752b9d0,0.011697982154440902
ck_cc447fcc24a0772b,0.25869201960704363
ck_2cb3c99845e572da,0.005051810198052477
ck_604c710141327a81,0.006396972947239456
ck_8d5fa65717d2e0c6,0.010785539523881931
ck_31199510b40602a1,0.013814069016615374
ck_49e253ea12f4e922,0.012748327342210037
ck_780738e0d71e7e43,0.003152335808781521
ck_2cd21137a07fdd7d,0.002865354703134149
ck_5e021f2a3b66e256,0.00877303570450444
ck_efbc79246e32c66a,0.05428209728022495
ck_9951bd806c13c7fd,0.029283697104334188
ck_7a52674e2806d8f5,0.03479959482376866
ck_1a319e509f1efa1a,0.004690203789017204
ck_c920901b9a4ba993,0.9085692888788589
ck_b71279e807d0b3a7,0.011541898073906782
ck_47e1032f490bb018,0.011073334369891908
ck_192579ecdca7ff83,0.00725107255609687
ck_b1496c474c4a3239,0.0033704594916632484
ck_5e68ea2c5e893cf0,0.009943786650972494
ck_f2ecab85d4693b4e,0.003224648772270982
ck_89d7bfc81c3df597,0.011322672211098037
ck_7929284327667791,0.05548148465249616
ck_494ec63c5ce8e150,0.005846293277672408
ck_319b059bb2145586,0.05345788656524277
ck_ccb3767c239018c1,0.003302406994152768
ck_a1c7adfe26e09a8c,0.009601818848444557
ck_0e13c4f73818149b,0.019341511573463217
ck_c285a51ed6214f52,0.007047121897202369
ck_916784595f028226,0.05541659898850977
ck_6cd8e0196365c474,0.007665795728536834
ck_57b657aba4daffde,0.03378303075118694
ck_562c76a3753fc7da,0.15916121915726827
ck_66cfc1ebc9a513c8,0.008919165198291449
ck_0f38d4aed68d7d24,0.29013129817484307
ck_d8ddf5e99f7859e4,0.017063702080826738
ck_41bc3efa0fca700e,0.013895046903390561
ck_40799e129fcf42c5,0.02490921741564644
ck_786f079389126e44,0.013341956353078494
ck_bb4c6b713eb0b978,0.045129231059211225
ck_4f01f7eac0efaba5,0.03898239592084822
ck_47d29c01b20cf69f,0.009466521955351588
ck_bf15a1f8d67a30d3,0.020682227314419693
ck_bfecad7586f65e4d,0.014008300275946076
ck_fc9f16df35190eb4,0.06155877843059924
ck_c09c914e416edd08,0.008645890287845964
ck_c54c5d8e4433b0f2,0.006731965044270068
ck_1694c28f44480e98,0.004175641277092364
ck_1dcaa3078dbb7571,0.00323287483363323
ck_af559f990c640e41,0.01130191662419026
ck_9b436162039a77d0,0.010146572984739
ck_79d62ef181bd0cd8,0.007553909939906954
ck_23caafc2cd34242c,0.007115478223047167
ck_ffe2aa26f597e552,0.01684846430725646
ck_e6ffd0754ac08661,0.0022871186091628893
ck_beaacb4a783db21f,0.0028395045336425543
ck_9863bff41d24ce9b,0.021746432256308987
ck_323b9cc5c49f8ea0,0.881299026405818
ck_ab3de3d3e41c2082,0.005531670852909855
ck_35c93b2924900376,0.01423426145416484
ck_5a9d5f9901e37e31,0.015547007415736558
ck_782b0be796164335,0.007503721552188621
ck_11960b5f1c7a5e2c,0.006069146422106246
ck_9a66cb13a9884cc2,0.008008399048533416
ck_ba666a425930615a,0.0029420509363749284
ck_40140bef4db73741,0.00983773058065732
ck_e05e91cc180063d4,0.09528422075523375
ck_c7f6f45710bc050f,0.003436381533156957
ck_055fb9f2e1c8c934,0.019244412798477308
ck_58bb02d98e2b9cd5,0.008390092108858434
ck_d9f8efa6a7800f76,0.009019388801994396
ck_69691226c68fd50b,0.06677408775383724
ck_6f2f0396e5b1c538,0.9618104416397433
ck_78bc3f1d0f35ea6c,0.014251479002298367
ck_2d5a6b6636a2596b,0.0042540875816267625
ck_7878545739af0a73,0.002904547083136261
ck_03c4fa4f3ed3512e,0.0051114413144271575
ck_1a9e51d092d62c84,0.8202506785330218
ck_9f3861940d8d873c,0.01549768281343919
ck_4684fdd61c6a0fac,0.014838115941458941
ck_715966f86d5c913d,0.006567616018749137
ck_77f293d44b4a3d2e,0.015411975219832457
ck_24dae044dc05f849,0.010217772268852102
ck_00b9818e2064405e,0.015656335944739475
ck_c1c2cb49c3c1b0f5,0.12865330418153792
ck_bed50fc64fbbf8ec,0.007336809421867688
ck_4f6ed5ea5ab7c429,0.00745325259837534
ck_458531c22ec2f9b3,0.004846175797712166
ck_51c50c4c443df31a,0.7930643845218427
ck_732d45bd578dc39d,0.007239919607862045
ck_783fe5bc20cd02db,0.052657005382223177
ck_7f188aaa63d1d442,0.00694790146045389
ck_ef307a6aee38d1fe,0.7783831720042185
ck_e37196b20968b73c,0.017036810703384413
ck_4ef9de711c3d93b1,0.014428033333954
ck_17946516d5df71d7,0.005229364208626519
ck_3534be0f4efd313c,0.012207520064228834
ck_29fbabf855cabdff,0.0076064214315897435
ck_191673540d8486af,0.017233631484438496
ck_5f52728d777ff2c5,0.009001165185139524
ck_a045a19369016818,0.9782335542045384
ck_4eadbe7298b15e96,0.008016506147253825
ck_a3a0bd59729fe619,0.013384689157506202
ck_a1e77090b1c6ccf4,0.007039274631134021
ck_69ab9d4784eb77bd,0.025527047968767473
ck_baa47383ffd50f04,0.006483241922687807
ck_e35b2ed08b9e55a7,0.009095988308073205
ck_b6e3af0a5119d9a0,0.030865667786022594
ck_a7c1dabf3869772f,0.011066737923134229
ck_80b8fca67a14e0be,0.5978131864016728
ck_dd9c5f0c42878e67,0.004169737591876678
ck_41ef7967faf5ce82,0.00963298192489528
ck_a93560aa348d6225,0.011619494682689824
ck_ffe91d6f0bd93fc6,0.014897039528470593
ck_fbf630c960194033,0.003084409192083128
ck_497ed60723283c0b,0.008083346617836117
ck_2a46b7ca55239413,0.02678149094911182
ck_1a4e5ace078dd782,0.023045770605728877
ck_616cc31910f5de50,0.006693283577401616
ck_0d65bc749eb42710,0.016983482502457927
ck_2408db62e4395ccd,0.014971815405289
ck_5d7721930106dce8,0.006299359654299982
ck_e8a6acea22b20312,0.13334531531769506
ck_e2f792fae128b18e,0.12064439200471544
ck_e6d3ce445b86003f,0.0035940535576064413
ck_263334d722ecbc97,0.9325253867349564
ck_8c5b29f6666d4874,0.009066152105927516
ck_7ea0bf310fc20c7b,0.8588310586162693
ck_54d463f7fd89ec3d,0.005820080681696558
ck_79e45040dbdd6447,0.01085460694429716
ck_60b4d59953505682,0.6713332463138841
ck_fb00dd5021642507,0.01350048875425447
ck_f409ff994a210601,0.018780320722655897
ck_2ca0020038bfec58,0.7420505385580263
ck_adf84b9df54c3d80,0.019380307364167175
ck_942dbf632591b65d,0.045494751036996905
ck_454a7e4d859a3409,0.0036669473286164564
ck_2139062d4569aa07,0.012748128838555015
ck_e949a0f4df0b3902,0.7245121770989875
ck_bb113e3e6716ed65,0.021583657029499
ck_6a28ea6ce69cb869,0.040432843757708635
ck_7df9910af2bba21b,0.006567995428420875
ck_78aa4b731cbfe251,0.022853263001774055
ck_5839f5cbd8165b1e,0.010447558147990284
ck_7158ad9e58769ffa,0.0807429369800817
ck_acee218cbe61df69,0.01264653859287497
ck_f8dc8473c2772729,0.029238240810342504
ck_f34c93a8173555b1,0.0495052729736629
ck_7cf301d075e4e709,0.006499177215126504
ck_b87e88ee5512ea17,0.0025176532761891517
ck_bed0c020b10afa3b,0.011060973316953066
ck_ca10102961f99eb4,0.003689518390173306
ck_393287947b5c8d79,0.01147310598534165
ck_2fe6cac002142f67,0.01423395428298135
ck_79c7f0d29b1db1cd,0.06114626067648861
ck_c735b643d3cbf67b,0.010541258998298626
ck_ea4332c8fe48e2a3,0.005181838435875026
ck_d39864119cdd460f,0.006078312109919518
ck_3b963d6be2773861,0.008930577104985009
ck_df39e3b8a9fd0bfd,0.8512342912515477
ck_6236a461dc0d11a3,0.0046981737085574505
ck_475ebccca25e30d1,0.008357129797983023
ck_c10c8bcf5bcd516e,0.012227205312762907
ck_49ccc3716a564256,0.01351846457931093
ck_4e4f99102f6938cf,0.0058639055787418235
ck_a97b481ade6f7972,0.02673132084452106
ck_3fa559c679751b3a,0.0059026164276088115
ck_3eba1fd2c7acc4c0,0.6578494964718226
ck_18c179b4afc4fccc,0.011125281313957338
ck_cc1c0b93d05b7d20,0.023958977765659525
ck_742f7c28ddd019e8,0.016707938420076143
ck_04470bc93b8a0d71,0.004799406078086323
ck_6e8f8ef7a03cc6bf,0.013630159234222677
ck_eb1ddfc353b4da83,0.020956660416462235
ck_98831b57c7ca2e4f,0.0030100742514460417
ck_a6c7b8d6e8596d4f,0.07407380232605434
ck_cd7d24e3b095e96e,0.061699888847818095
ck_3f5ae4673a9f858e,0.005333753339790019
ck_05f375fc8ae0afb0,0.014403901614756081
ck_1fc98436281ee39e,0.0032068435617689252
ck_6c48c58678f64bae,0.006884776811467722
ck_8c95aeec6a4c75b0,0.003160630203946836
ck_364cde38958b7af3,0.3174362523058752
ck_85bf21aa1a00452f,0.00928916246593151
ck_796d3eaabc667c23,0.9580694924680909
ck_ac449ee0c315edde,0.009916234866970653
ck_6f9fd15ac6b163de,0.0034341842105942376
ck_4087065be2a45ad7,0.2406935854351576
ck_ecf006bbc78ee3eb,0.029837479404872098
ck_8ca808cc5a49cb5c,0.011058278851779424
ck_94b90ab8b2dfb50f,0.01342125345910392
ck_59fd11b3232de9dc,0.9179683663932898
ck_67f3794d93e2dd67,0.7112421042443556
ck_b7f5acf5df1bb13e,0.011296216596524309
ck_fb04ecbaebb774bd,0.006912096441140855
ck_68ef3e7301c621b7,0.03845484791245422
ck_41406cfa209b6bda,0.004948797424848319
ck_b0f8f5408662337b,0.008467338422874698
ck_0d2901bfe585c391,0.024647824232373376
ck_3398551e81dbf3db,0.01671484894715191
ck_61c3e3e277629646,0.010633148840840365
ck_2825e34dd3e7ea2a,0.008361779926499613
ck_20d7571ba830009d,0.006198896666760602
ck_c98b16f9a72a6568,0.0032492363333166212
ck_e7c8a9e4641eb9ed,0.003466975872304566
ck_254a7c97c36dab8d,0.006759823216936333
ck_e98429675b46272b,0.006430168584486788
ck_c2fc0ac460786d02,0.019517488100758797
ck_fba15647b3a140d9,0.003825832777820491
ck_15ce50f2704227be,0.007372667296488136
ck_8c748aaa4a4554f9,0.009674323092383745
ck_e00e82a9419ff086,0.022494261701183526
ck_832341c98254bd84,0.012429518550245423
ck_27466468d06db4eb,0.011142400992389627
ck_9d7b9e3ff1f3e71e,0.010086909838686053
ck_42c6973d3a6fe983,0.0042466658444379425
ck_877c85bad118bc62,0.03723375060834282
ck_75d2a2715259c4d7,0.006688915903568515
ck_37d3e5c681a2214d,0.06074585161687318
ck_bf285dd49f372de4,0.010650025722851305
ck_a5bdd026fa9c50fd,0.0363256662459475
ck_88d9244a9cf7a77e,0.7097225060875928
ck_5881b174e49b04ee,0.004015779077773902
ck_5b16d67c5ea89930,0.013831108060861042
ck_b75b936aafac56b9,0.0035635482336414427
ck_aed2681e1646a0df,0.022119241112821163
ck_f63cb5e8cc702bad,0.01775522964642055
ck_1805fcfc4a9e4ffa,0.6935573685073808
ck_25c355da356c730d,0.007451518552329815
ck_70396398e4a96449,0.005945957789006919
ck_0f743bd13373748e,0.01665509435136044
ck_4b387765f0e916cd,0.007215550893487329
ck_e971faae8a10a260,0.002855345821244769
ck_9eb08369e983abfa,0.003906620656838698
ck_c30c5844512e429f,0.03054395792609039
ck_59e77e3a81f1fa0d,0.014276645344538841
ck_ca4465f2b5c1a52e,0.9785853056618592
ck_c89b9ca398402f1e,0.008035872869754969
ck_36e72ef9273e7a95,0.006768254198811166
ck_2bdd8616870e5e1c,0.002975923620321077
ck_216e87a41de22b5d,0.06132479447280709
ck_60f4fb44f5efe3a0,0.0031766630158049
ck_05652e8ace6ce6cb,0.005213761336069167
ck_8c136dc691e65695,0.002635422708561429
ck_a08f8dfadbdca112,0.00296843468990673
ck_bda4041a3e90d860,0.011751983483426473
ck_15dd3ecaa8ce0245,0.8499598550306613
ck_3e3c64b3b7876ce6,0.023058611715556284
ck_46225858a38b2e57,0.004653986276635035
ck_0cb9f54928f4feee,0.00944683136577123
ck_152671fbf8a9a78e,0.3332726408601885
ck_ee7a515e87d17d4e,0.012263739192710945
ck_f7276091bf513d22,0.004958742496949185
ck_4f05daf1cf0d5755,0.0028742319945573584
ck_83a69c4a5d55ef19,0.017967474636792526
ck_c50fed2a7c9198c0,0.01647621944432949
ck_70d19d5650ddc8f5,0.012197818301555623
ck_4b4d99e443618904,0.006075003927578616
ck_dca0b6ca93311ca2,0.013259711139486697
ck_b7431d4706461ec6,0.016112704461056115
ck_7b59d22cadef3b05,0.09604789516461812
ck_53428573abcd606f,0.007288372455539127
ck_f538ab6aecf2adfd,0.0023247803145988338
ck_d321249fb065d2fa,0.012594535103487365
ck_72fdfc7e6d8e1436,0.004844460057298943
ck_b52b99dad89ecdfb,0.022619787643577055
ck_d2d4282f9d256b3e,0.004728023992212382
ck_c8f2a1dd8a6141a4,0.003651470265396825
ck_8d38747058d0aeea,0.703392149327341
ck_3ac528caac74f563,0.008292365422853599
ck_8dbaaa00ad829ca9,0.012084337251736061
ck_7c38ec898f0fc21d,0.0029977322811233125
ck_8171ef803f5ff604,0.03921867789504641
ck_01a750db6fc1168a,0.018389367960612094
ck_ceb017baa26e98c8,0.05876395591310819
ck_e2c66c72cc0b0f78,0.023582056357169628
ck_8d9518f64b222416,0.009371032062643513
ck_804c5a1fa5753617,0.007021530318104585
ck_fca7cc9c42695453,0.004010613331458987
ck_3a632cdf2c19051b,0.0068853188389267584
ck_b2b63ea65edf1dde,0.023570206949458685
ck_27b07021500ee841,0.010180965352842838
ck_9724718fe64c6557,0.970579438431497
ck_2786cbc3e75ec034,0.593075731156436
ck_d9c2622cb6df380b,0.007201543158424669
ck_ae1da8ee98e402a4,0.021288983366649767
ck_62967b91504149f9,0.00704614485229318
ck_6b255bf68709109a,0.007326349027721867
ck_c55afc68421d85e2,0.006913803262934509
ck_7c7266f6ef2a8466,0.008978824049150494
ck_885cf685a9541190,0.8327616069585965
ck_1a4bb7d3d2ee3227,0.06837068107418534
ck_b4911c42f3bff740,0.0030938769472700226
ck_66f9f78d4c6a3edb,0.01868459755754677
ck_49bdba9ee1899dfe,0.012793625842561409
ck_79b235d51718435d,0.027180368361644704
ck_d840db8cfe2ef6f1,0.00395436165258715
ck_610c7bcc1cd7ecb0,0.008833438354502492
ck_cf49b6544aff6c50,0.27264490471065805
ck_de05f97c3d40dd1b,0.00931547896722421
ck_0302f67d75973dce,0.010254549627645536
ck_54c2604c9ca6256b,0.0305335165491323
ck_a1c88c0568f142d0,0.11705279922600018
ck_5d72ff6cc2963d1a,0.005915346448312664
ck_0446920a1004c596,0.029679569040749983
ck_71044c29ef071570,0.008353606586275295
ck_2122e9bb1afffef7,0.004231849529708042
ck_d1e3de178601d3c2,0.016617651749148393
ck_bec8324a3587ef04,0.0030160776603255913
ck_b616b6f45225f319,0.05867526305919709
ck_ce1e695884511479,0.012066808246092275
ck_a662b4bf900781e4,0.005715223305351289
ck_b5a84c5547378c10,0.0025582904755981125
ck_f80af368cfc6cb7e,0.00950574881061198
ck_da3526ab6c5c884a,0.007952706334338139
ck_bd20be9a3392d79b,0.00784909093095147
ck_b8266dcd90cbfa62,0.006336234413555973
ck_ac84b33304362c06,0.021694414730297804
ck_794d8935a895e33f,0.01791705814907941
ck_8fea7d915259f1be,0.004487213121411678
ck_7a1519ad5ff45312,0.0028227374585069894
ck_9bf3ce30b65f75c7,0.017578691525005383
ck_5f864d72d1eead99,0.15737310749449493
ck_3c48e0cfc2a58041,0.12337038240636902
ck_d902183f80cc81fa,0.020508320602364155
ck_539cb0d117db8cd3,0.05656534791334807
ck_28f530aec8e77130,0.009673522939150326
ck_e7d903c50d353361,0.0577629364525853
ck_d288b77d1e227970,0.01944805190786316
ck_017208fcc01b5d40,0.004066159842592747
ck_7e3923d278a5106e,0.007403989098890557
ck_9700a00ff9e66216,0.005036060877402859
ck_5c36c78b7a4d138c,0.043807124620046656
ck_c457e9c9224b773d,0.023594345713166504
ck_1dfa91405d7e66bc,0.0034423547879377557
ck_f1d8a2695a575e56,0.005478071888522384
ck_3b92a46daf8d00d2,0.010980458498103465
ck_aab23b5470469649,0.014808629233213622
ck_ecdd01a391610d99,0.006389417168789685
ck_abd3aa292f8edb4d,0.032662348776495306
ck_7fc9a0776e1339e3,0.009620716256152928
ck_c0389ebeb0e65cb8,0.0038309038565341688
ck_48d0fc4f6a2109fa,0.9778950599709988
ck_571dee4f3336c7ce,0.008860426174531743
ck_4cedf26628c84f26,0.014124430143727764
ck_63356762d24aab81,0.005192586301762853
ck_2c5bc11bb7ae5d2c,0.8680124350899844
ck_6d26a152f900fee8,0.011028295252336937
ck_c972b0e781efed3b,0.0026403647510544045
ck_fa0ecbcf9a33d6ce,0.003817438284660017
ck_fa3a766e49dc77ae,0.008729386918814556
ck_7baf1e55db0dc558,0.01895705506467632
ck_e8bc49e6494c1f37,0.0035572199818629004
ck_8ef1d05cc1e53e7e,0.010070506541283667
ck_cef2a485a77e0723,0.0030876812338437526
ck_228a583f23abff48,0.011612848182012728
ck_ac32c6e374782b27,0.013068071741086412
ck_b9485218cef413f0,0.005883655489767767
ck_7f15503048915d6f,0.004334358999275566
ck_b62f5144db15ad34,0.13127394746176563
ck_917d82c552f95a23,0.01144911129916808
ck_fb4797045077bc6d,0.0031731770155109954
ck_2cf8a44e041217de,0.01910361157811279
ck_b7dd681eb3d2ee38,0.0077606521375788535
ck_e9e8cacd2fa35e79,0.022008792925558712
ck_342a79f91de5d1fa,0.011115782936003207
ck_2c91f62c05685ed7,0.0030387417426248455
ck_e30cb64302939f38,0.03200693372487021
ck_d0e95b90ba86da10,0.005536376613531025
ck_1774faf414a5d49d,0.939897432250097
ck_2401e8ff89e574fd,0.7868016971890262
ck_0cd8802264e0a1ef,0.02654308836186129
ck_da84a0dfe947fd3c,0.005083466543861358
ck_c8affb27ba7fb5db,0.01661050295381864
ck_bc7ece8787ca7200,0.009641168562035824
ck_469a0578d05990c2,0.006406695972472222
ck_eef67f8dea702338,0.00991467744402659
ck_4f490e379e9ded9a,0.005801420320253747
ck_354379de065a8ff8,0.008542597779134572
ck_5db1cb368bc41ac3,0.006404839775803005
ck_9b1c3742dd6fcb8b,0.01321991519862612
ck_63ce4f44c92d7143,0.010986093485211994
ck_e15e3390f5ed45f3,0.010389025544128804
ck_da645ea91d66aa6f,0.4885081323807485
ck_834ca727df855f07,0.038584985995861604
ck_e1d5ad20c737c745,0.02353395752180774
ck_ff8059ae5fa5f1ee,0.003441717169098748
ck_8bb9e75393954a1f,0.005065476553552154
ck_4e1757d1347ab387,0.9753190193202801
ck_af3f74b1d75a5d95,0.022064195270348384
ck_6b1ab0742ff04c3e,0.0882907908223323
ck_f56073911c9f1ab7,0.0032575612222144924
ck_51bd5f69b4fe0b92,0.6789474757627801
ck_fc3d95030b81f416,0.003248741968328683
ck_cf78169633a1600f,0.003394620681315412
ck_ad7269eaa65c67f9,0.013240409044497905
ck_cc6d33890d47a6cf,0.03501942614806976
ck_bc8f31f4a2ffa1ae,0.004361305962882958
ck_720776a46e56dfa8,0.00877568087755198
ck_e2d1f212f259539b,0.010994032798069495
ck_eaf6f7082c3db2bf,0.03238535163010625
ck_773efe58c6278c3c,0.014388674576841409
ck_c4a72c09f2fdacc4,0.01225519403125674
ck_8982888dd6611143,0.003917669031019576
ck_9d5049e195eda029,0.04223031169842358
ck_de58ef6f9fe2b546,0.003466560965637207
ck_c0b50c11e4f5adf7,0.033131853564383626
ck_ddaf228487858bb8,0.16639538571971293
ck_eb2323215ff70362,0.023745676103721317
ck_168c96a1a636ea15,0.00938878022167528
ck_9c46711b14d9eebc,0.0038293085104259676
ck_de8af660806b97b5,0.003630945979610737
ck_6ab83f45bf16eaa6,0.005039420332898988
ck_bf2228a052815840,0.003805098197306481
ck_3f943f20a9da9bff,0.008052114251795073
ck_3baae40454c00938,0.006520535929668908
ck_bc2e771a1d8d2dee,0.07582084800454399
ck_e55f5ca37f30ce8c,0.009672693740109203
ck_4ad5937bef176d89,0.00802284359231131
ck_126531a9126c17c4,0.0033850187056979806
ck_7ec423cb56257516,0.01514003386309537
ck_54748ae0f2daaf10,0.01328996165839672
ck_ff24776280ceeeed,0.005658523288016836
ck_3c3a1a1365741bba,0.003683887814170902
ck_615277c8a4e2b18b,0.01400160417459979
ck_a96aaef34173aee6,0.6984239338878913
ck_bea56db7f3e930e8,0.0038496451417531245
ck_ca491debd3b32a59,0.021609013312960744
ck_d9ea77f4114a389c,0.007090914962519401
ck_322ffda3332d08a2,0.007916911053583725
ck_c40ffefe4e30b001,0.01759373964625723
ck_3b1d7648d4580bef,0.006984310528887235
ck_23981a3261674131,0.010643067673413586
ck_11667f5b9fac7bc7,0.002919103586494356
ck_646bb3c7be5f0817,0.03140388083357212
ck_ebd0a45712dcf07a,0.007443731160500686
ck_baf43bf1bd963f9f,0.0461739356212967
ck_e0ca2c819658f6b6,0.957096603954424
ck_f0d6633d0834fff5,0.009834266399356115
ck_91081be0254878a5,0.01578409893523124
ck_1325000bc7f35b5e,0.0034002471034072085
ck_c624b9063400fa3a,0.018116025542815436
ck_0ad6fa0e23c3bd0a,0.026386656379404412
ck_6ddb55b1f23c6cb1,0.08028875422198238
ck_dce1fb3acd65562f,0.006012887764700156
ck_a9aa389688ee5aea,0.0065807355318617975
ck_5c5284c45d9ad8bf,0.01295772786788953
ck_9ce743dd3e92549c,0.028265269655032864
ck_8342e08cc2f9bcb7,0.004080387240040985
ck_25e551a0a8d2fcc2,0.047651371633770236
ck_d4fd0e438c97e0c7,0.06672924777386824
ck_ac7fe1c344190c50,0.026971992631797365
ck_ddd65711b5651f89,0.005180213519936106
ck_ec7406cb5cbc8f10,0.0038298436543806403
ck_1c65e8d5be3b9c60,0.23838924812217197
ck_38ee42f15a573e81,0.0760244741787971
ck_0e5385c70c6de025,0.005772073148239155
ck_d3137f0f7629040b,0.009009652401682226
ck_9129c92c12e0c8b4,0.010675412940128687
ck_c86520a00e50a926,0.02962016418624397
ck_87f82b2b5fee757a,0.10623620818267698
ck_643abfbd7548d0c9,0.009025430864547757
ck_be51f4e5e6b85768,0.19608178481620325
ck_132c16312f37810f,0.014521211782250718
ck_c78c096ca8cb33ac,0.0024723915844117846
ck_2ce5afbc014763b8,0.011416844280995658
ck_50ed8f4e7ae6710f,0.010875529446425948
ck_5a4eb535c9a11993,0.0071392949876670515
ck_9b665ef46d785324,0.0030358796042456253
ck_e066f71f8b296b7a,0.01037119484263208
ck_560bc6017870ab06,0.0061087477104209125
ck_fd78f8a8663646d7,0.005242918324931183
ck_4af5ec61ddbde1a4,0.013698416873240101
ck_c2ed04a9d218410b,0.012786708809598552
ck_2455d43bbdd2bb69,0.01891041332953721
ck_56eed7041add49a1,0.14220527942151975
ck_5f0be7b468a72333,0.006900510545649488
ck_19660cec756632ca,0.008037938183856322
ck_fb90408f4892a21f,0.012080709562365722
ck_833a65b86a5d9bda,0.0038904456194922754
ck_2ac36e1dff211d38,0.008152669712264811
ck_c00e70606904539a,0.006153802414877165
ck_ba8affe4b9505a95,0.8491327011171059
ck_0c3dd22587b08018,0.0397833145738438
ck_618c4e5cfae99dcd,0.03542308226596621
ck_c9690baddfc4177e,0.007015154498252314
ck_59fae092fb0c4aa3,0.010166715063183762
ck_e03b7d0fa0b28f4b,0.004603793152854434
ck_d451d24c780b5884,0.008649659773628346
ck_e980d325b8dbb8dd,0.0034782049112572475
ck_cff18e2d8c520272,0.0032763210515049804
ck_a0e46b67e986ab56,0.0070725732868024156
ck_3a469039a5b9d963,0.0040947327876530385
ck_12cbb211ebd2b437,0.012816231070002343
ck_b8cdd6d6dccc4554,0.002251583116540187
ck_794ba5921cef50c9,0.1155548943209658
ck_2c7667f64edec2b5,0.0028762722546790513
ck_7262b4e0c29c942d,0.011809845141182424
ck_5d818522cbfe2a54,0.01563059944457265
ck_de39c1947fb675ee,0.1437276629781296
ck_c021495606b4735e,0.007544565518913353
ck_1fc03ba33edd9e67,0.03161348083737824
ck_a6fe344bbf67f14b,0.01099162322027571
ck_963762210edc5694,0.012062803327958734
ck_d064428b7e7dc409,0.008465365180695492
ck_59be61b53d971611,0.01339779014760164
ck_ec8738ec663cd2eb,0.012983559271787676
ck_59d086fab5998646,0.015537389369620194
ck_bd32dd3b2cbb7888,0.975175448145184
ck_ce0166addb93bbad,0.0043288914850328096
ck_7c0fdfbb447cdc04,0.008636274772652686
ck_cb1bd7635968ed8c,0.07170186766540396
ck_66f94903177f20eb,0.006320375861240256
ck_1d7cd5dcbcdafd7b,0.8239226006586137
ck_5e418a7c04437b4a,0.014756602979682837
ck_631ea1ae91ab333e,0.01410100696066668
ck_0a8029e79a5ae7ce,0.09636431717269045
ck_c4cca8278bdad9b9,0.0029197517813833065
ck_4dec3df58077a257,0.05533914012916417
ck_609c249edd88c565,0.006479688057692475
ck_02e5f9cbbbf2f078,0.03521426824327677
ck_32e486859130458f,0.9393424946179536
ck_21ed2ea6386c5a07,0.0034350233937122153
ck_1242aa4496576a99,0.011128739145745354
ck_475ea9aa6d3898b7,0.02865657333282015
ck_fe1b1adae3be70a6,0.7561041237782795
ck_c5414d7a8031d4f5,0.0038779862737389715
ck_ca1f6f01868e978f,0.008895176246218925
ck_5eff0208c74ec714,0.009147584499645901
ck_a315c9619a317609,0.015051910071393549
ck_2b87683c90acb852,0.022597509834979174
ck_7cd9f39c50748ed0,0.010309479431055646
ck_16a06d58d71935bc,0.0848069615559988
ck_d116e0e7c19b878e,0.7366101423126132
ck_931510e384b1d0cb,0.02440075040328319
ck_e7651fb87bb24132,0.0031339443419770296
ck_88ef9f85948e1a01,0.0056533224438458625
ck_17bf38d51115a8f3,0.0036746670036375286
ck_2659d1d3762a2825,0.007001189698865394
ck_a7285955e2852686,0.0065428493010347396
ck_f2c33d5b65b321db,0.02075437070693919
ck_83e5979334345622,0.01628477385202161
ck_629537d8b4d0f395,0.013547578077999176
ck_72022008a92c9386,0.017426308546828098
ck_2973b8274f0bf69b,0.020311668853402895
ck_565e3418d2f4061c,0.008227844359126404
ck_54bb53b8f8ea32ae,0.9666224558172812
ck_af0a6540ea7a36b2,0.008824539647332687
ck_888651bfc2c8cf70,0.009939611860608426
ck_1dedcb48ac381a1c,0.07242187695048496
ck_f73273e220296be8,0.012589740975611895
ck_8424bf65223a5a9e,0.005648549601763614
ck_337b930fd149a696,0.007909870993591254
ck_8a4952de8a123ef8,0.01640649696408799
ck_884168153c9c0c81,0.006042059949448085
ck_fdda581aec411010,0.002908155914548062
ck_2b7cadbc8b180d32,0.7969711220998101
ck_8aa8b9968233a1ab,0.009455035182388095
ck_0af18b3ce015d294,0.004464859082481356
ck_8dde670a735d1e90,0.04114318482695291
ck_62f46226f244139f,0.01838026808320033
ck_f948e8a8fdd79b4e,0.008872118992809735
ck_fa00aa0f3e859904,0.015407145377776207
ck_fc7935f784a4f249,0.004800956223019847
ck_e7501307c0698e5b,0.008120517859502335
ck_549ed417f2834cee,0.008422069957412648
ck_fb2a35571ec719d4,0.8030810010318031
ck_25822068c86c856f,0.004494363808965967
ck_8f35d229b62c8f23,0.0058701569505262615
ck_bdcf049c1e7d0c95,0.005366903378337512
ck_0aa9db36eb16422a,0.0025386386218353104
ck_42dcf92e9e016922,0.008909405768306195
ck_42341cf31c08c981,0.00740578495148649
ck_0b20bfc515ba42a2,0.010047580271149133
ck_0ec820b670d48098,0.0033239688091608426
ck_1f0bafec397da8e4,0.01759265136746833
ck_82f07504ab59ed33,0.017248093486452808
ck_337b24a474010abb,0.9773062985272134
ck_703703bda38fdcf8,0.00513679737532516
ck_01e7960c63dca3a4,0.8341780358419723
ck_be5bd81e3715cb8f,0.9630494688852792
ck_197f8058cea1fbea,0.0028097672179993897
ck_eb3fb1106f2f1b21,0.009953129808198707
ck_658b4b54be09a4bc,0.9638355856004202
ck_266ce7ccf41ccc50,0.015913277726015935
ck_110608c3b03d4038,0.8171689590749475
ck_1be8cb95d6d9bbf8,0.003503626017468577
ck_8e16a64a776afa82,0.48720218177963837
ck_34bd190d37eda534,0.018672534129965484
ck_4f521611ae14ae66,0.0027383939441026827
ck_d839798f9520363e,0.1313121771736932
ck_d1bbfd246c0ac9d5,0.011808247689757261
ck_f19030e6e85a6776,0.03404852559978335
ck_cdabe60ab59f9d5a,0.013706338400913409
ck_bb84b2b30293f566,0.5311178373597014
ck_427b91925952cb40,0.018413710374837897
ck_1078b1e155b5b640,0.007800827019962925
ck_95fdc264eac72fa0,0.003773548169252557
ck_e35eb857c61548b2,0.9289365857707994
ck_69bd0b1abea7e1f0,0.1321254158588216
ck_59de511b20c842ba,0.01875118289015822
ck_168e7ea341a36b80,0.003523921440496574
ck_4937cfa6526ea138,0.009398534309098205
ck_bb1a981306b750ac,0.032212139312528656
ck_f42a43e4c3f34ccd,0.004086409224180842
ck_c7ae1d4b3ab38185,0.0031482253931228096
ck_bd23cf9bba1dd33f,0.012644273014653939
ck_0fd826fad7ec7cd6,0.03314682910736791
ck_f143641bf3dd0414,0.020215929699453156
ck_ad6d48c20a3688a7,0.006092732808972391
ck_7bda5b5b927b2905,0.03408484404692383
ck_a337eb38eefdcc88,0.029477499278906562
ck_403da2a2d800df9f,0.05421846311293725
ck_aa01d5aafde73d0a,0.004605476909212377
ck_494954023f0eb309,0.020218580575880687
ck_1c6820fc38135ad9,0.03501742060824317
ck_0e0bab173622db9b,0.07372719958287552
ck_547090bf35a3b243,0.008323583874421678
ck_d69455220b21dc9b,0.0122288469603965
ck_90b4ac695b9c6bf7,0.011240610286657859
ck_8d2afe17c0082e6a,0.049210309891463175
ck_926b81c0ba528eee,0.06609091469788234
ck_ce36b0c287bd198e,0.02726380573661392
ck_8026e017909aaa6c,0.0047880326749545395
ck_dfba788f35d4c372,0.005000308308514392
ck_f09f9d0e0886e0c6,0.0035249092695141945
ck_4ffe0366df388604,0.016156278408085072
ck_75bb521de55644c7,0.005909336547515717
ck_81a960fddf79ecf1,0.8856142533498161
ck_8f43459991ea511f,0.006608512500094246
ck_f878b68d66fbfd4b,0.003544250301244106
ck_e84abfc0c747c9dd,0.8373985464755883
ck_3ad3fd3cceb56b66,0.7993152276545664
ck_7cf562578c7f158a,0.002621001136485457
ck_f81a97d350397306,0.010535384000088677
ck_255d87b7fb40caa5,0.015623766137877018
ck_b3905153b9eee924,0.014348013371777657
ck_2c80a592fb4cd6a3,0.003058840786757889
ck_57deb202d4188a29,0.009456996632380747
ck_e3cb5f31d8e94448,0.97246910980648
ck_0db62d5f7f75f80f,0.009037068793049484
ck_ced9163ea85589ea,0.09963589900892766
ck_e16528edc694fb33,0.8433264409874495
ck_78cc5ec4940fec3b,0.008519336429184718
ck_31742076e9a998f8,0.016460617778230234
ck_5ac335f02280271e,0.01477196355667355
ck_7cc2e091806cfa5b,0.013767432124413444
ck_3152c7115257f084,0.004165404949389161
ck_ab1b9d019921bca7,0.011506096890782034
ck_c33a762d98f9b290,0.004876662947767432
ck_b16a7c51b6f7a6b1,0.02028115126377645
ck_97402a153348e68f,0.008941333144156256
ck_95391029a21caa24,0.01268159307094506
ck_c2015a1200971fe9,0.006587484219722786
ck_ed4427962c68918c,0.938067262955707
ck_c5e4a17d3efb19a4,0.10647162516898864
ck_8aec3d3dd51517c2,0.003309727167675045
ck_f5178a658225d8e4,0.00323550670922804
ck_8594f165e95316d2,0.006159909945364149
ck_f0c4aac04076a6dc,0.009632437689719714
ck_ac2f7397801036ef,0.012069425061912425
ck_d1ea4bcc407c7d5e,0.013467063370567026
ck_cce8b6657a538fe0,0.005218598624542501
ck_66d0c6d6b67a8d58,0.023533039200728155
ck_1a6b30320835e57e,0.010909822652522012
ck_8cd274cc85aa35d1,0.009140328875649506
ck_ada46085a78280e4,0.009082148051717242
ck_ce1b06623e4a815e,0.007771999090486685
ck_45e70c8a9686580c,0.040785263480041245
ck_0084d8ab6b1044f3,0.002991599422903679
ck_a5f7b6fed6df2aba,0.027139675882621294
ck_94940d783e7988e6,0.00518600347114496
ck_00f9ca84d1d8ae7a,0.0040328586107472655
ck_0deb56f3f6452818,0.00540671472671034
ck_a58e900469dfc3f0,0.01607462346472644
ck_028c41b195280980,0.013897551674442205
ck_7661d7ceaeb19f97,0.03527961545386475
ck_6957905a65c47879,0.009238833920827253
ck_f7c6c26ef3c4ae06,0.006631905081020151
ck_8777beb11aabd66d,0.011654183512598879
ck_7db098a17374bbf8,0.8131091827574203
ck_66aeb00e44486cda,0.719504893015808
ck_838c52cc1d315ec3,0.016005359613210715
ck_1745847cd4e5dc83,0.03362828359153095
ck_201687857ec8b3cc,0.03369200320432781
ck_81818169208a8cda,0.020710885984669584
ck_3303fd3f64632c7c,0.04740660856685258
ck_edf1096809e83ef8,0.002832322110496619
ck_235ce9603c7dccbf,0.008672607287291734
ck_9df7e153868bca13,0.006986680471131325
ck_3cfeade2cf270fee,0.012986285694204467
ck_982b0bf2e2b6c4f7,0.008121310104351567
ck_faeb0da678bb86c0,0.009586001083814194
ck_e86ad2fe815b6ed9,0.03896563383161465
ck_70d69e5d1bb99e85,0.010134648225720267
ck_7e9a8924eab779e6,0.9029977596616747
ck_019d5891103e7da3,0.008963380848514297
ck_14f0484b3817eda5,0.00771526027884397
ck_85de63d278f0fbae,0.004137915480588594
ck_ae91b4cff57fb3bf,0.012132165759822459
ck_2a6d43b9f883b78e,0.816153044752696
ck_7a4e3d553e8ab5b7,0.5169634123690797
ck_fdf89dc69f700f84,0.060757022368000166
ck_f92e04024bf13558,0.002231262050341657
ck_4a522ca2dc4831a0,0.0036160379959117943
ck_68ba25dc3385fea1,0.04417468206344698
ck_22128a4f0d033422,0.012215545035312466
ck_5b52ee0a13c71590,0.0064340980704216625
ck_59472d17debedafc,0.00986857048242543
ck_9dde2c63acda3ba3,0.017210525811452493
ck_7510b1023cd08531,0.016699502068924003
ck_071ddaaf2e4e3671,0.00521118959575736
ck_1355db6f4010232a,0.016163990013178288
ck_0a7adc2f27f98510,0.06858768341737295
ck_68250033717cd59e,0.007125481909321567
ck_7c12de74de30b788,0.473111326407002
ck_65491367584c730c,0.015679025068888026
ck_e9047964952bee70,0.026239335241563234
ck_5567779d6ba184eb,0.011356968392245847
ck_d6ea026357ec6477,0.011304428483331661
ck_cd7dcc884e283746,0.010711265454413938
ck_0bd77fea8ed75a15,0.04072076255375475
ck_e80883208e8d0453,0.008467014170050894
ck_2ad0ecbacd5acf8e,0.9448783227648694
ck_6c1dbee7e8fdd5c8,0.07577409891801505
ck_ee4d9a7449515908,0.0027780636872428337
ck_636111f7f030496c,0.005815997150802032
ck_2c629c657f73941f,0.015533010742109558
ck_c1c9d3842d758420,0.04997323890704952
ck_e4df7faacdfe8c40,0.010855590878383546
ck_94e8142728e44380,0.031829127096364714
ck_765aaf42c5088545,0.01709013595382761
ck_e0f845159b6e6a4a,0.007712104238746823
ck_5bc07deb82edbad7,0.0041088372724568814
ck_713159c5c6a7a4d0,0.977773486503646
ck_b08afc91d9ca55db,0.009750762380965014
ck_a7bc323ffed2ea97,0.47976694730179065
ck_85ca825f905a34a1,0.008057840534858913
ck_33160c443d4b3f19,0.007208046048562039
ck_832d39c590a3ca75,0.9220852116284508
ck_7d1661a34164406e,0.9430213312327037
ck_c2466fc40fc9d5ed,0.9700108415390529
ck_ed0e776c0926ce67,0.010092629297142497
ck_cdd2ebeec75bfa69,0.7699643230677071
ck_d7877684c7923ec3,0.009677686149174098
ck_7384d4d2406aabf4,0.004552328087007327
ck_b8e5244e650aa81b,0.013013275816633932
ck_25a1ea40b2d59254,0.0032232094029355494
ck_b9e5b318ee4de68d,0.0063743743488411195
ck_620d7ae27af83cea,0.005479995922097959
ck_40b4e264d1a12b83,0.9140853921720028
ck_b694c803b62862b3,0.024061528997573797
ck_cbeca201dbade3e5,0.011014678185256768
ck_f9b439c9161c3e52,0.008124114505592226
ck_9880410fcd10a28e,0.0032288556807728796
ck_74928f5f91aa12b2,0.019437464555563604
ck_b6673bbe61d2680d,0.023098501872741904
ck_53c8315b5c30acb4,0.005052460907947453
ck_78f01d78ea79642f,0.017784400053058935
ck_8582490d6e365a63,0.009417545949936037
ck_af25c72d16299258,0.0067688397792649065
ck_7905fe8e257b0449,0.06761774525684573
ck_0d16d9349e4a9e08,0.0077312240168113345
ck_31b16b8848584e98,0.021120527058804635
ck_67207e3eecc02d76,0.05915302223855663
ck_e6b95ff91116a592,0.0057431259675233826
ck_c08f622bcd6de6e7,0.03370657496364832
ck_f9a68da9e0f0bc85,0.010776751004632237
ck_4072b59388976896,0.008206272862726256
ck_8ec86e853ad52828,0.05886687663565957
ck_4fecb87eaffd5cb5,0.00986307532171536
ck_d6880578428b965e,0.0830370699309069
ck_bfc82b3c1c9f2897,0.8535327785551983
ck_c340644176ca03e7,0.009962975208577318
ck_321e740066fb05c3,0.4974147659945878
ck_8929d2eb09872052,0.03767833560909977
ck_205c107cec528414,0.7282522031866254
ck_e76db7d2562f9836,0.0059820431289755146
ck_9ede51c8434cff6e,0.015808671780667423
ck_492e4b89c61b7b6c,0.019035156573489042
ck_9385f5a1eeebefcd,0.02212562611496997
ck_ee52c7bf88f952ab,0.005046247392143274
ck_d8116c34302021d7,0.0020873617624642413
ck_01645ea51972e99a,0.010728998672356896
ck_7b45ed23304a854b,0.009846328749360195
ck_2096d32f3d497ea1,0.07167978952996876
ck_dfbb2056f1ef7d3b,0.005986442835569923
ck_938ce30c864bc7df,0.0031854550125184388
ck_ff30dda2c881a4bd,0.8794085655855461
ck_f88c79186a082beb,0.19855615142047003
ck_08c7bb0f9851cb76,0.050180976839221736
ck_2675e7a008e584a7,0.11533219468621954
ck_cbaf8a954281d4e3,0.9226777118745337
ck_8b24eadf6c72b30c,0.8645224256142419
ck_ffc8e3c1377d0706,0.0038586691046293294
ck_5b59e859bed5b40e,0.019971163450788487
ck_7b61717f172f9317,0.9379405812022753
ck_e5c30947b732f661,0.04693264268369786
ck_bc273f3ce79f7e1a,0.003925740393854689
ck_f69e93388b3028cb,0.09293833266493888
ck_3837ad850996ba60,0.009532333518845708
ck_36d78ff3bc033ee5,0.020894439108055225
ck_5e20953547ba4135,0.042004150605256446
ck_258d661e450ac870,0.006204290070374404
ck_1df66f537496ca59,0.11284177463407304
ck_361f535599110201,0.010953146650407461
ck_337e98c69f6e7886,0.013757372466724352
ck_d3d5b2717cfc3913,0.030670622104219652
ck_b1dba768dbe7affe,0.028953389439703037
ck_92d782bd9ce0d1e3,0.005379414861405999
ck_26bd0f8898afc8ba,0.003845272392768881
ck_7916e53daab36745,0.06744481879656368
ck_2caf553b31831a50,0.003360316298620663
ck_c6200734c7f9b2f9,0.9590854406813841
ck_cdc55623cb16e6a9,0.0038683289070669488
ck_57849e15b61c43b4,0.00351224839381983
ck_b7af9b2ee0eebbc6,0.027291561547719567
ck_00aa5fc3b3bc66aa,0.02192012141420259
ck_9929723f65636c7f,0.9740958645084588
ck_8f6cce9f69912983,0.007105705228021596
ck_c422ba389ff00781,0.003691064559688608
ck_9ec7f334604a228f,0.037606099464184826
ck_5d01200ba3341462,0.007377784577419303
ck_2bf10be403849c9a,0.006435093370425289
ck_6ca018259f70858f,0.006005247509617851
ck_a54dc042ebb7c766,0.012617888376188121
ck_79da63fc100830b5,0.007480001723688834
ck_67ab6f9e05c85085,0.00937136420319519
ck_fa80da579ea9afc0,0.009429168513005803
ck_4339f86c87289222,0.8661092716116803
ck_a2299b4f530be0d6,0.03229808484670692
ck_19db0bf788697c2b,0.009935422462393206
ck_fa4211c4d826d830,0.0027807551816958756
ck_96100d5e8e051e91,0.0035064472021447877
ck_5c3a671883d58b3f,0.0029039583652935483
ck_2d9524787cfe1ab3,0.8446229484009559
ck_47ab8e51e5b3a2d8,0.004294923971728285
ck_c924f36bc1bbbaa3,0.01606619357157587
ck_5c58e7f8fd55e26c,0.007706815546620391
ck_a07e7409d6d5aa06,0.03555098201099129
ck_c8413898f5f7cb7d,0.015116816505142058
ck_577c816b41cab002,0.8432394114082484
ck_9f7807ed64cdb728,0.09020393135333243
ck_495d814d6d6d521e,0.004707562900285862
ck_7aa8bc018c2b003b,0.003220797062715211
ck_7c3a6a82f3c3241d,0.010916661128111564
ck_487f7fbc290e4ae2,0.0022799922122329038
ck_e556c4d36aadbe03,0.002529315842868551
ck_7e6569a1b2455cb0,0.004043708293002576
ck_de2924955926d046,0.012378678704722614
ck_73d60b4630e3937a,0.004615046198403269
ck_805ee564bd35ef15,0.015639266783804097
ck_0d40961e47797027,0.003279243570373472
ck_f06d00a4f9c87d80,0.0031189100556588264
ck_5ef50fb07b6737d5,0.019116410861718773
ck_16541fc15683e21c,0.012205092888965284
ck_09fd43f1b7e2eca2,0.00326264637092741
ck_2a2c336a69b8d68d,0.01576305134798857
ck_2685f38930866af0,0.009907779450255918
ck_298278a9da874437,0.007831685235235444
ck_00bd7803f2530c68,0.008910893603130438
ck_c2b4a1d8c0b6c1cd,0.0036125461966017417
ck_2acb54ca20c3af6c,0.014672649144309935
ck_e3d4b6f681c783ab,0.06309678450645878
ck_f90293f1eba5d7b6,0.023920223677686814
ck_e69d27e8965df0be,0.003802935861019011
ck_b7f5d10b427346ad,0.0038453618434344
ck_1ce20e4223a936b1,0.010513308879431875
ck_6b97d1ab90f6bdeb,0.05040520151449157
ck_e30e17db5473c7b2,0.016666156781069693
ck_154c8efb19dee665,0.008468621264923046
ck_6f5bb0c930644cae,0.9612852206828357
ck_9e17699baa83d173,0.006598901236698304
ck_9693b1eb70880205,0.008199672939983383
ck_1e97899875bb427b,0.006558392501221916
ck_558a82590f65df69,0.00302885921081703
ck_18df83242ff3cdbb,0.7318462599234189
ck_80ad4396e1084c68,0.028275148602999546
ck_0a993bc947bab61f,0.02629240133799656
ck_5c2d43ff841632f9,0.003448077084374327
ck_6e4b99fb9725d9fa,0.016036510584973705
ck_e0983999ca26c19e,0.016958985059337416
ck_6573c4947cc8607e,0.050133708377737916
ck_d879d645d6e44207,0.004141488773748774
ck_1375ad9f10688e4a,0.005714783674587979
ck_7501ebbf4e21f160,0.012979808984531192
ck_ca60d61cd4dc3bea,0.0026505226673073203
ck_ab9ea095a5c58b4b,0.008326392569862026
ck_23756522b58df5d8,0.0028390941805179542
ck_90bc176c43d85fd5,0.25251161746343653
ck_908b663b2dda94ad,0.032025419395845287
ck_4df2fb8e4b649e27,0.004753223726217676
ck_5615c6bbdef05291,0.07231734921143569
ck_b62f3e3185251f71,0.003132005694749379
ck_38d1a22850178f33,0.0032425607596099602
ck_5b3ba20c8bb1383b,0.011249011730814985
ck_5576ffc6aaf6f22c,0.002918655114263033
ck_cf7a022178165e56,0.0042006403077185315
ck_f2c7a4c50e2ede96,0.01645459935987257
ck_285719c77eadf915,0.0035849752260765184
ck_f2aa1b677619ab19,0.013107565296875123
ck_3830c58d841e9e69,0.25736182205659575
ck_32eba3510c8eac5e,0.01592591933313313
ck_8955d7b9030d5eb5,0.006793922790162688
ck_6775e387dace7525,0.010461402167128226
ck_0a0cd7f4be606a93,0.04339517676059218
ck_a9f700eee5d638df,0.009854981287717503
ck_3d7db96995745472,0.017230525973408788
ck_aeed557007d52e9c,0.0034096612643181325
ck_79b6a86830156b5a,0.011800462899340782
ck_6a1ff9d69466181c,0.9746009139899906
ck_f11b1565f986f5e3,0.012613198067384812
ck_4819327a78615485,0.02216690014181526
ck_3ed9e081959b2f5c,0.0052231347927624554
ck_16af4be191c47d3d,0.0035403733629690917
ck_25122cc0e8b1a662,0.01848706891104495
ck_509c22828d467ba3,0.018559242250594563
ck_31109c899336348d,0.295428936230291
ck_c51131e53baa59c7,0.003600632993040745
ck_cf8ecabbc61d3e11,0.0032860374705669278
ck_eb6baff0f85ba936,0.010187248005463136
ck_777669e2243204f2,0.8668245144408917
ck_ac0ea27e692acdc9,0.005628360035364403
ck_4c6ea04ce8ca9e2c,0.00405236340353383
ck_ca54b32fca7e94cd,0.0050885686732146575
ck_4dfd8947f540eb24,0.009306027608616462
ck_95aff1fe27fb24bb,0.01008578430021852
ck_c7550723b90e5615,0.006617994207001587
ck_57b3fee69bdf85e8,0.003717669153672739
ck_f823407ace7ff064,0.03641287996648793
ck_a69084a068bcc8aa,0.011480548980651303
ck_c7b17f7b24bef5d7,0.018190482088051713
ck_7c4e588f927c27c8,0.01585032378926814
ck_77fdac602d0c6f95,0.033954283691378
ck_e963d8525018d072,0.01589589117144164
ck_6e8ebaea8f7bffaf,0.004157514353596762
ck_aa42976a31cb7770,0.012441184731880557
ck_22c862a496008c96,0.9690702890918852
ck_527550dd15f38782,0.01268925673019344
ck_b3ab3c210e2c7c19,0.023079628740556437
ck_ed9c56fdb9f45ddc,0.24724396621063968
ck_b53281da70defcfa,0.009575099689518743
ck_03009b721568ee98,0.018013256761521056
ck_3d9afd862b3f4053,0.6577602320360633
ck_ad3c4be96599554a,0.008684958841326463
ck_d1c787c27d50af49,0.03540064128634794
ck_c7a9c7b2eef46a99,0.011113227453321791
ck_53036d3c6c74446c,0.030628804796002235
ck_1b1efbd9c0964c8d,0.016921384051467207
ck_d66f42a269d5c1ed,0.02206565195461107
ck_fefc49a2b8ad993e,0.01588663112381635
ck_8b3b874249adece9,0.024797547359449244
ck_193d9c87ad3f1dad,0.00368092145755749
ck_0c6a50d747593b7b,0.004201904007081703
ck_c830f3830875b47a,0.013721161915376473
ck_79e202f06d8dfe42,0.19204748248296688
ck_5c0fe988b8aa7fcb,0.0852025410564469
ck_a8382d8345f21e1e,0.002609030706365249
ck_8cb20053914692d0,0.029738776431444913
ck_1da2f69023ca4c13,0.003471232017650121
ck_38abb60995114f8f,0.007705530738142408
ck_f5791fd8fd8fd191,0.02253152830360915
ck_a4e6fc391b674335,0.29008201774367004
ck_bd771efb4a7e15d0,0.007548563685585236
ck_38ba4a6b6a292054,0.04831513742235179
ck_f7a07283345a0dce,0.003692598822247332
ck_87dc484baaf5a23a,0.0032399391814680336
ck_c84ef83489badbfd,0.017422977502893493
ck_a397cd64ec5d644b,0.007977853389301069
ck_7977135c2ff61e92,0.010906844225505304
ck_52174855b243a8b0,0.03166024949881532
ck_0f35e930d0614613,0.9697398789531618
ck_b170a7db522a0d6f,0.02073310526322151
ck_7af748a23775bd54,0.21817136361063544
ck_52f641c9ee6fda70,0.0025027211924264305
ck_c3719a30414bbb4d,0.2587261705206236
ck_2baf214ad6bc0dbf,0.04559456146231119
ck_8b39d8aacfdd72b4,0.009374724258729948
ck_d39b0152116203be,0.005070558614500517
ck_ed33f8a937f9c7c8,0.008588516677294772
ck_8ef97b55a5fd6ec9,0.0027644237222752264
ck_8247f008a14bd1a2,0.0028904961014383163
ck_f0d349d68249d5db,0.0028431808619652026
ck_a544e766540861fc,0.3158198005874902
ck_9dfaca4c7c80b10d,0.03198859045521256
ck_7e5401c362b2216a,0.003258811042704142
ck_64ff60c073fdb6db,0.00974176489636799
ck_fc5ea49518e5d637,0.0044008632303939015
ck_580f136ced341298,0.008163069927391898
ck_9cbef9bc95449dca,0.015033584706488861
ck_e475a3b8ba870a7e,0.010435225922390249
ck_97e94708bcf43563,0.010124395217821018
ck_13f03ec785cbdae1,0.0026392004971835413
ck_152820d8817f478c,0.008015552143930361
ck_d20d4ba60eec9945,0.007745621038155312
ck_5c45968a805132e0,0.017526965187756215
ck_bebea2cf3063fb24,0.006121116857045878
ck_c3c69aefe7ea1d2f,0.02451133444601155
ck_02028b72f26fe855,0.026922206965386903
ck_dfadff70a58a9133,0.0036187990628871263
ck_6482ed4491bedcaf,0.0037629886448025487
ck_754cd7b4a5ae3f94,0.028274957933273986
ck_3132857aec8485bc,0.002726174043441789
ck_7ce4ca91b8f9f1c1,0.015167902752430518
ck_41938582f4351772,0.004745463526241472
ck_f87d66946252476c,0.17648780669561998
ck_8053f1879a9b4e43,0.011922347981771077
ck_93892e91387f5103,0.006220603519421714
ck_15254db133b28371,0.00944770690099428
ck_d557b9feb241b3ec,0.0037156522062183313
ck_71c3a8e4c12c989f,0.009322505851876635
ck_80e3041811033443,0.013395571523461675
ck_3380d60067b4634b,0.002614753136903023
ck_a9c2cdc758df8510,0.0385837139282032
ck_3c0031d7514da17b,0.007093381580854818
ck_18d214b1418be39d,0.0037293083117236683
ck_7ce768407fd48321,0.01479200640419046
ck_7a50abd42298133b,0.007206957027968556
ck_2db10f987d137582,0.01220702251132017
ck_e077d004cd1d80ae,0.01532500068000556
ck_1cb6dc67f9a321b5,0.007072348413058066
ck_b864f64101149c35,0.8038895059788663
ck_9bedf54df9418e4a,0.0029162067823778025
ck_c47e32c47f0e6578,0.21672894830134642
ck_71f382d5e338daa3,0.019229482061853733
ck_14b4bf7be6ac2b61,0.023053994302226984
ck_5c87eea1cc07cc92,0.017305187987564162
ck_5f445182829ef342,0.017306503560296144
ck_a5d7311291caaa54,0.003768683127833071
ck_b7df99aecef385e6,0.04135168940538859
ck_3327a0582407068b,0.009044658261945048
ck_08dba09fd7dab896,0.015167856689206513
ck_f4ec334be5266378,0.006910686941923561
ck_240f7f894c5a86e7,0.0031777065494255517
ck_a9d994554fc14a02,0.0035304956006939905
ck_13648cbd306eee6d,0.006688107643375017
ck_601edf9105b3c321,0.9665008714264431
ck_9527adac182abe57,0.8143060821540973
ck_4e0e80f5cc271bf7,0.002414822820130161
ck_96a89e720176b389,0.03434413337302504
ck_63560eec94b76d2f,0.012096931666429812
ck_c9c99e5b19aeced8,0.005041298539720412
ck_bc32655ee5ed643e,0.006124763135408685
ck_edccb5a93b741744,0.007597325719053895
ck_f786cbc987b70930,0.0032939838273076233
ck_0e8f26536ccc8947,0.01887456601849228
ck_b87ef4b98cfcec4c,0.011926287592274746
ck_1a9235812de4b2c1,0.014618615351742284
ck_d1ed88ea4211ba4d,0.0028337607760569776
ck_a4ddac49657a4450,0.009957269478254132
ck_d9ffca35188e49d8,0.04589913113060383
ck_3db73bbe03c3d240,0.003083690065262537
ck_fffa0622344a36ab,0.004054797519461705
ck_148c28df51bba5e9,0.9671552621009297
ck_076cbc25c8f15fc3,0.6933997682485858
ck_e5ca550b39ed45bf,0.8097516916463741
ck_8dacf3a2061ca17d,0.02093420047497848
ck_2d7394afd61643d0,0.002707180696955352
ck_e42206e91f6a1752,0.0040259542684655016
ck_2f4f94827984c426,0.0031626966046833364
ck_edfe8e90e8f4366e,0.01024844158826164
ck_646b15f753e5e9c6,0.013981224964061439
ck_66600620149c8799,0.002915172645090696
ck_4ff6fc70bccfba96,0.7684121178141983
ck_41af3729590c2484,0.008992653751428029
ck_920a48ba8c583e96,0.006417044348311929
ck_0253b3e7be021306,0.0074076333097928505
ck_2ae6949246ea2648,0.008557868518277379
ck_db23a5100f338d72,0.011062176871332222
ck_fcb2a559474c3493,0.03522269331038196
ck_0a4d7acd2a53cbbd,0.007307713915371416
ck_c5d62b2b7a6f3bac,0.9565243545709722
ck_cf59f4fc0ea690b2,0.003050482743095717
ck_837be8126bb19250,0.0026772133490891676
ck_58955542edee1adc,0.007346385577257175
ck_1b93381d8eea58d1,0.010441048143797049
ck_97b8e05d62abdc14,0.03887540905026712
ck_71a0d645744302a3,0.0040064514256560445
ck_a7b57882ab66b111,0.0035745985418094935
ck_65f76421be648549,0.00674429358739493
ck_b53ea8713d32ca7c,0.02423126709019613
ck_991c4c924a1d85ff,0.9429977457662101
ck_8432ccec1a4ec7fd,0.9407303261944204
ck_64c1633297f43788,0.00529113855915126
ck_4291fd9c1161d8e1,0.023692011766240483
ck_5e98ed6391d9f429,0.01449906524930877
ck_c7baebe4549fdbb4,0.04151324564366556
ck_6e67225ba59fa5ae,0.021782789094136373
ck_719602def4d35fe0,0.012044543191099032
ck_bdee7c86f5ebe81f,0.010565593181287844
ck_8de38f8c7f91961f,0.023368896662809686
ck_b0b5bf9254700402,0.0055051823099584165
ck_7b55d9bb1a250d4f,0.020905924288277245
ck_3954b7b0fd1d6614,0.0029052425951620283
ck_f29471fe7c818d6a,0.003475038073040969
ck_9e65a8a2f587691a,0.008594961954423616
ck_eaec5f1a83b66eb0,0.2021027330780724
ck_004fe0daecbe2c1a,0.005014851994977325
ck_d17653a4a2d4a79e,0.007414649870439044
ck_0dd417fcbf19e424,0.010248624506489556
ck_4c99a6eadea143e2,0.06801656466722936
ck_74d602c907ee9119,0.0031169997281882455
ck_1aa87cb62acc0ac6,0.0136928919478043
ck_094974d75e29fb2f,0.015332933515629416
ck_5ef935ac3d4d3332,0.017892959309304048
ck_b26e4ae47c9107ed,0.8415279657628764
ck_396cea6f95186ad2,0.006258680871084016
ck_48446a9e8184c7d4,0.0074399603727355905
ck_31e1ede23247d56b,0.02433891555036096
ck_7afefa349b960a3e,0.005699846842669984
ck_f5e02a3432571b20,0.09371823718854458
ck_64eefec062592c43,0.016929107651882692
ck_a1201284122c141f,0.009146813265996855
ck_1b34c420a4c85a95,0.007419178564409969
ck_d637a011332ba67a,0.009510033939634536
ck_99c0004d8b7079f8,0.01239475384600773
ck_948517bad569b40f,0.018265976382808455
ck_a28d6b1601b472a6,0.013602821691913531
ck_a0b4209feb31f5c0,0.9774242890084718
ck_d6d2c1f6dfc455b6,0.37332652842822645
ck_3f9e6d356d3dd3cf,0.004551742647688825
ck_d08e00c842b75176,0.011745639184461577
ck_bfdd232a7c5f2660,0.014464919013246352
ck_2cdad03ed069438c,0.02379419760059432
ck_42317c3eabd0a285,0.768888103082103
ck_3eb73e56751c704d,0.022872624412990254
ck_ef33c04f4c9e3758,0.02251904711973715
ck_1dc23dc870f1773d,0.007145227939284582
ck_76091f357974a152,0.016952573053156207
ck_4d9eb75e8eee90fd,0.03936832528904958
ck_578f67e69e5d2cfd,0.009868479505621565
ck_3a8ce1cc724229b8,0.0030369635924455633
ck_a96887f841e80fc1,0.009030864311325318
ck_d2d4a8f4a9f2c33f,0.009192485693570982
ck_11f85bc705dbe036,0.03921141376765221
ck_7429b3f87528e335,0.006929014633631192
ck_26df74feac7ec51d,0.012889464676965343
ck_c78b2638fadd91ab,0.019061487586591663
ck_7eaad325abe3b50c,0.002942283722507758
ck_fd44e34af620e606,0.03060194540337931
ck_f99738dff854e25f,0.0031261326529088023
ck_1ffbce3a239bb264,0.009950750301119016
ck_96c7d52ba0a766ef,0.04775998921750181
ck_cb1c00c300af3f9e,0.0033322938692151053
ck_ec3d12848ced99f2,0.007689956003603289
ck_26cfd7c3c6c7bf69,0.04177039911226913
ck_7ae86b5a885affc3,0.03883247047186215
ck_3edaa94d28cd48ea,0.0037074071779089938
ck_3209c530c9812e39,0.00501519051480687
ck_ea62ebfc1f04b49a,0.008763773040754371
ck_5fc90b4668ea81bf,0.009430864132215413
ck_95654593cdebd141,0.0037280289590619757
ck_958c0bd61820147f,0.04035699672509261
ck_8440ef1386c07194,0.0077683379889513
ck_8cd1b68dd74b1375,0.08077119156093229
ck_c9eb4df91ff07f2c,0.141049995230078
ck_c29489366c01fe65,0.9361037655635072
ck_c965fd6bec0f0ecd,0.02328570081559402
ck_84c402b23766e1f2,0.017519094565495795
ck_181f3dae03b87136,0.03043995833268629
ck_022a8ae79eb28cf6,0.9773361051020327
ck_469c17407d17b706,0.004846205870574103
ck_1fcc5843f39148a9,0.00812235039265417
ck_5debd55f361b2ddf,0.0029599476529815157
ck_28cb9b03e89263f1,0.004707453751682408
ck_f067470743d3c7a2,0.009758903005099726
ck_d5d225ce41a1a762,0.01720637018966372
ck_15b4840922195ffd,0.012262609290220963
ck_6bcfa37c717f19f1,0.03743145556927122
ck_8d501a0386c66be8,0.06261160784539752
ck_1a9d6190c57ea7e2,0.24044230934996422
ck_c49832eabdac5bb7,0.0023406570237447396
ck_b4331140b2e0d4aa,0.0037479329932577597
ck_5efbea1befdefe1b,0.10316424338034103
ck_72ff52c4824072ce,0.01160900896910235
ck_ec3715add8bbb6e9,0.004801164457583681
ck_9822f8ed05335741,0.006418323521645133
ck_c3d7d3d12a1981a3,0.006899589902685799
ck_a115a7919ac5875a,0.020307470755836544
ck_4dd4ed23e0b927b7,0.2692008148649354
ck_4c76efcc1ee6762d,0.08239479150260079
ck_3ad6e7bf452c9b21,0.023660393833789217
ck_dcbab304b55a42c7,0.012852073697313412
ck_24b53090faf722cf,0.007511370032351408
ck_187317383400491d,0.006320064068578425
ck_e07fd57565c94c28,0.01888373087902994
ck_740e760fdcd27835,0.0039211414250319866
ck_d3796aebda1cfed5,0.8376702080230183
ck_e541967c681cb929,0.00950712452071889
ck_431118050b834dcb,0.0052055018629908415
ck_90f3655f0c8a0074,0.003109584730065417
ck_13cd943777651aac,0.006964874553212824
ck_66accecabf3901c0,0.0213110121980378
ck_937f0da2306b2eb9,0.009866377698104674
ck_105b0c93573fd5b7,0.06861358312099258
ck_00480407160e0743,0.0036097179159610337
ck_e032068be7b77d15,0.05591985393408212
ck_991b7dfd69098320,0.003735277023130601
ck_37d47cf0f34574a2,0.0033013642301913974
ck_011551a596544f5d,0.002655144386997511
ck_9acd98f4fe2d474e,0.02048832788511738
ck_7c88d3d377bb61bb,0.021884246484402046
ck_e2374c7136c964fd,0.019303978163533082
ck_2fa8f2577116e9ca,0.01236772855348769
ck_d07c5b0321c685ea,0.022012626963008108
ck_bc736114a31088a7,0.012112992123449457
ck_32bb42f9bff197f8,0.010609098940002858
ck_66267bbad1f1415f,0.9559831302489478
ck_19988702ccd79201,0.007705914653106639
ck_f473a03fbcdbc4b0,0.0034945002316013377
ck_e3f1d85fa5d49396,0.008346959378497007
ck_c4402ea6291df271,0.023119671351998022
ck_243bd5ca8c4ae5d0,0.026383912862644125
ck_f271e855925e8d6b,0.10900686733764268
ck_e424148c6f2223df,0.0051114413144271575
ck_e4d0a9e1102a58b5,0.0099629264996242
ck_91c2a5fe69b9b1d1,0.016712975527452302
ck_5fd8924732fe403e,0.7753860436642186
ck_9a881d5433126ada,0.007868422796955077
ck_73cab88b29c7845d,0.15382183137718106
ck_5b5dea6476d4e182,0.011069528912696672
ck_ccccb17d2ca6ce94,0.04888958252053076
ck_cd1dc68e441222b1,0.7006633686526207
ck_8312c49b1431a406,0.03631774626303379
ck_25fea39897f2a559,0.006637424871910313
ck_f56200205280bddf,0.014088319747848651
ck_7336611650dcc088,0.002769261262594623
ck_590716322ff147ae,0.014819545918810231
ck_c82364d87875a1a1,0.012982056502932349
ck_fa4b60387d744fc5,0.0034462197133789093
ck_d841eba8906e9a15,0.006056246518508867
ck_d6df562a79b9d0d9,0.007750061349167653
ck_59a14d2564193101,0.0037026742405126137
ck_8530158e3d7f59e7,0.009107099975003505
ck_ac68d707006c12a8,0.008918496597829947
ck_976fac1bb3dd8c58,0.012811553969776207
ck_f854fba8f4adae3d,0.05830019898880505
ck_b98e9c3ec6e7d1e7,0.010602574169961822
ck_803c0b4cf9d4bc1d,0.014581721186038038
ck_76997a33c3ea5107,0.004126239474165255
ck_f1a9d832b700bda1,0.9565140215864053
ck_2bd96ddb8c323d63,0.9746115278155802
ck_9e5b7acf51b1b743,0.016766050177277118
ck_09169f22194fd6aa,0.04973113849672804
ck_6d69e092f9b0848b,0.005462842244748605
ck_9f83fa5a2d3b9049,0.012377397079308506
ck_57bbb19eecb4b87c,0.007847101289206022
ck_e0e9cfabb979f428,0.007999045476279588
ck_b1ff9edc51d42f97,0.003309024645536249
ck_4682fad271d47eb0,0.902264102281699
ck_ab33fb754c818ae3,0.012461423904038708
ck_b456f62b80e21557,0.0029674811025874924
ck_16340be3f2a7fffd,0.004018422937158666
ck_ce66831f6611014c,0.011583236996772505
ck_4610a073bb54d1b1,0.26837529926031356
ck_fd038a7d33a9d6e5,0.0036073076086979476
ck_c8198cb4c461304f,0.012053976415698301
ck_1e7de58822000dea,0.003286766442897747
ck_b2a79dd3df560f14,0.02969047675164533
ck_74a06f347b32347f,0.010585852746219116
ck_c6fdb2972417c9bd,0.014237985182905732
ck_d7607a213b800bfb,0.010591374166376321
ck_df65967b8b40319c,0.003351727518091189
ck_329a73dbd585ee09,0.0032983624690953624
ck_74991a9e85c3b07d,0.024154125499421666
ck_bb76609b79e0bc9f,0.005836506451337953
ck_f7fc1bd0b9ab1fa4,0.017305402565009963
ck_d111c98b36bdb791,0.010272798319801999
ck_f07e27d125497b66,0.03910154590825677
ck_093e3a7134e11d6b,0.010075086679357035
ck_862c7953bdea48b0,0.012164388099855258
ck_392cf2cdd515c34d,0.009433966594061153
ck_80eb91b0b4001084,0.023091657496574703
ck_5923f53b77193a58,0.04061042201822063
ck_8049f5fce32be185,0.7909023684445899
ck_ebc5a2c6cf88e252,0.03417288769362111
ck_9ea5872f14cce338,0.01075918302600419
ck_f7fbc95ebf584379,0.007125311523565296
ck_bafe82c870356706,0.9667583217995339
ck_278b36c5932d9bff,0.006430589883015087
ck_6a892dd5d05c1649,0.01967348312802616
ck_0734fd90b2cabd43,0.008052166861223769
ck_9b552204498b6762,0.011765076037001672
ck_f6c909c205767956,0.01553592868648882
ck_32f590e87bc3d715,0.003446469516384579
ck_66a8325f28be7562,0.016556324833092755
ck_b129261da9c3c3c9,0.006709617805401508
ck_a524071c51ddde20,0.009915292064433121
ck_ba576d6d4cb6130b,0.06904752191882899
ck_8d8226520722af78,0.026294159920298255
ck_c5b0f0d4f1655a20,0.011436401099323184
ck_61814ae9b6d8eab1,0.008289677980247842
ck_382ebf136f7fa337,0.4847003403509664
ck_423ff4ede6a9f066,0.017250852928929743
ck_546ad962d04b7de4,0.9748468384479139
ck_9473ea4a01c95f9a,0.040570621053166014
ck_9eb1da8cd35a50ce,0.005466786182335493
ck_de5eaa2cdbcb67ff,0.049355016319116325
ck_537cc97d0398c922,0.03313866992227711
ck_998475a2e4dfad4e,0.003080574728565428
ck_e62eb708d2688fae,0.008728730631364144
ck_ea623358f704daa7,0.07069277481867194
ck_b911a09f328dfd4b,0.009687468944415356
ck_4b3506b624e5193c,0.0075367635627581935
ck_448456f96788713b,0.014021856982643405
ck_5d5ef9e75f65d076,0.0600758881612923
ck_3b74512f774a6e5a,0.0026014604590584673
ck_a032e8ac1507c6df,0.8312249323293133
ck_7e2d6b22a0ae20c2,0.04367357642139893
ck_d80283209c963f11,0.007883122116586845
ck_d1157eade2ac3975,0.0115770165139581
ck_be48f583f79427f7,0.0034366790182496247
ck_0027b5d4107d65d8,0.01709174090167616
ck_94fff69584dd3b2a,0.016221739027775326
ck_75fcda73f0b43557,0.01007480517954756
ck_a1c78972e4ee4082,0.011919914593295913
ck_f0982bbdbd122f91,0.008379542389545937
ck_3199b471575aeb3a,0.009257623331489788
ck_7fa947a0b1c1cf74,0.27785117706404605
ck_a60c618b7f0e4252,0.011105422732729391
ck_722ac47c8ac9b6c3,0.42074792736063726
ck_d44dc3839a195c8a,0.09433828653606927
ck_a2c3e82fab520483,0.03176318539408214
ck_6f8ae0319c07cafe,0.004985017718567021
ck_49886ff1e2c759d6,0.010426178424261311
ck_150a1108f936e6b0,0.005045439982420294
ck_e21f9f96f597695b,0.005806672627661089
ck_7297bff2b7fdcbc8,0.006031860166549644
ck_ee949c71f4f702eb,0.9176536840541811
ck_6fc37dea4b4f35c6,0.0680464862878479
ck_e76257caa98dc25d,0.8855392836946384
ck_828eef2334e17b3a,0.021238904693552756
ck_604e1b8a8c693aa7,0.010603945905101577
ck_7743c9fe037d1f9e,0.021568262630272606
ck_864a11202e19e812,0.03334250784675148
ck_4ec040b9e3785e4a,0.004853252549840976
ck_7346e4f820d9c00a,0.9110077932831293
ck_48d4d63beb26b623,0.005909205189587178
ck_c423aa6de3ed1e01,0.013967059626273978
ck_d74b2ead8aaa3f73,0.011195887848376034
ck_1dd69a11daa7bf1a,0.0074284726264794545
ck_d9143e236eef177f,0.014024121936670783
ck_f790d91e5ff0eccd,0.38474258487705176
ck_69b5620e00ef5dec,0.0027280625635361247
ck_cd32e58e8a1c0e85,0.01074045617883847
ck_064013b0957d87a5,0.9808131299361632
ck_a481385c2e60dc4a,0.003966555344729525
ck_d72035cb29db3aa4,0.011467581562116486
ck_3759939a0205306d,0.009927273873238591
ck_f437a53fc832ec95,0.8228753428212002
ck_260ef2f3e6434819,0.017406142034179187
ck_35e411b05d22f663,0.01110925144379652
ck_8bf46e472f3e20de,0.04628176731668947
ck_d546994fc5d3e9d1,0.01136100810777591
ck_6ff0fc7487e737e7,0.08119268298199868
ck_5c67f27816ae0b6f,0.021495631437245623
ck_c5517923458106ae,0.009804115199978638
ck_d9735647a6b0b0a7,0.3393126306611484
ck_541a734fc457246f,0.028527034621541075
ck_2f6a639468f41043,0.004847635824627541
ck_bea2cf7a6b7bb900,0.01393480743701774
ck_7eebd0e6ad6c070e,0.008496992595635156
ck_b64c87d5e3b10e6a,0.8199484520214391
ck_9dd7daacb7833233,0.029473594392850445
ck_396e9ea9a6c6d7d9,0.022317165007088715
ck_1645e6cc53fa99ff,0.01518559202958723
ck_ea2a83ccb8d57490,0.0031202054041740016
ck_e64f0df63e1be595,0.011790097346910593
ck_fa0b234481cb57d3,0.0066343896810375
ck_63379e3c9fe6f711,0.03093911822306188
ck_c67f7944896a0310,0.01608567355631314
ck_c10e54c9db29e6ef,0.971339013866219
ck_7184ad7709ae4c80,0.011187109747464043
ck_f8b6069d7577fde6,0.007001837207311079
ck_18444be153bac1ca,0.7807846552213349
ck_d0982b4e0e118e4d,0.01450578634460543
ck_6faf3e6820398866,0.04353914986829251
ck_97e980463aca4644,0.0037975285865176718
ck_630c835243c66b19,0.8987182857771527
ck_fe429ba3e1aa0e4f,0.016313906817747265
ck_1058129ed7b48c59,0.02545699483485763
ck_04a1a46f07885296,0.04086234308148346
ck_f01e94331067edf6,0.013188348019004587
ck_77b2fb17c29f5e72,0.013051721856646669
ck_4f0c5857da45fb28,0.049846064375042465
ck_2cfb9a7775e8a5bc,0.940758118646037
ck_6846100e43659bf3,0.0030567919572892445
ck_f89719a854fe11d7,0.018780085970280035
ck_bf47375e41ca3bc0,0.0028059388703725366
ck_2770b0400a7bef08,0.11962522338799038
ck_2a09d142de1c77ff,0.017604140365983366
ck_857a1f5547b9ad68,0.029589305924856295
ck_185f15b1523bbcf4,0.0029643786736872095
ck_ab2aed614ec1cdf8,0.026859937146245565
ck_a9e7f3b2d5dfd97b,0.01564780853049235
ck_0eeb3d9b3e697edb,0.02231176183235358
ck_fa5830d81bc8ddc1,0.004197360568567367
ck_231ae0329ebc3220,0.007584517105038396
ck_1587763dd54688c9,0.0061765489605710945
ck_9f85fea4490c00cf,0.011110123720398709
ck_a2d709e7eb91e4af,0.026961521296507696
ck_43637d28c7216453,0.0028296106863845883
ck_f3ab5dd853d38252,0.0086744592070195
ck_4a1f0172d3bf4fd3,0.008172128118953504
ck_517620ca16505af0,0.008941536520155266
ck_9ae904fbef56065c,0.009773437950254293
ck_d5ef1f6e34bb35b8,0.018518793626666873
ck_ff42557857ae3aeb,0.004473388306568864
ck_ad9a18f58589faa7,0.0028461343449491493
ck_df1a6edaa3e6b271,0.007332582494415617
ck_99021fe7225b5a68,0.014079536238201868
ck_99e52c3c2530b69e,0.9552629307035693
ck_3a4811dc4a1a891d,0.004032437621888048
ck_ba3a6be026c87079,0.014324464655865305
ck_da6d1e5cf6aba6fd,0.07087192848915687
ck_ddc7c1f3d45fe6e6,0.009747762193732887
ck_e1b1e7a7e4a15b3e,0.005147993368011498
ck_8288f7f226e08b89,0.008734528655127359
ck_c4524993ec31dbe5,0.006863354606713279
ck_8b19bb5b23b6741c,0.0146656274480009
ck_d21b38231a8a9f4a,0.020089974049830914
ck_3f730318a9792292,0.008374649522715402
ck_a4db6e94a8f77f9d,0.04223662878977227
ck_a8cac8d480306839,0.0027116884912372786
ck_5472214011fbc2a7,0.008937246451302179
ck_7356f47dbbbe7904,0.005285656329235825
ck_16801e628e883d78,0.009735045748237922
ck_0dc1e536231c4860,0.010099636816234553
ck_7cd0634a6e60af83,0.019278851480495858
ck_ef6f8e048ae1bd4b,0.008237992811379827
ck_82f3f744209888ac,0.006868122230537066
ck_f33188c232a03526,0.06528260274113391
ck_4a59f4e10bf45d7f,0.004343301046141472
ck_d96c893721385e4e,0.0029553634442533415
ck_f65ab819373edb37,0.007398399368554303
ck_21cac21fc10b7768,0.005429649049882225
ck_139b54e6ccbdd7da,0.06628416341828819
ck_d6f5c8741697abb3,0.010197215238172463
ck_a28d9bb5590d458f,0.016294628872303006
ck_ed26d906883bea0a,0.0034238657450716254
ck_227602ad072b838b,0.002735616694539133
ck_39d5f6c17c745ab1,0.0025803687473313873
ck_744eade757ba69b5,0.03567647003374875
ck_c1295d97cdf35ec2,0.0058633155612459135
ck_69105f881da3c821,0.050670583974318006
ck_933789b55361d7c1,0.6995270297195721
ck_b667952253503174,0.003994386397947955
ck_7bf668e25abeeb05,0.00647585781222605
ck_91742711dfdffd56,0.030667510932306363
ck_af32a0660090dd68,0.027058777813466987
ck_2122f201e65f76ee,0.0101693070632011
ck_f48acb73a5d6af07,0.03220644344879818
ck_337c5684510cf432,0.01365332109602078
ck_f7bde7265053364d,0.014127696952056651
ck_c190c7b924edba75,0.11683455172125332
ck_044fa3b3a003f0b5,0.011495216143461495
ck_87eb43e3b9d96169,0.03468106560888703
ck_2d3d6c9364362017,0.003467206813771605
ck_ac55dc6cbcdf8228,0.010120798633964201
ck_61d7b0568ec5d6cf,0.0412812374234938
ck_89c74feeaffa7d09,0.00304505955873087
ck_93776b0c113f41f0,0.04171273459879167
ck_15e0b679931f7a8d,0.009450567445560455
ck_77b56c49cfdb1d81,0.22418507026834159
ck_73188a826b5f499f,0.005239420274568587
ck_4f463ef25325ddfa,0.41394437621122926
ck_863db2e394dc47d1,0.8171830393376744
ck_d52432ed597f3cc9,0.004187882413788046
ck_04fb61e5739642f8,0.1914595710842155
ck_2e481d75d110c06d,0.15639855945063288
ck_3fa1a523d77cd619,0.014440779520544627
ck_466dc6274fecd708,0.0126958024055005
ck_e1790b3aa2241b10,0.6695755076643451
ck_84ad096a46e1a960,0.03187126206322967
ck_3be72c9c178fa00d,0.05849295779604109
ck_5a17c89219d1d9fe,0.009744553998427344
ck_4f639f4ee6ce8d9e,0.028879470899874776
ck_f4ec4a935e51b4db,0.01947750176998967
ck_f04040a830f92bac,0.009729295803828666
ck_3e4d02a04be2aaf8,0.05568028009267465
ck_4d1baef193cfb900,0.01187667245311685
ck_0fb3153d37626b75,0.003919995918023252
ck_88ec57a11b11f702,0.721657321736452
ck_dca9dc465f759db4,0.004555956909786534
ck_64f5fba6af67e024,0.023586093997477686
ck_896096cb167254ef,0.016701892814741638
ck_7878679065876b98,0.029518746507175526
ck_fe8e5a6c880ceb4e,0.007917057931702215
ck_a5e036327d3d1862,0.004312896119831168
ck_310f73940fc4cf4f,0.026640586388112307
ck_46a8db16ad00b749,0.012694840950519103
ck_0d33977c3de8cfaf,0.9773035960969129
ck_c6fff412f531db0f,0.0033964089038941853
ck_bac6dadf428eaea9,0.017883136707739625
ck_1b96d9af0d7da2d5,0.004950579381760224
ck_fa8a4a9e77799fcc,0.005840546196140448
ck_0bf48607a874b4d1,0.004141648991952167
ck_eeb75f8a6439f65e,0.00890311180458092
ck_a209a5f7d172125e,0.00773086094258805
ck_8f346b72fb40bf14,0.010485609590618986
ck_bccbf9fef367f00f,0.024554349208856824
ck_2d1548f1ee405cc9,0.008688718306764293
ck_e8298ff2dc1e9d50,0.0036423823283974486
ck_77c0fb524edb4a94,0.006986724747355927
ck_28ac4c5134cb8e77,0.028803328220359026
ck_db23a0e3e54be60c,0.8268202029798065
ck_a059d00cee5cee99,0.005693681446637671
ck_3e9e3bba8bd363af,0.00332402930183721
ck_0428728df24cdab4,0.016517751401287948
ck_88cd35378075c84f,0.0038384860968629963
ck_0174d76398d9dc0f,0.009903719475993302
ck_3f1287e6c27de0dc,0.004102961308034934
ck_ff822700f3605e06,0.9688940030179731
ck_4563227b2038ae07,0.0409479069712509
ck_788e78065526ee19,0.08218932861295669
ck_8a16eb584093b12f,0.002753312949446668
ck_cc276f71ab6c08fd,0.008869264504245461
ck_d61d97b21002f3e9,0.042938211338249634
ck_4b2e87d86a5e415c,0.01669157539443727
ck_3e6f35e4500d2f2a,0.0030667834285810058
ck_3acdb083e0d8ad61,0.0029951642395689014
ck_cd655202db489010,0.002319783230982145
ck_829cbf5ccda481ae,0.006429708600657111
ck_f5882e6f98b8b4cd,0.003868804813310027
ck_767947540b234add,0.012749268169434086
ck_a6e8e8f535b1f1d1,0.026593950095196845
ck_58412a2674fea506,0.016102620226249666
ck_fae7e518a585fa61,0.011222005414229463
ck_9c60ae6958d68dbd,0.1573404424115335
ck_328696b8f5e54ec6,0.025602749691946036
ck_7df3f8f4f1068d62,0.0034470774257604623
ck_cfadd21458230ef7,0.012402177232348594
ck_7048bedd554c703b,0.003737541247055696
ck_50422466f145bfd7,0.002579050787853052
ck_61e1f7168cd9ff25,0.010301063533879785
ck_733aff0f56f5b3c9,0.013013232819542423
ck_e14892e424180549,0.003690069706165068
ck_03f6664a96de7d0f,0.012520693596726046
ck_b7f4baa2cc82fe61,0.005125387787687702
ck_1e51199a075ca0fa,0.01403597921044728
ck_0e70516fa07cfb17,0.8081521422795779
ck_0f37c554a5057801,0.7232042986434717
ck_5576b725de38d106,0.04422711436587752
ck_82f360df1e9f4eb8,0.10480981506618384
ck_395f3bd4aacd7ca6,0.01035415386276656
ck_5e8e857b63966609,0.04252194400812749
ck_93470896f0804b6b,0.867953180673174
ck_3be854e42e76569a,0.007020146786628999
ck_0567302c57a2417e,0.056602827865032644
ck_ee535461b5f05539,0.8612232727920779
ck_94a096c36162a153,0.008739811630865471
ck_dfc8f5c141fd7c63,0.03120392466317034
ck_98b34f2d704c1c2a,0.011107447410609641
ck_96dff7a09d45f116,0.03310178709825909
ck_79557434c129ba52,0.007469493363285143
ck_4596624a7c01d501,0.009857825168191595
ck_04e89fbd739243fa,0.0029961762405451486
ck_6149ffaf18872dc8,0.007175260552377634
ck_cd78f0832a09bd8f,0.848115850403973
ck_7e29c10d781c3b41,0.03405324400082638
ck_1f7ee7b23fc6f2f4,0.0038767637864284463
ck_c49b685d2b3ab89a,0.006056246518508867
ck_84569a8fc50e73ac,0.017773326693095524
ck_b92b11d205af91eb,0.005414795477547
ck_06280e6d6d2485b0,0.010804964923546687
ck_3c08546dd0c92863,0.006234763529852282
ck_99d3983f907828bf,0.005243784147422155
ck_eccfd552aa652d3c,0.014855989788601387
ck_0cff8153881875ba,0.004510105167315785
ck_c1aebbeca6ab5ff9,0.012313715582356489
ck_538fdbbb3c2bcbbb,0.06806601568097642
ck_8c0210322733c718,0.00262439840464513
ck_0b0c93039f987abc,0.013172025117818975
ck_6d07d6d1bd227d37,0.04209719089585537
ck_9b6ee35e8cd0b11c,0.0038371948318934646
ck_d838491d3d4f5ecf,0.008404660746484192
ck_0593ae243a9ebee9,0.01103198186289851
ck_ef261fc09be8eb0b,0.0098492269633936
ck_d0935b571a4a3868,0.014458637735730473
ck_97d04a67a104af39,0.035211945656481995
ck_e25f70d0b7229420,0.006961742121759243
ck_9b71274ff83de482,0.9720415125423594
ck_6de2aa2bb60978d3,0.009326185073356962
ck_eda55c8fb47593d7,0.007920641850881673
ck_924e572517515f19,0.4099930112966737
ck_d6f27eacbad310f4,0.008906596763751789
ck_8550f229b5eb03ab,0.009068913948246942
ck_e3e95546a84d0ed8,0.008542719588628752
ck_3135c019696ee6af,0.9756617460999213
ck_41ba315d8fccb559,0.008167301856976814
ck_72b86e4485da2d0f,0.9402773104668178
ck_daaa995f3c2f0e47,0.024802803042705764
ck_053746067839696b,0.01502367953493505
ck_a15fe7d0f4b65c33,0.8078314249539431
ck_15de11438732bb05,0.011894564066979722
ck_2c4d25acbe3fabd9,0.009632239245031034
ck_7f08078908599bd2,0.016751597158857393
ck_e794741742fb2619,0.011022163997703099
ck_238e53b6dee8c301,0.003710396574316368
ck_53a6a33060d5c8b8,0.0064348123657914065
ck_0e0919292ad33472,0.820211465945887
ck_d86ccf148c06c8c8,0.017993781867006984
ck_c881f26c9bf9ae42,0.40037665409159595
ck_4b0947bf94e9d847,0.01853487742061045
ck_e10ff5c38bd18470,0.010628887651489321
ck_b60de9e97aad9e45,0.8436476171732638
ck_190bc849e5ff5401,0.022900230137771947
ck_e7be077aa0b2632c,0.003834087823746832
ck_a51abde881ebeff3,0.013627763845270483
ck_2208392a9f6bd249,0.012629833209953062
ck_0259da8f109017e9,0.01048965399590255
ck_05e01ab9c95449da,0.012006960613613022
ck_c82897ebffb6ae66,0.0037905801358766875
ck_b4a6bb4689cd7cfa,0.0068351510438369924
ck_9e21ea33018ce538,0.006826169657685381
ck_caa348f0e65db062,0.9444365950022597
ck_a964e6b5d8415334,0.2850871386381042
ck_510bfbbee37ff436,0.013248268022216935
ck_9741a82faf5c7889,0.028214708503560497
ck_e7f61b4a39ba98ac,0.00346417450189258
ck_069d158665a53909,0.009008997587706066
ck_6426427efe3228af,0.07488113848239457
ck_ab4a8d02ec3c0fd7,0.0025562698357895854
ck_aefa0d8d933e0eca,0.013045746262334647
ck_232325ef6bce92f1,0.00863143282552
ck_14e58c3fb26a2b4d,0.014543877316097676
ck_06e73afdec26aecc,0.02450108210681872
ck_3168f4f2778d64e1,0.006925637728727124
ck_ff3998d6858daa21,0.004960343839525463
ck_bccff46fb0868454,0.030512893878636205
ck_c7d444d90fa86d7c,0.7083343596473038
ck_f0bc3bdee6bfbb94,0.00959166579560845
ck_f7112818a6d81422,0.020622269868140863
ck_aca35dbcb835ad02,0.039515896069212
ck_f637fabf0f60528f,0.017212165575965433
ck_53d17ab97de1ac3e,0.003873364675090083
ck_c8c1bf16d9113493,0.009991315712488751
ck_e842fb0cf055a83b,0.1054638756405704
ck_93c0cb3dac4891fe,0.004295084386591977
ck_0c1f088e17e46daf,0.006687906305904365
ck_8f4b384955bf57c9,0.016586858158009525
ck_09cd5c4df1e81ac2,0.5804099476985263
ck_1e832a5b2342554f,0.011021963439417005
ck_2cb763a881aee27f,0.0029731906899523562
ck_5875828b11406398,0.015008482851072083
ck_48e84b0cb0b90fa7,0.010646014028598227
ck_833688de8629c5c0,0.0048015377159599335
ck_117d78ccd5820f36,0.02006469263117195
ck_668ec61c4c39cae3,0.0028783251161966306
ck_73a7794b659d7a34,0.007165897951391953
ck_10f90d879209734f,0.012499630428771327
ck_d1d079913aa158bf,0.005085217004783668
ck_01c631b38e8a9535,0.014236043666506154
ck_f6923088c17a04e2,0.04637759043035307
ck_b447badc9138987d,0.00237025868972142
ck_8b772caed8f1541c,0.0070436314912943635
ck_5403c76fe68a08ba,0.1946365986611065
ck_3e6833574edf1736,0.01828824939798421
ck_e527fbb9450a4581,0.7498212609464309
ck_cc90e219f1ebf390,0.015226753352423694
